model,seed,plant,scan,n_points,mIoU_global,IoU_c1_global,IoU_c2_global,J_IoU_c1_r1,J_IoU_c1_r10,J_IoU_c1_r2,J_IoU_c1_r5,J_IoU_c2_r1,J_IoU_c2_r10,J_IoU_c2_r2,J_IoU_c2_r5,J_band_share_r1,J_band_share_r10,J_band_share_r2,J_band_share_r5,J_hidden_gap_r1,J_hidden_gap_r10,J_hidden_gap_r2,J_hidden_gap_r5,J_mIoU_r1,J_mIoU_r10,J_mIoU_r2,J_mIoU_r5,O_IoU_c1_r1,O_IoU_c1_r10,O_IoU_c1_r2,O_IoU_c1_r5,O_IoU_c2_r1,O_IoU_c2_r10,O_IoU_c2_r2,O_IoU_c2_r5,O_band_share_r1,O_band_share_r10,O_band_share_r2,O_band_share_r5,O_hidden_gap_r1,O_hidden_gap_r10,O_hidden_gap_r2,O_hidden_gap_r5,O_mIoU_r1,O_mIoU_r10,O_mIoU_r2,O_mIoU_r5
semseg-ptv3-pheno4d-maize,0,Maize01,M01_0313_a,1554168,0.8937875002142056,0.8576641920851287,0.9299108083432825,0.5065244308981808,0.7494038673479612,0.5528269560251285,0.6541864837960403,0.0,0.6397336812874301,0.0,0.27302187415608964,0.008270019714728395,0.08313258283531767,0.017249743914428812,0.04058891960199927,0.6405252847651153,0.19921872589651002,0.6173740222016413,0.4301833212381406,0.2532622154490904,0.6945687743176956,0.2764134780125643,0.463604178976065,0.5143519114429141,0.707184423777669,0.5128949978744509,0.5351005958034712,0.0,0.6397336812874301,0.0,0.27302187415608964,0.004998816086806575,0.0359645804057219,0.009081386310875015,0.017505186054532072,0.6366115444927485,0.22032844768165605,0.6373400012769801,0.4897262652344252,0.2571759557214571,0.6734590525325496,0.25644749893722546,0.4040612349797804
semseg-ptv3-pheno4d-maize,0,Maize01,M01_0315_a,1301557,0.4594308600032124,0.48684891079469395,0.43201280921173096,0.5280927835051547,0.9095198296082607,0.6085348506401138,0.8004788985333733,0.016905071521456438,0.881640845512137,0.12053872053872054,0.6555312157721797,0.004201890504987488,0.06953517978851484,0.008962342794053583,0.0266388640681891,0.18693193248990686,-0.4361494775569864,0.09489407441379527,-0.2685741971495641,0.27249892751330557,0.8955803375601988,0.36453678558941716,0.7280050571527765,0.41531322505800466,0.8925215013954548,0.5539617486338798,0.74011844098609,0.016905071521456438,0.881640845512137,0.12053872053872054,0.6555312157721797,0.001003413603860607,0.02428860203586935,0.0023871409396591927,0.008337706300991812,0.24332171171348188,-0.42765031345058346,0.12218062541691227,-0.23839396837592242,0.21610914828973055,0.8870811734537959,0.33725023458630016,0.6978248283791348
semseg-ptv3-pheno4d-maize,0,Maize01,M01_0317_a,803846,0.7234992138441276,0.648478247042361,0.7985201806458943,0.4240246406570842,0.8222461538461538,0.5113029648983302,0.6976644295302014,0.013553329404832056,0.759915014164306,0.10963777490297542,0.4437149500752291,0.006264881581795518,0.08452862861791935,0.013090815902548498,0.03494450429559891,0.5047102288131695,-0.06758137016110233,0.41302884394347483,0.15280952404141246,0.21878898503095812,0.79108058400523,0.3104703699006528,0.5706896898027152,0.4095238095238095,0.8131802525832377,0.5088314005352363,0.6679457870672763,0.013553329404832056,0.759915014164306,0.10963777490297542,0.4437149500752291,0.003555407379025336,0.04310651542708429,0.007394451175971517,0.019272348186095346,0.5119606443798068,-0.06304841952964413,0.41426462612502174,0.16766884527287496,0.21153856946432079,0.7865476333737718,0.3092345877191059,0.5558303685712527
semseg-ptv3-pheno4d-maize,0,Maize01,M01_0319_a,860826,0.7714804124634536,0.7743497222838561,0.768611102643051,0.5315203955500618,0.9200528179581058,0.6951495350590601,0.8629416325174438,0.1462488129154796,0.9042284062161186,0.3853166986564299,0.7603544944836318,0.005468003986868426,0.07852225653035573,0.013205920824882148,0.03570756459493556,0.4325958082306829,-0.1406601996236586,0.23124729560570856,-0.040167651037084307,0.33888460423277067,0.9121406120871122,0.540233116857745,0.8116480635005379,0.635884973673552,0.9444327951352485,0.7569259962049336,0.8945315609328982,0.1462488129154796,0.9042284062161186,0.3853166986564299,0.7603544944836318,0.0030470733922999538,0.04223269278576623,0.007054851967761197,0.01947780387674164,0.38041351916893773,-0.15285018821222995,0.2003590650327718,-0.05596261524481139,0.3910668932945158,0.9243306006756835,0.5711213474306818,0.8274430277082649
semseg-ptv3-pheno4d-maize,0,Maize01,M01_0321_a,1114990,0.3232381744208909,0.32376216010727477,0.3227141887345071,0.5686900958466453,0.7415802862892509,0.6172429585527822,0.6711726443548094,0.16775777414075285,0.5865046977318022,0.15656565656565657,0.23354802576309158,0.0047874868832904335,0.0907174055372694,0.011964232863075006,0.03901380281437502,-0.044985760572808176,-0.34080431758963564,-0.06366613313832847,-0.12912216063805954,0.3682239349936991,0.6640424920105266,0.3869043075592194,0.45236033505895046,0.6985074626865672,0.8646924280727097,0.7236743838685586,0.7872508507535245,0.3366174055829228,0.7605453770771198,0.29523809523809524,0.41679160419790107,0.0013856626516829747,0.04260845388747881,0.00401976699342595,0.017002843074825785,-0.1943242597138541,-0.48938072815402384,-0.18621806513243605,-0.2787830530548219,0.517562434134745,0.8126189025749148,0.509456239553327,0.6020212274757129
semseg-ptv3-pheno4d-maize,0,Maize01,M01_0324_a,1214597,0.8508693900885189,0.8504766932810416,0.8512620868959964,0.6246101502693507,0.9568667647593698,0.7865504358655043,0.9272381206798678,0.5037745344740815,0.9083314619357736,0.662321063394683,0.8355010760737345,0.004475558559752741,0.0793275465030788,0.010634803148698704,0.0372172827695112,0.2866770477168028,-0.08172972325905281,0.1264336404584252,-0.03050020828828215,0.5641923423717161,0.9325991133475717,0.7244357496300937,0.8813695983768011,0.6335523772709702,0.9617507022332011,0.7984581497797357,0.9280982319929111,0.5135967162647511,0.9130061848223556,0.6689904466821586,0.8391917293233083,0.0029540662458412133,0.05798466487238154,0.007367052610865991,0.02686899440719844,0.27729484332065824,-0.08650905343925941,0.11714509185757183,-0.032775590569590785,0.5735745467678607,0.9373784435277783,0.7337242982309471,0.8836449806581097
semseg-ptv3-pheno4d-maize,0,Maize01,M01_0325_a,1407956,0.8075674493958285,0.8312868596682443,0.7838480391234127,0.27484989993328884,0.5570515435876513,0.3533042300165588,0.4732049036777583,0.3796965317919075,0.49987351378699724,0.4231123388581952,0.4439632313947322,0.003832506129452909,0.07616644270133442,0.0091679001332428,0.03174673072169869,0.4802942335332303,0.27910492070850423,0.4193591649584515,0.3489833818595832,0.32727321586259817,0.5284625286873242,0.388208284437377,0.45858406753624525,0.2649384885764499,0.5117334311119259,0.3568012244117084,0.42044060382994614,0.3813497822931785,0.5002004008016032,0.4240886017535764,0.4445722883568615,0.0023857279630897558,0.049529246652594255,0.00594194704948166,0.021647693535877543,0.48442331396101423,0.3016005334390639,0.4171225363131861,0.37506100330242464,0.32314413543481424,0.5059669159567646,0.3904449130826424,0.43250644609340383
semseg-ptv3-pheno4d-maize,0,Maize02,M02_0313_a,1729943,0.13562435923849264,0.008065941229368823,0.26318277724761646,0.32570905763952424,0.0426982642136992,0.24302925989672977,0.09351240610061462,0.0,0.0,0.0,0.0,0.0018873454212075195,0.0731989435490071,0.005434283094876536,0.026666774570029184,-0.027230169581269476,0.11427522713164304,0.014109729290127757,0.08886815618818533,0.16285452881976212,0.0213491321068496,0.12151462994836489,0.04675620305030731,0.4397776405188388,0.0670190550770034,0.40250855188141393,0.17732884399551066,0.0,0.0,0.0,0.0,0.0009358689852787057,0.017716190649056066,0.0020278124770584925,0.006695596328896386,-0.08426446102092675,0.10211483169999094,-0.06562991670221432,0.04695993724073731,0.2198888202594194,0.0335095275385017,0.20125427594070697,0.08866442199775533
semseg-ptv3-pheno4d-maize,0,Maize02,M02_0315_a,1441265,0.28835940017577033,0.009520553349288589,0.5671982470022521,0.3212382643998985,0.03704082676762509,0.2174108649195816,0.08135136147421251,0.00032605151613955004,1.76444640494045e-05,0.00013583265417006248,4.0426908150064686e-05,0.003917392013266124,0.08916750215956122,0.00971507668610561,0.03474309027139353,0.1275772422177513,0.2698301645599331,0.1795860513888945,0.24766350598458903,0.16078215795801903,0.018529235615837247,0.10877334878687582,0.04069589419118129,0.38894009216589864,0.052045144130544174,0.2939476885644769,0.11686844229217111,0.0005025125628140704,2.540263171264543e-05,0.00021537798836958864,6.165988407941794e-05,0.0022591265312069606,0.028956506957429757,0.004563352332846492,0.01289561600399649,0.09363809781141397,0.2623241267946419,0.1412778668993471,0.22989434908764506,0.19472130236435636,0.02603527338112841,0.14708153327642323,0.05846505108812526
semseg-ptv3-pheno4d-maize,0,Maize02,M02_0317_a,861631,0.31396440820335275,0.00627584440297142,0.621652972003734,0.5339095744680851,0.03607614907267819,0.30643240023823703,0.0811706239646604,0.0,0.0,0.0,0.0,0.0025057130024337564,0.07108959635853399,0.0063577099709736535,0.028020115339397026,0.04700962096931022,0.29592633366701365,0.16074820808423423,0.2733790962210225,0.26695478723404253,0.018038074536339096,0.15321620011911852,0.0405853119823302,0.548122866894198,0.0557210158661396,0.3459986550100874,0.11886334757999308,0.0,0.0,0.0,0.0,0.0017002638020219792,0.021432608622484566,0.0034515935475859156,0.010047224391880051,0.03990297475625376,0.28610390027028293,0.14096508069830904,0.2545327344133562,0.274061433447099,0.0278605079330698,0.1729993275050437,0.05943167378999654
semseg-ptv3-pheno4d-maize,0,Maize02,M02_0319_a,1133991,0.2915093574612765,0.0026361583765724364,0.5803825565459806,0.1604237608777904,0.017426555754448774,0.08560775540641312,0.03376689619994899,0.0,0.0,0.0,0.0,0.005290165442230141,0.09175469646584497,0.012909273530389571,0.04054705901545956,0.21129747702238127,0.2827960795840521,0.24870547975806992,0.274625909361302,0.0802118804388952,0.008713277877224387,0.04280387770320656,0.016883448099974496,0.3940520446096654,0.027865471229532347,0.20354609929078013,0.06089036055923473,0.0,0.0,0.0,0.0,0.0009488611461642994,0.02094990171879671,0.002486792223218703,0.009587377677600616,0.09448333515644378,0.27757662184651033,0.1897363078158864,0.26106417718165914,0.1970260223048327,0.013932735614766174,0.10177304964539007,0.030445180279617366
semseg-ptv3-pheno4d-maize,0,Maize02,M02_0321_a,1444663,0.3104788317511364,0.0004684083238624457,0.6204892551784104,0.04390873869995695,0.004260758414997869,0.02399591558883594,0.009057539209610525,0.0054446460980036296,0.0003337635174224556,0.0023908192540643925,0.0007033667823314264,0.0029557066250052782,0.05950938038836739,0.006700524620620865,0.025219722523522788,0.2858021393521561,0.30818157078492625,0.2972854643296862,0.30559837875516543,0.02467669239898029,0.0022972609662101624,0.013193367421450167,0.004880452995970975,0.10059171597633136,0.006158633431655376,0.04410384735689709,0.013952122191217506,0.016181229773462782,0.0004889816142913026,0.00488440247476392,0.0011158223610801161,0.0007122768424193047,0.021365536460752437,0.002223355896842378,0.009436802908359942,0.2520923588762393,0.30715502422816304,0.28598470683530586,0.30294485947498756,0.05838647287489707,0.003323807522973339,0.024494124915830504,0.007533972276148811
semseg-ptv3-pheno4d-maize,0,Maize02,M02_0324_a,1311008,0.4209504196594748,3.297780122865865e-05,0.8418678615177209,0.02287581699346405,0.0003038458199496484,0.0056772100567721,0.0008654797230464886,0.353968253968254,0.032912515629411526,0.20697412823397077,0.04353562005277045,0.0006720020015133394,0.02525003661304889,0.001778021186750958,0.008639916766335522,0.23252838417861577,0.4043422389347942,0.3146247505141033,0.3987498697715663,0.188422035480859,0.016608180724680587,0.10632566914537143,0.02220054988790847,0.02287581699346405,0.0003257632166790767,0.005761316872427984,0.0008997429305912597,0.4272030651340996,0.01638816001473093,0.2271273192578375,0.044262091259480295,0.0004035063096487588,0.016661988332641754,0.0011975518074641802,0.006205911786960873,0.19591097859569295,0.4125934580437698,0.30450610159434205,0.398369502564439,0.22503944106378182,0.008356961615705004,0.11644431806513274,0.022580917095035777
semseg-ptv3-pheno4d-maize,0,Maize02,M02_0325_a,1671990,0.34922554431007874,0.0,0.6984510886201575,0.0,0.0,0.0,0.0,0.12783375314861462,0.15541074874260588,0.18261743280582768,0.2378732953564647,0.0017673550679130855,0.029864413064671438,0.0038199989234385372,0.010867887965837117,0.28530866773577146,0.2715201699387758,0.2579168279071649,0.23028889663184637,0.06391687657430731,0.07770537437130294,0.09130871640291384,0.11893664767823235,0.0,0.0,0.0,0.0,0.2650918635170604,0.16718407218841838,0.34995064165844025,0.352564974826507,0.0005227303991052579,0.014522216041961973,0.0012805100508974335,0.004468328159857415,0.21667961255154855,0.26563350821586956,0.1742502234808586,0.17294305689682524,0.1325459317585302,0.08359203609420919,0.17497532082922013,0.1762824874132535
semseg-ptv3-pheno4d-maize,1,Maize01,M01_0313_a,1554168,0.9553835704350234,0.933833358087034,0.9769337827830128,0.5669014084507042,0.874918109499298,0.6659783492897816,0.8156488154763958,0.2857142857142857,0.8791477120685042,0.476169718105202,0.756191375936298,0.008270019714728395,0.08313258283531767,0.017249743914428812,0.04058891960199927,0.5290757233525285,0.07835065965112231,0.38430953673753165,0.1694634747286765,0.426307847082495,0.8770329107839011,0.5710740336974918,0.7859200957063469,0.5963522200627897,0.8779886532486829,0.6673433607086832,0.7741875,0.2857142857142857,0.8791477120685042,0.476169718105202,0.756191375936298,0.004998816086806575,0.0359645804057219,0.009081386310875015,0.017505186054532072,0.5143503175464857,0.07681538777642982,0.3836270310280808,0.19019413246687444,0.4410332528885377,0.8785681826585936,0.5717565394069426,0.765189437968149
semseg-ptv3-pheno4d-maize,1,Maize01,M01_0315_a,1301557,0.5769782978596751,0.6323477581292715,0.5216088375900789,0.6010879419764279,0.9574746297507035,0.7402597402597403,0.8998850807814507,0.7744270205066345,0.9882522027119915,0.8783171521035599,0.9660527266161069,0.004201890504987488,0.06953517978851484,0.008962342794053583,0.0266388640681891,-0.1107791833818561,-0.3958851183716724,-0.23231014832197494,-0.3559906058391036,0.6877574812415312,0.9728634162313475,0.8092884461816501,0.9329689036987787,0.7183734939759037,0.9880997594632231,0.8925714285714286,0.9658306070519811,0.7744270205066345,0.9882522027119915,0.8783171521035599,0.9660527266161069,0.001003413603860607,0.02428860203586935,0.0023871409396591927,0.008337706300991812,-0.169421959381594,-0.41119768322793226,-0.30846599247781903,-0.3889633689743688,0.7464002572412691,0.9881759810876074,0.8854442903374942,0.9659416668340439
semseg-ptv3-pheno4d-maize,1,Maize01,M01_0317_a,803846,0.83790339593797,0.7956843958563649,0.8801223960195752,0.5269641390637831,0.914144041055515,0.6738257107540173,0.8586034079518877,0.6575939031028851,0.9447383553766533,0.7973391089108911,0.9114806866952789,0.006264881581795518,0.08452862861791935,0.013090815902548498,0.03494450429559891,0.24562437485463584,-0.09153780227811414,0.10232098610551588,-0.04713865138561335,0.5922790210833342,0.9294411982160842,0.7355824098324542,0.8850420473235834,0.6187878787878788,0.9639446822522226,0.8054648054648055,0.9244480220791168,0.6575939031028851,0.9615474657614421,0.7973391089108911,0.911847578156447,0.003555407379025336,0.04310651542708429,0.007394451175971517,0.019272348186095346,0.19971250499258808,-0.12484267806886229,0.036501438750121684,-0.08024440417981182,0.638190890945382,0.9627460740068323,0.8014019571878483,0.9181478001177819
semseg-ptv3-pheno4d-maize,1,Maize01,M01_0319_a,860826,0.9845548221681393,0.9843818564783664,0.9847277878579122,0.613346747149564,0.9303938490506826,0.7708237459733088,0.8988615143666044,0.7151205259313368,0.9262924071082391,0.777262180974478,0.8819725141471302,0.005468003986868426,0.07852225653035573,0.013205920824882148,0.03570756459493556,0.32032118562768885,0.05621169408867843,0.21051185869424582,0.09413780791127202,0.6642336365404504,0.9283431280794608,0.7740429634738935,0.8904170142568673,0.7627737226277372,0.9710542621935027,0.8582328328821068,0.9421852899575672,0.7151205259313368,0.954630593132154,0.777262180974478,0.8929448354886234,0.0030470733922999538,0.04223269278576623,0.007054851967761197,0.01947780387674164,0.24560769788860226,0.021712394505310928,0.16680731523984682,0.06698975944504393,0.738947124279537,0.9628424276628283,0.8177475069282925,0.9175650627230953
semseg-ptv3-pheno4d-maize,1,Maize01,M01_0321_a,1114990,0.6099420189482347,0.6900622067735591,0.5298218311229103,0.08206185567010309,0.6729058841264258,0.17707029153997497,0.4827460002091394,0.196241528034504,0.6894207296205882,0.2836333653978288,0.46966348568558514,0.0047874868832904335,0.0907174055372694,0.011964232863075006,0.03901380281437502,0.47079032709593116,-0.07122128792527227,0.37959019047933285,0.13373727600087248,0.13915169185230356,0.681163306873507,0.2303518284689019,0.47620474294736226,0.035175879396984924,0.6884502624940342,0.16551950180268765,0.518482921780275,0.36423841059602646,0.6653974297953356,0.3598189590143324,0.4547509418166597,0.0013856626516829747,0.04260845388747881,0.00401976699342595,0.017002843074825785,0.4102348739517291,-0.06698182719645018,0.3472727885397247,0.12332508714976742,0.1997071449965057,0.6769238461446849,0.26266923040851003,0.4866169317984673
semseg-ptv3-pheno4d-maize,1,Maize01,M01_0324_a,1214597,0.8682153619059078,0.8748624636657744,0.8615682601460412,0.22252841887702376,0.626563022400535,0.2511204672008692,0.4355532786885246,0.4061718098415346,0.4826115332618526,0.3633562455558189,0.36479937972475285,0.004475558559752741,0.0793275465030788,0.010634803148698704,0.0372172827695112,0.5538652475466286,0.313628084074714,0.5609770055275637,0.46803903269926905,0.3143501143592792,0.5545872778311938,0.30723835637834407,0.4001763292066387,0.12411847672778561,0.5802143877079018,0.1606596395783747,0.33907427341227125,0.4395306859205776,0.49797970080330944,0.3831063351243284,0.38004846526655894,0.0029540662458412133,0.05798466487238154,0.007367052610865991,0.02686899440719844,0.5863907805817261,0.3291183176503022,0.5963323745545562,0.5086539925664927,0.2818245813241816,0.5390970442556056,0.2718829873513515,0.35956136933941507
semseg-ptv3-pheno4d-maize,1,Maize01,M01_0325_a,1407956,0.7807950295021364,0.8202559814156599,0.7413340775886129,0.027788069655427936,0.3510654936461388,0.08683960771907624,0.16292908210844176,0.34306956983536907,0.4440695693247187,0.3749024852334782,0.38942808754559666,0.003832506129452909,0.07616644270133442,0.0091679001332428,0.03174673072169869,0.5953662097567379,0.38322749801670764,0.5499239830258592,0.5046164446751172,0.18542881974539852,0.3975675314854288,0.2308710464762772,0.2761785848270192,0.036284470246734396,0.32563175232084035,0.10975609756097561,0.17606090055069648,0.3934226552984166,0.473461752909225,0.43034412178585135,0.43930487177603056,0.0023857279630897558,0.049529246652594255,0.00594194704948166,0.021647693535877543,0.5659414667295609,0.3812482768871037,0.5107449198287229,0.4731121433387729,0.2148535627725755,0.3995467526150327,0.2700501096734135,0.30768288616336353
semseg-ptv3-pheno4d-maize,1,Maize02,M02_0313_a,1729943,0.16075313967402324,0.00015844670837669207,0.3213478326396698,0.02080989876265467,0.0007800640917524034,0.007194244604316547,0.0017377418748825851,0.04478242501056189,0.004741397159302663,0.03714809262035649,0.010334867767849084,0.0018873454212075195,0.0731989435490071,0.005434283094876536,0.026666774570029184,0.12795697778741497,0.1579924090484957,0.13858197106168674,0.15471683485265741,0.03279616188660828,0.002760730625527533,0.02217116861233652,0.006036304821365835,0.024454725710508923,0.0012163450475032053,0.011263318112633182,0.0032587634313898184,0.06700379266750948,0.007480970892816308,0.06424661480841257,0.019833708643686124,0.0009358689852787057,0.017716190649056066,0.0020278124770584925,0.006695596328896386,0.11502388048501404,0.15640448170386348,0.12299817321350037,0.14920690363648528,0.045729259189009205,0.004348657970159757,0.03775496646052287,0.01154623603753797
semseg-ptv3-pheno4d-maize,1,Maize02,M02_0315_a,1441265,0.280103018591107,0.0028438414130122877,0.5573621957692017,0.14546580006190035,0.011497636404564424,0.0828335832083958,0.02572446923911359,0.1423763914056433,0.010157762209013516,0.06868991080736708,0.022428139183055976,0.003917392013266124,0.08916750215956122,0.00971507668610561,0.03474309027139353,0.13618192285733516,0.269275319284318,0.20434127158322554,0.2560267143800222,0.14392109573377182,0.010827699306788969,0.07576174700788144,0.02407630421108478,0.1736881005173688,0.016139617413286015,0.11079545454545454,0.03690324014894681,0.1974156496769562,0.014438763087411736,0.10027054447074737,0.03308782501952907,0.0022591265312069606,0.028956506957429757,0.004563352332846492,0.01289561600399649,0.09455114349394447,0.2648138283407581,0.174570019083006,0.24510748600686905,0.1855518750971625,0.015289190250348875,0.10553299950810097,0.03499553258423794
semseg-ptv3-pheno4d-maize,1,Maize02,M02_0317_a,861631,0.26615428256796025,1.972172643993255e-05,0.5322888434094806,0.0032520325203252032,0.0001417836381681554,0.0013127666557269445,0.00032346757237586933,0.1660377358490566,0.009925905214595274,0.08239048447925733,0.022246592511358295,0.0025057130024337564,0.07108959635853399,0.0063577099709736535,0.028020115339397026,0.18150939838326935,0.26112043814157854,0.22430265700046811,0.25486925252609316,0.0846448841846909,0.005033844426381715,0.04185162556749213,0.011285030041867082,0.0033305578684429643,0.0002199857009294396,0.001486988847583643,0.0004777260241251642,0.1806981519507187,0.015382115582516384,0.09562289562289562,0.03282098694094534,0.0017002638020219792,0.021432608622484566,0.0034515935475859156,0.010047224391880051,0.17413992765837943,0.2583532319262373,0.21759934033272063,0.24950492608542502,0.09201435490958083,0.007801050641722912,0.04855494223523963,0.016649356482535252
semseg-ptv3-pheno4d-maize,1,Maize02,M02_0319_a,1133991,0.23303107314896965,0.0,0.4660621462979393,0.0,0.0,0.0,0.0,0.15154536390827517,0.023741344301556725,0.10932203389830508,0.04564793032684319,0.005290165442230141,0.09175469646584497,0.012909273530389571,0.04054705901545956,0.15725839119483206,0.2211604009981913,0.1783700561998171,0.21020710798554806,0.07577268195413758,0.011870672150778363,0.05466101694915254,0.022823965163421594,0.0,0.0,0.0,0.0,0.42379182156133827,0.03838868544008082,0.274468085106383,0.08388520971302428,0.0009488611461642994,0.02094990171879671,0.002486792223218703,0.009587377677600616,0.021135162368300514,0.21383673042892923,0.09579703059577815,0.19108846829245751,0.21189591078066913,0.01919434272004041,0.1372340425531915,0.04194260485651214
semseg-ptv3-pheno4d-maize,1,Maize02,M02_0321_a,1444663,0.25120307898497424,0.0,0.5024061579699485,0.0,0.0,0.0,0.0,0.3615680784039202,0.5871040473927364,0.5649462030251052,0.6859719252579716,0.0029557066250052782,0.05950938038836739,0.006700524620620865,0.025219722523522788,0.07041903978301414,-0.04234894471139394,-0.03127002252757838,-0.09178288364401155,0.1807840392019601,0.2935520236963682,0.2824731015125526,0.3429859626289858,0.0,0.0,0.0,0.0,0.5937803692905733,0.5928205792781701,0.7247820672478207,0.7646886231937211,0.0007122768424193047,0.021365536460752437,0.002223355896842378,0.009436802908359942,-0.04568710566031242,-0.04520721065411082,-0.1111879546389361,-0.13114123261188632,0.29689018464528666,0.29641028963908506,0.36239103362391034,0.38234431159686055
semseg-ptv3-pheno4d-maize,1,Maize02,M02_0324_a,1311008,0.30510906169336227,0.0,0.6102181233867245,0.0,0.0,0.0,0.0,0.5510204081632653,0.6979208477161435,0.6578947368421053,0.7566920565832427,0.0006720020015133394,0.02525003661304889,0.001778021186750958,0.008639916766335522,0.029598857611729645,-0.04385136216470947,-0.023838306727690384,-0.07323696659825907,0.2755102040816326,0.34896042385807174,0.32894736842105265,0.37834602829162134,0.0,0.0,0.0,0.0,0.6635160680529301,0.7417597509613624,0.7477707006369426,0.8352999016715831,0.0004035063096487588,0.016661988332641754,0.0011975518074641802,0.006205911786960873,-0.02664897233310276,-0.06577081378731892,-0.06877628862510904,-0.11254088914242927,0.33175803402646503,0.3708798754806812,0.3738853503184713,0.41764995083579154
semseg-ptv3-pheno4d-maize,1,Maize02,M02_0325_a,1671990,0.2367278860184557,0.0,0.4734557720369114,0.0,0.0,0.0,0.0,0.2641176470588235,0.6172995115802742,0.2548828125,0.4848821318756406,0.0017673550679130855,0.029864413064671438,0.0038199989234385372,0.010867887965837117,0.10466906248904395,-0.07192186977168138,0.10928647976845571,-0.005713179919364597,0.13205882352941176,0.3086497557901371,0.12744140625,0.2424410659378203,0.0,0.0,0.0,0.0,0.5137299771167048,0.638853424488283,0.4778141055581504,0.5906839780484541,0.0005227303991052579,0.014522216041961973,0.0012805100508974335,0.004468328159857415,-0.020137102539896673,-0.08269882622568578,-0.002179166760619494,-0.05861410300577133,0.2568649885583524,0.3194267122441415,0.2389070527790752,0.29534198902422704
semseg-ptv3-pheno4d-maize,2,Maize01,M01_0313_a,1554168,0.9517963356579534,0.9316264947332908,0.971966176582616,0.5821250566379701,0.8696366885050625,0.6667325428194993,0.8112913508535808,0.31764110351809666,0.8566138253638254,0.4593973787326037,0.7256313050183126,0.008270019714728395,0.08313258283531767,0.017249743914428812,0.04058891960199927,0.5019132555799201,0.08867107872350954,0.3887313748819019,0.18333500772200673,0.44988308007803335,0.8631252569344439,0.5630649607760515,0.7684613279359467,0.5861221983420325,0.8504995766299746,0.6265633750233339,0.7316659335134795,0.31764110351809666,0.8566138253638254,0.4593973787326037,0.7256313050183126,0.004998816086806575,0.0359645804057219,0.009081386310875015,0.017505186054532072,0.4999146847278888,0.09823963466105345,0.40881595877998456,0.22314771639205733,0.4518816509300646,0.8535567009969,0.5429803768779689,0.7286486192658961
semseg-ptv3-pheno4d-maize,2,Maize01,M01_0315_a,1301557,0.9809232480925627,0.9870455479149629,0.9748009482701625,0.5683744931809804,0.9533979455632291,0.7075471698113207,0.8878942881500427,0.6036106750392465,0.9465653387163807,0.6641323792486583,0.8626771653543307,0.004201890504987488,0.06953517978851484,0.008962342794053583,0.0266388640681891,0.39493066398244925,0.030941605952757856,0.29508347356257314,0.10563752134037596,0.5859925841101135,0.9499816421398048,0.6858397745299896,0.8752857267521867,0.0595903165735568,0.9439055520102106,0.5369913686806412,0.8377372534425009,0.6036106750392465,0.9477469979788372,0.6641323792486583,0.8626771653543307,0.001003413603860607,0.02428860203586935,0.0023871409396591927,0.008337706300991812,0.6493227522861611,0.03509697309803883,0.38036137412791293,0.13071603869414683,0.33160049580640166,0.9458262749945239,0.6005618739646498,0.8502072093984159
semseg-ptv3-pheno4d-maize,2,Maize01,M01_0317_a,803846,0.7102823698918825,0.6300403877221324,0.7905243520616326,0.5020941118502094,0.879163235051886,0.6105349344978166,0.7945936005884516,0.23839907192575405,0.831007299270073,0.3331195896120551,0.649005720512122,0.006264881581795518,0.08452862861791935,0.013090815902548498,0.03494450429559891,0.34003577800390083,-0.1448028972690969,0.23845510783694668,-0.011517290658404233,0.3702465918879817,0.8550852671609794,0.47182726205493586,0.7217996605502868,0.4634246015529219,0.8656219392752204,0.5759429153924567,0.7597650787731891,0.23839907192575405,0.8383505154639175,0.3331195896120551,0.649005720512122,0.003555407379025336,0.04310651542708429,0.007394451175971517,0.019272348186095346,0.3593705331525445,-0.14170385747768632,0.25575111738962664,0.005896970249226974,0.350911836739338,0.8519862273695689,0.4545312525022559,0.7043853996426556
semseg-ptv3-pheno4d-maize,2,Maize01,M01_0319_a,860826,0.7200001467767976,0.716102531118209,0.7238977624353861,0.6193306224585549,0.9345715623536757,0.778720238095238,0.8955339574265101,0.380327868852459,0.8917910447761194,0.5857142857142857,0.7945812807881774,0.005468003986868426,0.07852225653035573,0.013205920824882148,0.03570756459493556,0.22017090112129067,-0.19318115678809988,0.03778288487203563,-0.1250574723305462,0.4998292456555069,0.9131813035648975,0.682217261904762,0.8450576191073438,0.6498378879110699,0.9461008186126669,0.7892712117973926,0.8951207243460765,0.380327868852459,0.9131008613503752,0.5857142857142857,0.7945812807881774,0.0030470733922999538,0.04223269278576623,0.007054851967761197,0.01947780387674164,0.2049172683950331,-0.2096006932047234,0.03250739802095848,-0.1248508557903294,0.5150828783817645,0.929600839981521,0.6874927487558391,0.844851002567127
semseg-ptv3-pheno4d-maize,2,Maize01,M01_0321_a,1114990,0.3053558239360016,0.28622656175997857,0.32448508611202465,0.6171184891867194,0.8733718092022721,0.7168231046931408,0.8418115874639636,0.3458994708994709,0.8369340771103646,0.5008823529411764,0.7168381158635625,0.0047874868832904335,0.0907174055372694,0.011964232863075006,0.03901380281437502,-0.1761531561070936,-0.5497971192203167,-0.303496904881157,-0.4739690277277614,0.48150898004309517,0.8551529431563183,0.6088527288171586,0.779324851663763,0.6576131687242799,0.9596627318718381,0.7885357885357885,0.922121080768675,0.44235924932975873,0.937231027605752,0.6102900930487137,0.82596060703907,0.0013856626516829747,0.04260845388747881,0.00401976699342595,0.017002843074825785,-0.24463038509101775,-0.6430910558027935,-0.39405711685624956,-0.5686850199678709,0.5499862090270193,0.948446879738795,0.6994129407922511,0.8740408439038725
semseg-ptv3-pheno4d-maize,2,Maize01,M01_0324_a,1214597,0.5584877483907783,0.49073778619537284,0.6262377105861837,0.2869793374877009,0.6939448990816514,0.3983028374436489,0.5774466207271123,0.36744560838033846,0.5091663784157731,0.36795141901102985,0.40480744153699033,0.004475558559752741,0.0793275465030788,0.010634803148698704,0.0372172827695112,0.23127527545675863,-0.0430678903579339,0.1753606201634389,0.067360717258727,0.32721247293401967,0.6015556387487122,0.3831271282273394,0.4911270311320513,0.268018018018018,0.6838217583299879,0.3763171098845961,0.5638024183174685,0.4570664884731039,0.5667766776677667,0.4432666467602269,0.4779328748845325,0.0029540662458412133,0.05798466487238154,0.007367052610865991,0.02686899440719844,0.19594549514521736,-0.06681146960809903,0.14869587006836682,0.037620101789777816,0.36254225324556094,0.6252992179988773,0.4097918783224115,0.5208676466010005
semseg-ptv3-pheno4d-maize,2,Maize01,M01_0325_a,1407956,0.5339428771131585,0.5076406105319753,0.5602451436943416,0.2591937765205092,0.6970027885571655,0.36572136990547033,0.5724061810154525,0.380907072629242,0.6298590602415424,0.4518221976808393,0.5537355919548276,0.003832506129452909,0.07616644270133442,0.0091679001332428,0.03174673072169869,0.21389245253828287,-0.12948804728619545,0.12517109332000365,-0.029128009371981567,0.3200504245748756,0.6634309243993539,0.4087717837931548,0.56307088648514,0.25393883225208524,0.6881752563100547,0.3930885529157667,0.5681512921076667,0.4272500889363216,0.6591537263179055,0.514299182903834,0.596161575562701,0.0023857279630897558,0.049529246652594255,0.00594194704948166,0.021647693535877543,0.19334841651895507,-0.13972161420082163,0.08024900920335809,-0.04821355672202543,0.3405944605942034,0.6736644913139801,0.4536938679098004,0.5821564338351839
semseg-ptv3-pheno4d-maize,2,Maize02,M02_0313_a,1729943,0.2318800873660295,0.13887353229972027,0.3248866424323387,0.43761524277811925,0.05360155465863711,0.31207239020083866,0.12133223763716344,0.0,0.0,0.0,0.0,0.0018873454212075195,0.0731989435490071,0.005434283094876536,0.026666774570029184,0.013072465976969871,0.20507931003671093,0.07584389226561017,0.17121396854744778,0.21880762138905963,0.026800777329318556,0.15603619510041933,0.06066611881858172,0.4397776405188388,0.0818976768467763,0.403078677309008,0.21669688336355003,0.0,0.0,0.0,0.0,0.0009358689852787057,0.017716190649056066,0.0020278124770584925,0.006695596328896386,0.01199126710661011,0.19093124894264135,0.030340748711525506,0.12353164568425448,0.2198888202594194,0.04094883842338815,0.201539338654504,0.10834844168177502
semseg-ptv3-pheno4d-maize,2,Maize02,M02_0315_a,1441265,0.23484106457922058,0.0857759379691338,0.38390619118930736,0.23317161916312917,0.021222100256128796,0.15581546458739443,0.047851025379115265,0.03254769921436588,0.003752702118460873,0.02173644559713474,0.0083829096809086,0.003917392013266124,0.08916750215956122,0.00971507668610561,0.03474309027139353,0.10198140539047304,0.22235366339192575,0.146065109486956,0.20672409704920863,0.13285965918874754,0.012487401187294835,0.08877595509226459,0.028116967530011933,0.24490445859872612,0.02933737986848761,0.18731448211216997,0.066307365670423,0.04664254121431444,0.005355908776779544,0.03272592041651171,0.012494242284661446,0.0022591265312069606,0.028956506957429757,0.004563352332846492,0.01289561600399649,0.0890675646727003,0.217494420256587,0.12482086331487974,0.19544026060167835,0.14577349990652028,0.017346644322633577,0.11002020126434084,0.039400803977542226
semseg-ptv3-pheno4d-maize,2,Maize02,M02_0317_a,861631,0.2629723938065396,0.00043280780415690015,0.5255119798089223,0.024774774774774775,0.0011825413889486132,0.011029411764705883,0.0027351844177372566,0.1005765534913517,0.015195444859747791,0.08513750731421885,0.03375991206720578,0.0025057130024337564,0.07108959635853399,0.0063577099709736535,0.028020115339397026,0.20029672967347634,0.2547834006821914,0.21488893426707723,0.24472484556406807,0.06267566413306323,0.008188993124348202,0.048083459539462366,0.018247548242471517,0.02522935779816514,0.0018300798580301685,0.012299664554603056,0.004011182691138933,0.10963687150837989,0.023597699902354344,0.09894593675620537,0.049860853432282005,0.0017002638020219792,0.021432608622484566,0.0034515935475859156,0.010047224391880051,0.19553927915326708,0.25025850392634735,0.20734959315113538,0.2360363757448291,0.06743311465327251,0.012713889880192257,0.05562280065540422,0.02693601806171047
semseg-ptv3-pheno4d-maize,2,Maize02,M02_0319_a,1133991,0.2869073533794572,0.00020545807272425552,0.5736092486861902,0.03564084989718986,0.0014416412531189353,0.010007698229407237,0.002940012438514163,0.06831247886371322,0.011358626591634034,0.03500284575981787,0.021980227831585285,0.005290165442230141,0.09175469646584497,0.012909273530389571,0.04054705901545956,0.23493068899900568,0.28050721945708074,0.26440208138484467,0.2744472332444075,0.05197666438045154,0.006400133922376485,0.022505271994612556,0.012460120135049723,0.05739514348785872,0.0022266946430865415,0.019938650306748466,0.004967520061138708,0.166015625,0.017042817970892216,0.07658959537572255,0.03733826247689464,0.0009488611461642994,0.02094990171879671,0.002486792223218703,0.009587377677600616,0.17520196913552785,0.2772725970724678,0.23864323053822173,0.26575446211044057,0.11170538424392937,0.009634756306989378,0.048264122841235504,0.021152891269016674
semseg-ptv3-pheno4d-maize,2,Maize02,M02_0321_a,1444663,0.3557823390025935,6.506900568052419e-06,0.7115581711046189,0.0013812154696132596,4.6727880189715196e-05,0.0004459308807134894,0.00010263779123473263,0.19615384615384615,0.03216758699272504,0.16630299251870323,0.05423618534182274,0.0029557066250052782,0.05950938038836739,0.006700524620620865,0.025219722523522788,0.25701480819086375,0.33967518156613613,0.2724078773028851,0.32861292743606474,0.0987675308117297,0.016107157436457378,0.08337446169970836,0.027169411566528738,0.0033003300330033004,6.701065469409636e-05,0.0008449514152936206,0.00015761683347781543,0.4118792599805258,0.03304821150855365,0.2632398753894081,0.06925390653657106,0.0007122768424193047,0.021365536460752437,0.002223355896842378,0.009436802908359942,0.14819254399582893,0.3392247279209696,0.22373992560024264,0.32107657731756906,0.20758979500676455,0.016557611081623874,0.13204241340235084,0.034705761685024435
semseg-ptv3-pheno4d-maize,2,Maize02,M02_0324_a,1311008,0.40537028349659954,4.417039170303362e-06,0.8107361499540288,0.0045662100456621,4.472471935238606e-05,0.0011350737797956867,0.00012865045670912132,0.4968553459119497,0.09300738599871548,0.40639013452914796,0.1283195472355246,0.0006720020015133394,0.02525003661304889,0.001778021186750958,0.008639916766335522,0.15465950551779362,0.3588442281375656,0.2016076793421277,0.3411461846504827,0.2507107779788059,0.04652605535903393,0.20376260415447184,0.06422409884611686,0.004651162790697674,4.7440580672707434e-05,0.0011695906432748538,0.000135666802333469,0.5946969696969697,0.0350226617222909,0.455704270235819,0.0940381069452981,0.0004035063096487588,0.016661988332641754,0.0011975518074641802,0.006205911786960873,0.10569621725276585,0.38783523234511774,0.1769333530570526,0.35828339662278375,0.2996740662438337,0.017535051151481802,0.22843693043954694,0.047086886873815785
semseg-ptv3-pheno4d-maize,2,Maize02,M02_0325_a,1671990,0.3894423722795779,0.0,0.7788847445591558,0.0,0.0,0.0,0.0,0.5136363636363637,0.24093397385766954,0.551090047393365,0.40281492803464525,0.0017673550679130855,0.029864413064671438,0.0038199989234385372,0.010867887965837117,0.13262419046139606,0.2689753853507431,0.11389734858289541,0.18803490826225527,0.25681818181818183,0.12046698692883477,0.2755450236966825,0.20140746401732262,0.0,0.0,0.0,0.0,0.5137299771167048,0.20769325810304354,0.459598318542737,0.2876455628429929,0.0005227303991052579,0.014522216041961973,0.0012805100508974335,0.004468328159857415,0.13257738372122552,0.28559574322805614,0.15964321300820938,0.24561959085808144,0.2568649885583524,0.10384662905152177,0.2297991592713685,0.14382278142149646
semseg-ptv3-pheno4d-maize,3,Maize01,M01_0313_a,1554168,0.8746297240026057,0.8345047428248863,0.9147547051803253,0.5143630912080472,0.7152091182038974,0.5569620253164557,0.6244028609886775,0.0,0.5551206129345244,0.0,0.14690791250337565,0.008270019714728395,0.08313258283531767,0.017249743914428812,0.04058891960199927,0.6174481783985821,0.23946485843339482,0.596148711344378,0.4889743372565792,0.2571815456040236,0.6351648655692109,0.27848101265822783,0.38565538674602656,0.5143519114429141,0.6616797699921125,0.5128949978744509,0.4951658010387535,0.0,0.5551206129345244,0.0,0.14690791250337565,0.004998816086806575,0.0359645804057219,0.009081386310875015,0.017505186054532072,0.6174537682811487,0.2662295325392873,0.6181822250653803,0.5535928672315411,0.2571759557214571,0.6084001914633185,0.25644749893722546,0.3210368567710646
semseg-ptv3-pheno4d-maize,3,Maize01,M01_0315_a,1301557,0.6127130887762791,0.6739329870987306,0.5514931904538274,0.6027017665396606,0.9648915301177013,0.7652391975308642,0.9147639725451744,0.7103064066852368,0.9806804897557374,0.8250696378830084,0.9457498272287491,0.004201890504987488,0.06953517978851484,0.008962342794053583,0.0266388640681891,-0.04379099783616969,-0.3600729211604403,-0.18244132893065723,-0.31754381111068275,0.6565040866124487,0.9727860099367194,0.7951544177069363,0.9302568998869618,0.4232902033271719,0.9799668240398112,0.8068880688806888,0.9416139828932689,0.7103064066852368,0.9806804897557374,0.8250696378830084,0.9457498272287491,0.001003413603860607,0.02428860203586935,0.0023871409396591927,0.008337706300991812,0.04591478377007474,-0.3676105681214952,-0.20326576460556955,-0.33096881628472996,0.5667983050062043,0.9803236568977742,0.8159788533818486,0.943681905061009
semseg-ptv3-pheno4d-maize,3,Maize01,M01_0317_a,803846,0.9553391695730997,0.9419393696044971,0.9687389695417022,0.4457884319331427,0.8546146953405018,0.5475401791191264,0.7503330051543406,0.24495677233429394,0.8359840954274353,0.3753993610223642,0.6492039733297047,0.006264881581795518,0.08452862861791935,0.013090815902548498,0.03494450429559891,0.6099665674393814,0.11003977418913113,0.4938693995023544,0.2555706803310771,0.34537260213371834,0.8452993953839686,0.4614697700707453,0.6997684892420226,0.4615700780928894,0.8680848973174806,0.590060809394003,0.7595373565898703,0.24495677233429394,0.8418914144388175,0.3753993610223642,0.6492039733297047,0.003555407379025336,0.04310651542708429,0.007394451175971517,0.019272348186095346,0.6020757443595081,0.10035101369495059,0.4726090843649161,0.2509685046133122,0.35326342521359166,0.8549881558781491,0.4827300852081836,0.7043706649597875
semseg-ptv3-pheno4d-maize,3,Maize01,M01_0319_a,860826,0.9886839201004531,0.9883315631763551,0.9890362770245511,0.5901040202417768,0.933246881561072,0.7751378871446755,0.9045199719691661,0.4886672710788758,0.9161755529362823,0.6865042174320525,0.8729989327641409,0.005468003986868426,0.07852225653035573,0.013205920824882148,0.03570756459493556,0.4492982744401268,0.06397270285177603,0.2578628678120891,0.0999244677337996,0.5393856456603263,0.9247112172486771,0.730821052288364,0.8887594523666535,0.7293666026871402,0.9707445659219567,0.8548177083333334,0.9429125558647441,0.4886672710788758,0.9512634079619898,0.6865042174320525,0.8787824529991047,0.0030470733922999538,0.04223269278576623,0.007054851967761197,0.01947780387674164,0.3796669832174452,0.02767993315847983,0.21802295721776022,0.07783641566852872,0.609016936883008,0.9610039869419733,0.7706609628826929,0.9108475044319244
semseg-ptv3-pheno4d-maize,3,Maize01,M01_0321_a,1114990,0.45264540311946533,0.49649393625256333,0.40879686998636733,0.5596303782847242,0.8984322881921281,0.6984738268435315,0.8236648034196064,0.346087949743004,0.8779465061251386,0.4986931521170936,0.7036882857380734,0.0047874868832904335,0.0907174055372694,0.011964232863075006,0.03901380281437502,-0.00021376089439872903,-0.435543994039168,-0.14593808636084726,-0.3110311414593745,0.45285916401386406,0.8881893971586333,0.5985834894803126,0.7636765445788398,0.6624203821656051,0.9736440419253078,0.8101503759398496,0.9433189497549916,0.5458996328029376,0.9586790044671346,0.680379746835443,0.8721122112211221,0.0013856626516829747,0.04260845388747881,0.00401976699342595,0.017002843074825785,-0.15151460436480602,-0.513516120076756,-0.29261965826818104,-0.45507017736859157,0.6041600074842713,0.9661615231962213,0.7452650613876464,0.9077155804880569
semseg-ptv3-pheno4d-maize,3,Maize01,M01_0324_a,1214597,0.9872994073646734,0.9879446626767854,0.9866541520525614,0.5430733410942957,0.9422146642671994,0.704778367699716,0.8968663625162343,0.46856158484065463,0.8624871001031992,0.5656765676567657,0.7685001295224937,0.004475558559752741,0.0793275465030788,0.010634803148698704,0.0372172827695112,0.48148194439719816,0.08494852517947404,0.3520719396864326,0.1546161613453093,0.5058174629674752,0.9023508821851993,0.6352274676782408,0.832683246019364,0.5324,0.9504201346023655,0.7084836129841618,0.9001433147867138,0.4820558263181214,0.8837680648572436,0.5803611738148984,0.7890070921985816,0.0029540662458412133,0.05798466487238154,0.007367052610865991,0.02686899440719844,0.4800714942056127,0.07020530763486887,0.34287701396514325,0.14272420387202567,0.5072279131590607,0.9170940997298045,0.6444223933995301,0.8445752034926477
semseg-ptv3-pheno4d-maize,3,Maize01,M01_0325_a,1407956,0.9648299165593284,0.9732658603918621,0.9563939727267946,0.29514116874589624,0.791136572654813,0.4045854886061792,0.6813876088069637,0.43563300142247513,0.7103450161299142,0.5007732755954222,0.6124376803988455,0.003832506129452909,0.07616644270133442,0.0091679001332428,0.03174673072169869,0.5994428314751427,0.21408912216696474,0.5121505344585277,0.31791727195642383,0.3653870850841857,0.7507407943923636,0.4526793821008007,0.6469126446029045,0.3139643861293346,0.802083812502875,0.4744525547445255,0.6975630749367906,0.4555596876162142,0.7453100797429867,0.5431974500922664,0.666400182731841,0.0023857279630897558,0.049529246652594255,0.00594194704948166,0.021647693535877543,0.5800678796865539,0.19113297043639754,0.45600491414093236,0.2828482877250126,0.3847620368727744,0.7736969461229308,0.508825002418396,0.6819816288343158
semseg-ptv3-pheno4d-maize,3,Maize02,M02_0313_a,1729943,0.0017726162387176705,0.003527783109684099,1.7449367751241814e-05,0.39687848383500557,0.02574715571404313,0.2356238322607432,0.05783902345985123,0.0035460992907801418,0.00012732906073596197,0.0012232415902140672,0.00028595939376608524,0.0018873454212075195,0.0731989435490071,0.005434283094876536,0.026666774570029184,-0.1984396753241752,-0.011164626148671876,-0.11665092068676096,-0.027289875188090985,0.20021229156289286,0.012937242387389546,0.11842353692547863,0.029062491426808657,0.44141351518908867,0.03958618889106455,0.32410051399200457,0.10477671244709337,0.006615214994487321,0.00020383896721589944,0.0025284450063211127,0.0005785920925747348,0.0009358689852787057,0.017716190649056066,0.0020278124770584925,0.006695596328896386,-0.22224174885307033,-0.018122397690422554,-0.16154186326044517,-0.05090503603111638,0.224014365091788,0.019895013929140226,0.16331447949916283,0.05267765226983405
semseg-ptv3-pheno4d-maize,3,Maize02,M02_0315_a,1441265,0.1199553314547853,0.002823117755820195,0.2370875451537504,0.232450150232177,0.019538371573045304,0.13245979749851103,0.04335381444872725,0.010051694428489374,0.0006044174279448081,0.00427663734115347,0.0013478126925446704,0.003917392013266124,0.08916750215956122,0.00971507668610561,0.03474309027139353,-0.0012955908755478834,0.10988393695429025,0.05158711403495306,0.09760451788414934,0.12125092233033319,0.010071394500495056,0.06836821741983225,0.02235081357063596,0.26420366345855323,0.027242859540996187,0.16997859981656985,0.061236591019352055,0.014553014553014554,0.0008621114340607911,0.006404391582799634,0.0020057306590257878,0.0022591265312069606,0.028956506957429757,0.004563352332846492,0.01289561600399649,-0.019423007550998586,0.10590284596725681,0.03176383575510057,0.08833417061559638,0.1393783390057839,0.014052485487528488,0.08819149569968474,0.03162116083918892
semseg-ptv3-pheno4d-maize,3,Maize02,M02_0317_a,861631,0.27150627362623353,0.0014477381604677,0.5415648090919993,0.19603825136612021,0.010119110361547381,0.08690404345202173,0.022829964328180737,0.022953328232593728,0.0010590228748940977,0.0094846664558963,0.002403460983816696,0.0025057130024337564,0.07108959635853399,0.0063577099709736535,0.028020115339397026,0.16201048382687655,0.2659172070080128,0.2233119186722745,0.2588895609702348,0.10949578979935697,0.0055890666182207395,0.04819435495395901,0.012616712655998716,0.2,0.015620762596951781,0.09782608695652174,0.03338356323171438,0.025466893039049237,0.0016502557896473954,0.011169024571854059,0.0035846576651929743,0.0017002638020219792,0.021432608622484566,0.0034515935475859156,0.010047224391880051,0.15877282710670892,0.26287076443293395,0.21700871786204562,0.25302216317777987,0.11273344651952462,0.008635509193299588,0.054497555764187904,0.01848411044845368
semseg-ptv3-pheno4d-maize,3,Maize02,M02_0319_a,1133991,0.26058582808764746,0.00015360393226066587,0.5210180522430342,0.0163265306122449,0.0011569509084694066,0.006477255998822317,0.002239413680781759,0.019851951547779273,0.001954957772912105,0.010166619598983339,0.0037535658875932137,0.005290165442230141,0.09175469646584497,0.012909273530389571,0.04054705901545956,0.24249658700763538,0.2590298737469567,0.25226389028874463,0.25758933830346,0.018089241080012086,0.001555954340690756,0.008321937798902827,0.0029964897841874864,0.043264503441494594,0.0018579511865551895,0.01601164483260553,0.004075206075761785,0.05717054263565891,0.0031628220807152197,0.025936599423631124,0.006926486885851496,0.0009488611461642994,0.02094990171879671,0.002486792223218703,0.009587377677600616,0.21036830504907073,0.25807544145401223,0.23961170595952913,0.25508498160684084,0.05021752303857675,0.0025103866336352045,0.020974122128118326,0.005500846480806641
semseg-ptv3-pheno4d-maize,3,Maize02,M02_0321_a,1444663,0.2214025054822614,0.0,0.4428050109645228,0.0,0.0,0.0,0.0,0.22867132867132867,0.09480867657811358,0.2989401496259352,0.15652739694195286,0.0029557066250052782,0.05950938038836739,0.006700524620620865,0.025219722523522788,0.10706684114659706,0.1739981671932046,0.0719324306692938,0.14313880701128495,0.11433566433566433,0.04740433828905679,0.1494700748129676,0.07826369847097643,0.0,0.0,0.0,0.0,0.5811467444120505,0.11394414566189334,0.5797011207970112,0.24293992518154478,0.0007122768424193047,0.021365536460752437,0.002223355896842378,0.009436802908359942,-0.06917086672376385,0.16443043265131474,-0.0684480549162442,0.099932542891489,0.29057337220602525,0.05697207283094667,0.2898505603985056,0.12146996259077239
semseg-ptv3-pheno4d-maize,3,Maize02,M02_0324_a,1311008,0.32914147869387606,0.0,0.6582829573877521,0.0,0.0,0.0,0.0,0.5227629513343799,0.13808052021033196,0.33501400560224087,0.14092937207530742,0.0006720020015133394,0.02525003661304889,0.001778021186750958,0.008639916766335522,0.06776000302668611,0.26010121858871005,0.16163447589275562,0.25867679265622234,0.26138147566718994,0.06904026010516598,0.16750700280112044,0.07046468603765371,0.0,0.0,0.0,0.0,0.6294896030245747,0.049258377586522614,0.3662420382165605,0.07989183874139626,0.0004035063096487588,0.016661988332641754,0.0011975518074641802,0.006205911786960873,0.014396677181588713,0.30451228990061474,0.1460204595855958,0.2891955593231779,0.31474480151228734,0.024629188793261307,0.18312101910828024,0.03994591937069813
semseg-ptv3-pheno4d-maize,3,Maize02,M02_0325_a,1671990,0.3262904733587903,0.0,0.6525809467175806,0.0,0.0,0.0,0.0,0.27224513847967,0.23228917181394176,0.3036892255069631,0.35736864587782996,0.0017673550679130855,0.029864413064671438,0.0038199989234385372,0.010867887965837117,0.1901679041189553,0.21014588745181942,0.17444586060530876,0.14760615041987532,0.136122569239835,0.11614458590697088,0.15184461275348154,0.17868432293891498,0.0,0.0,0.0,0.0,0.5109070034443168,0.1934673366834171,0.4471468662301216,0.32512051419389393,0.0005227303991052579,0.014522216041961973,0.0012805100508974335,0.004468328159857415,0.07083697163663188,0.22955680501708176,0.10271704024372949,0.16373021626184334,0.2554535017221584,0.09673366834170855,0.2235734331150608,0.16256025709694696
semseg-ptv3-pheno4d-maize,4,Maize01,M01_0313_a,1554168,0.9662233746772494,0.9515667340941185,0.9808800152603803,0.6449435444280806,0.9200434064172441,0.7672513772107857,0.8802133850630456,0.4421162912519644,0.9185049224094777,0.6515895953757226,0.8377195934576294,0.008270019714728395,0.08313258283531767,0.017249743914428812,0.04058891960199927,0.4226934568372269,0.04694921026388854,0.25680288838399523,0.10725688541691192,0.5435299178400225,0.9192741644133609,0.7094204862932542,0.8589664892603375,0.6497286630488407,0.9139292259974623,0.7489849036959917,0.8366531165311654,0.4421162912519644,0.9185049224094777,0.6515895953757226,0.8377195934576294,0.004998816086806575,0.0359645804057219,0.009081386310875015,0.017505186054532072,0.42030089752684685,0.05000630047377941,0.2659361251413922,0.12903701968285197,0.5459224771504025,0.91621707420347,0.7002872495358572,0.8371863549943974
semseg-ptv3-pheno4d-maize,4,Maize01,M01_0315_a,1301557,0.9891512337868145,0.9914652640469929,0.9868372035266361,0.6720392431674842,0.9357737200970762,0.8080670303975058,0.9307605792211444,0.82,0.9202869208075433,0.8978960396039604,0.9705829916206097,0.004201890504987488,0.06953517978851484,0.008962342794053583,0.0266388640681891,0.24313161220307244,0.061120913334504756,0.13616969878608143,0.03847944836593742,0.746019621583742,0.9280303204523097,0.852981535000733,0.950671785420877,0.7147887323943662,0.9894931227712684,0.9003623188405797,0.9694896449704142,0.82,0.9897349757372154,0.8978960396039604,0.9705829916206097,0.001003413603860607,0.02428860203586935,0.0023871409396591927,0.008337706300991812,0.2217568675896313,-0.0004628154674274354,0.09002205456454448,0.01911491549130251,0.7673943661971832,0.9896140492542419,0.89912917922227,0.970036318295512
semseg-ptv3-pheno4d-maize,4,Maize01,M01_0317_a,803846,0.8619024885455998,0.8456287239149465,0.8781762531762531,0.5759003702457085,0.9523621340039519,0.7584125822970007,0.9053792708258721,0.7307317073170732,0.968030986241184,0.8397677793904209,0.9279749478079332,0.006264881581795518,0.08452862861791935,0.013090815902548498,0.03494450429559891,0.20858644976420904,-0.09829407157696812,0.06281230770188906,-0.054774620771302795,0.6533160387813908,0.9601965601225679,0.7990901808437108,0.9166771093169026,0.5941176470588235,0.9691723444655422,0.8190757128810227,0.9341288782816229,0.7307317073170732,0.9680869514944788,0.8397677793904209,0.9279749478079332,0.003555407379025336,0.04310651542708429,0.007394451175971517,0.019272348186095346,0.19947781135765152,-0.10672715943441069,0.03248074240987797,-0.06914942449917827,0.6624246771879483,0.9686296479800105,0.8294217461357218,0.9310519130447781
semseg-ptv3-pheno4d-maize,4,Maize01,M01_0319_a,860826,0.9973416265268562,0.9964648017214879,0.9982184513322244,0.6974674880219028,0.969481565728367,0.8527926790785737,0.941851241686497,0.718103448275862,0.9741003076482793,0.8449682683590208,0.9361664609416329,0.005468003986868426,0.07852225653035573,0.013205920824882148,0.03570756459493556,0.28955615837797377,0.025550689838533147,0.14846115280805894,0.05833277521279123,0.7077854681488824,0.9717909366883231,0.8488804737187973,0.939008851314065,0.8173184357541899,0.9840809146877748,0.9187455452601568,0.9684063536393785,0.718103448275862,0.9741003076482793,0.8449682683590208,0.9361664609416329,0.0030470733922999538,0.04223269278576623,0.007054851967761197,0.01947780387674164,0.22963068451183022,0.018251015358829115,0.11548471971726737,0.045055219236350474,0.767710942015026,0.9790906111680271,0.8818569068095888,0.9522864072905057
semseg-ptv3-pheno4d-maize,4,Maize01,M01_0321_a,1114990,0.8491849396342086,0.9130085451115304,0.7853613341568869,0.23618677042801556,0.5247850940349958,0.2665806035178312,0.40181210329957845,0.22666123114553607,0.5222888566541817,0.23309236947791165,0.38106439282563953,0.0047874868832904335,0.0907174055372694,0.011964232863075006,0.03901380281437502,0.6177609388474328,0.32564796428961984,0.5993484531363371,0.45774669157159964,0.23142400078677583,0.5235369753445888,0.24983648649787144,0.39143824806260896,0.053,0.5389736384316874,0.09848240232483048,0.36292754689223977,0.3652815013404826,0.5610727139535624,0.3315776873354082,0.3824158585282373,0.0013856626516829747,0.04260845388747881,0.00401976699342595,0.017002843074825785,0.6400441889639673,0.29916176344158374,0.6341548948040893,0.4765132369239701,0.2091407506702413,0.5500231761926249,0.21503004483011934,0.37267170271023853
semseg-ptv3-pheno4d-maize,4,Maize01,M01_0324_a,1214597,0.9726642085804453,0.9741864307614703,0.9711419863994204,0.3466400532268796,0.8409485348107603,0.5454667202357038,0.8031922134494963,0.44812635490864045,0.688919224878471,0.48769574944071586,0.6267760656393836,0.004475558559752741,0.0793275465030788,0.010634803148698704,0.0372172827695112,0.5752810045126853,0.20773032873582964,0.4560829737422355,0.2576800690360054,0.39738320406776,0.7649338798446157,0.5165812348382098,0.71498413954444,0.20364315740308267,0.8233910368538513,0.47133649932157395,0.7678471534919747,0.4590736040609137,0.7019847328244275,0.494731723131788,0.6352511662497464,0.0029540662458412133,0.05798466487238154,0.007367052610865991,0.02686899440719844,0.6413058278484471,0.20997632374130593,0.4896300973537644,0.2711150487095848,0.3313583807319982,0.7626878848391394,0.48303411122668094,0.7015491598708605
semseg-ptv3-pheno4d-maize,4,Maize01,M01_0325_a,1407956,0.9496953024872786,0.9601280979481379,0.9392625070264193,0.18756585879873552,0.6472790765350664,0.22101016138673044,0.45941345902068603,0.38885486834047767,0.6009738478419897,0.42256917999492255,0.5050838840874428,0.003832506129452909,0.07616644270133442,0.0091679001332428,0.03174673072169869,0.661484938917672,0.32556884029875055,0.6279056317964522,0.46744663093321426,0.2882103635696066,0.6241264621885281,0.3217896706908265,0.48224867155406437,0.11967448539971279,0.6345910357052418,0.18071570576540755,0.43908355795148246,0.4084914763589579,0.6234200479024876,0.44642617674668095,0.5338049610459389,0.0023857279630897558,0.049529246652594255,0.00594194704948166,0.021647693535877543,0.6856123216079433,0.3206897606834139,0.6361243612312344,0.46325104298856795,0.26408298087933535,0.6290055418038647,0.31357094125604423,0.4864442594987107
semseg-ptv3-pheno4d-maize,4,Maize02,M02_0313_a,1729943,0.0011469559944324895,0.0022445352969871542,4.9376691877824634e-05,0.3286486486486486,0.016218371029331543,0.14402832122228432,0.035916736362791565,0.008908685968819599,0.0003574281989823809,0.0032276438200113918,0.0007935766968537019,0.0018873454212075195,0.0731989435490071,0.005434283094876536,0.026666774570029184,-0.16763171131430163,-0.007140943619724473,-0.07248102652671537,-0.017208200535390145,0.16877866730873411,0.008287899614156963,0.07362798252114786,0.018355156529822635,0.3792888334373051,0.0252358721556593,0.22142652535090232,0.06683382327511672,0.01582591493570722,0.0005690376569037656,0.006215722120658135,0.0015726179463459759,0.0009358689852787057,0.017716190649056066,0.0020278124770584925,0.006695596328896386,-0.19641041819207367,-0.011755498911849044,-0.11267416774134774,-0.033056264616298854,0.19755737418650615,0.012902454906281533,0.11382112373578022,0.03420322061073135
semseg-ptv3-pheno4d-maize,4,Maize02,M02_0315_a,1441265,0.045952560054495495,0.0015842640884853184,0.09032085602050567,0.15018427518427518,0.01316268033738028,0.09246746746746747,0.02945736434108527,0.11342351716961499,0.007549371171696721,0.051419890148416504,0.016702095353780748,0.003917392013266124,0.08916750215956122,0.00971507668610561,0.03474309027139353,-0.0858513361224496,0.035596534299956996,-0.025991118753446493,0.022872830207062485,0.1318038961769451,0.0103560257545385,0.07194367880794199,0.02307972984743301,0.17340425531914894,0.01840461083934712,0.12041714192602249,0.0418825085418274,0.15757137694253703,0.010738517108410211,0.07536827680712573,0.024683047234376754,0.0022591265312069606,0.028956506957429757,0.004563352332846492,0.01289561600399649,-0.11953525607634749,0.03138099608061683,-0.051940149312078604,0.012669782166393417,0.16548781613084299,0.014571563973878666,0.0978927093665741,0.03328277788810208
semseg-ptv3-pheno4d-maize,4,Maize02,M02_0317_a,861631,0.0905041418815795,0.00010136362228535549,0.18090692014087364,0.026200873362445413,0.0012729394292988225,0.011320754716981131,0.0028950542822677927,0.07702182284980745,0.004198740377886634,0.03513909224011713,0.009423590387937804,0.0025057130024337564,0.07108959635853399,0.0063577099709736535,0.028020115339397026,0.03889279377545307,0.08776830197798677,0.06727421840303037,0.0843448195464767,0.05161134810612643,0.002735839903592728,0.02322992347854913,0.006159322335102798,0.026765799256505577,0.0019621736523682347,0.012613875262789068,0.004216938034438327,0.08397480755773268,0.006510769898540502,0.04084411164057182,0.013919498898039671,0.0017002638020219792,0.021432608622484566,0.0034515935475859156,0.010047224391880051,0.035133838474460374,0.08626767010612513,0.06377514842989906,0.0814359234153405,0.055370303407119126,0.004236471775454369,0.026728993451680443,0.009068218466238998
semseg-ptv3-pheno4d-maize,4,Maize02,M02_0319_a,1133991,0.1938893250716066,2.745751635781537e-06,0.38777590439157744,0.000881057268722467,2.8058361391694725e-05,0.0002204585537918871,5.794749956539375e-05,0.10970744680851063,0.014076796746695862,0.07388049159485803,0.027029732705976573,0.005290165442230141,0.09175469646584497,0.012909273530389571,0.04054705901545956,0.13859507303299007,0.18683689751756283,0.15683884999728165,0.18034548496883562,0.05529425203861655,0.007052427554043779,0.03705047507432496,0.013543840102770984,0.0013404825737265416,4.307188697936857e-05,0.00043535045711797995,9.678668215253581e-05,0.30697674418604654,0.022731099511702307,0.18552678254700247,0.04967344310551007,0.0009488611461642994,0.02094990171879671,0.002486792223218703,0.009587377677600616,0.03973071169172007,0.18250223937226578,0.10090825856954638,0.1690042101777753,0.15415861337988654,0.011387085699340837,0.09298106650206023,0.024885114893831304
semseg-ptv3-pheno4d-maize,4,Maize02,M02_0321_a,1444663,0.20379279595903702,0.0,0.40758559191807403,0.0,0.0,0.0,0.0,0.215960798039902,0.6178373587414137,0.36363636363636365,0.5293297387747513,0.0029557066250052782,0.05950938038836739,0.006700524620620865,0.025219722523522788,0.09581239693908601,-0.10512588341166981,0.021974614140855192,-0.06087207342833864,0.107980399019951,0.30891867937070683,0.18181818181818182,0.26466486938737566,0.0,0.0,0.0,0.0,0.5937803692905733,0.676083716710944,0.7226027397260274,0.7263991784640211,0.0007122768424193047,0.021365536460752437,0.002223355896842378,0.009436802908359942,-0.09309738868624964,-0.134249062396435,-0.15750857390397668,-0.15940679327297355,0.29689018464528666,0.338041858355472,0.3613013698630137,0.36319958923201057
semseg-ptv3-pheno4d-maize,4,Maize02,M02_0324_a,1311008,0.4045927606727989,0.0,0.8091855213455978,0.0,0.0,0.0,0.0,0.5510204081632653,0.8647693975033115,0.657703081232493,0.7885515290020677,0.0006720020015133394,0.02525003661304889,0.001778021186750958,0.008639916766335522,0.1290825565911663,-0.027791938078856826,0.07574122005655243,0.01031699617176507,0.2755102040816326,0.43238469875165575,0.3288515406162465,0.39427576450103385,0.0,0.0,0.0,0.0,0.6635160680529301,0.8772660684856254,0.7477707006369426,0.8457472959685349,0.0004035063096487588,0.016661988332641754,0.0011975518074641802,0.006205911786960873,0.07283472664633389,-0.03404027357001377,0.030707410354327613,-0.01828088731146854,0.33175803402646503,0.4386330342428127,0.3738853503184713,0.42287364798426746
semseg-ptv3-pheno4d-maize,4,Maize02,M02_0325_a,1671990,0.2933151061999941,0.0,0.5866302123999882,0.0,0.0,0.0,0.0,0.2641176470588235,0.5621553489837718,0.248046875,0.3918688076528869,0.0017673550679130855,0.029864413064671438,0.0038199989234385372,0.010867887965837117,0.16125628267058237,0.012237431708108204,0.16929166869999412,0.09738070237355068,0.13205882352941176,0.2810776744918859,0.1240234375,0.19593440382644345,0.0,0.0,0.0,0.0,0.5137299771167048,0.6072649396647585,0.474077533862681,0.553339579708205,0.0005227303991052579,0.014522216041961973,0.0012805100508974335,0.004468328159857415,0.036450117641641744,-0.010317363632385113,0.056276339268653636,0.016645316345891614,0.2568649885583524,0.30363246983237924,0.2370387669313405,0.2766697898541025
semseg-spunet-pheno4d-maize,0,Maize01,M01_0313_a,1554168,0.9774198519357601,0.9647168772644058,0.9901228266071144,0.6659859604339502,0.9311946074148046,0.7928442573662057,0.8952648780117048,0.608942879296976,0.9490078372519594,0.7806627456605939,0.8974376173866381,0.008270019714728395,0.08313258283531767,0.017249743914428812,0.04058891960199927,0.339955432070297,0.037318629602378084,0.19066635042236035,0.08106860423658857,0.6374644198654631,0.940101222333382,0.7867535015133997,0.8963512476991715,0.7204877147607611,0.944276394912351,0.8236854243542435,0.8894192521877486,0.608942879296976,0.9490078372519594,0.7806627456605939,0.8974376173866381,0.004998816086806575,0.0359645804057219,0.009081386310875015,0.017505186054532072,0.31270455490689153,0.03077773585360488,0.17524576692834137,0.08399141714856673,0.6647152970288686,0.9466421160821552,0.8021740850074187,0.8934284347871934
semseg-spunet-pheno4d-maize,0,Maize01,M01_0315_a,1301557,0.9961771518300235,0.9952103162419405,0.9971439874181067,0.604459691252144,0.9640418359408764,0.7612397168547924,0.9128552475385797,0.7302943969610636,0.9817722766180184,0.8338012352610893,0.9487357118115691,0.004201890504987488,0.06953517978851484,0.008962342794053583,0.0266388640681891,0.3288001077234197,0.02327009555057613,0.19865667577208268,0.06538167215494917,0.6673770441066038,0.9729070562794474,0.7975204760579409,0.9307954796750744,0.47113594040968343,0.9811104020421187,0.8175092478421702,0.9449199851135095,0.7302943969610636,0.9817722766180184,0.8338012352610893,0.9487357118115691,0.001003413603860607,0.02428860203586935,0.0023871409396591927,0.008337706300991812,0.39546198314465,0.014735812499955037,0.1705219102783938,0.04934930336748422,0.6007151686853736,0.9814413393300685,0.8256552415516297,0.9468278484625393
semseg-spunet-pheno4d-maize,0,Maize01,M01_0317_a,803846,0.9869344426964018,0.9822078049739507,0.991661080418853,0.5826696400127429,0.9245833333333333,0.7373247966776258,0.8916387024608501,0.6727084412221647,0.9206145966709347,0.7846846846846847,0.9017088356073653,0.006264881581795518,0.08452862861791935,0.013090815902548498,0.03494450429559891,0.35924540207894806,0.06433547769426784,0.22592970201524654,0.09026067366229418,0.6276890406174538,0.922598965002134,0.7610047406811553,0.8966737690341077,0.5946119307248237,0.9275739393617586,0.7847493245271691,0.9145653425446172,0.6727084412221647,0.9206145966709347,0.7846846846846847,0.9017088356073653,0.003555407379025336,0.04310651542708429,0.007394451175971517,0.019272348186095346,0.3532742567229077,0.0628401746800552,0.202217438090475,0.07879735362041063,0.6336601859734942,0.9240942680163466,0.7847170046059269,0.9081370890759912
semseg-spunet-pheno4d-maize,0,Maize01,M01_0319_a,860826,0.9966075432071111,0.9960020941411641,0.9972129922730579,0.7160625444207533,0.9715952320568095,0.8592069353026168,0.9449631449631449,0.7451476793248946,0.9737723612001996,0.8456435205661211,0.9357205240174673,0.005468003986868426,0.07852225653035573,0.013205920824882148,0.03570756459493556,0.26600243133428714,0.02392374657860652,0.14418231527274217,0.05626570871680503,0.730605111872824,0.9726837966285046,0.8524252279343689,0.9403418344903061,0.8264367816091954,0.98378283095364,0.9161259312665224,0.9677475898334794,0.7451476793248946,0.9737723612001996,0.8456435205661211,0.9357205240174673,0.0030470733922999538,0.04223269278576623,0.007054851967761197,0.01947780387674164,0.21081531274006604,0.01782994713019126,0.11572281729078937,0.04487348628163779,0.785792230467045,0.9787775960769198,0.8808847259163217,0.9517340569254733
semseg-spunet-pheno4d-maize,0,Maize01,M01_0321_a,1114990,0.3418431232127666,0.36186447972944386,0.32182176669608936,0.6006299212598425,0.7051534409388298,0.625963830085518,0.7082741922017199,0.31685100845803515,0.5304861426624262,0.3588529334385688,0.4422077386354261,0.0047874868832904335,0.0907174055372694,0.011964232863075006,0.03901380281437502,-0.11689734164617221,-0.27597666858786146,-0.15056525854927677,-0.23339784220580645,0.4587404648589388,0.6178197918006281,0.4924083817620434,0.5752409654185731,0.5886255924170616,0.9112252384446075,0.6654895666131622,0.8493745401030169,0.5270562770562771,0.8678889990089197,0.5669160432252701,0.7232492241262988,0.0013856626516829747,0.04260845388747881,0.00401976699342595,0.017002843074825785,-0.21599781152390268,-0.5477139955139969,-0.2743596817064495,-0.44446875890189125,0.5578409347366693,0.8895571187267636,0.6162028049192161,0.7863118821146579
semseg-spunet-pheno4d-maize,0,Maize01,M01_0324_a,1214597,0.9779195304991073,0.9802880522183332,0.9755510087798814,0.5100565681961031,0.9550748752079867,0.7371451000915871,0.9193504736129905,0.5001980198019802,0.8933268602701033,0.6274380889765505,0.8153696153164333,0.004475558559752741,0.0793275465030788,0.010634803148698704,0.0372172827695112,0.47279223650006563,0.05371866276006232,0.29562793596503845,0.11055948603439547,0.5051272939990417,0.924200867739045,0.6822915945340688,0.8673600444647118,0.4752688172043011,0.961199471175033,0.7321164282190429,0.9190146857923497,0.5086588803866291,0.9018847747627322,0.636788256227758,0.8281418797263234,0.0029540662458412133,0.05798466487238154,0.007367052610865991,0.02686899440719844,0.48595568170364223,0.04637740753022468,0.29346718827570684,0.10434124773977071,0.49196384879546506,0.9315421229688826,0.6844523422234005,0.8735782827593366
semseg-spunet-pheno4d-maize,0,Maize01,M01_0325_a,1407956,0.8960011673668221,0.9144366239117748,0.8775657108218694,0.38028649386084584,0.5953330868185976,0.40030511060259344,0.44505977496483823,0.44014084507042256,0.5519883877302709,0.47281525761457444,0.488792004277547,0.003832506129452909,0.07616644270133442,0.0091679001332428,0.03174673072169869,0.4857874979011879,0.3223404300923879,0.4594409832582382,0.4290752777456295,0.4102136694656342,0.5736607372744342,0.43656018410858394,0.46692588962119264,0.2477326968973747,0.52687676972306,0.2664015904572565,0.33234501347708895,0.44014084507042256,0.5519883877302709,0.47281525761457444,0.488792004277547,0.0023857279630897558,0.049529246652594255,0.00594194704948166,0.021647693535877543,0.5520643963829235,0.3565685886401567,0.5263927433309067,0.4854326584895041,0.34393677098389863,0.5394325787266654,0.36960842403591543,0.410568508877318
semseg-spunet-pheno4d-maize,0,Maize02,M02_0313_a,1729943,0.000763312269713471,0.001442461181250907,8.416335817603492e-05,0.18740399385560677,0.010392923610965894,0.08992220010855799,0.022923296895899635,0.01422963689892051,0.0006062126343074543,0.0052318239220638645,0.0013365287123237165,0.0018873454212075195,0.0731989435490071,0.005434283094876536,0.026666774570029184,-0.10005350310755017,-0.004736255852923203,-0.04681369974559746,-0.011366600534398206,0.10081681537726364,0.005499568122636674,0.04757701201531093,0.012129912804111676,0.23135271807838179,0.016236524011760862,0.1431864016133679,0.04304893893460372,0.02314445331205108,0.0009618254784252595,0.009631351710395218,0.0026159119610319323,0.0009358689852787057,0.017716190649056066,0.0020278124770584925,0.006695596328896386,-0.12648527342550298,-0.00783586247537959,-0.07564556439216809,-0.022069113178104355,0.12724858569521644,0.008599174745093061,0.07640887666188156,0.022832425447817828
semseg-spunet-pheno4d-maize,0,Maize02,M02_0315_a,1441265,0.19815680748852824,0.0020212070297955954,0.3942924079472609,0.14194798007747647,0.011102708648425684,0.07656750029631386,0.024614212230901125,0.0712041884816754,0.004657773515762796,0.03144508670520231,0.010280444478040668,0.003917392013266124,0.08916750215956122,0.00971507668610561,0.03474309027139353,0.0915807232089523,0.190276566406434,0.14415051398777015,0.18070947913405733,0.10657608427957593,0.00788024108209424,0.054006293500758085,0.017447328354470895,0.17191689008042896,0.015580531571077132,0.10245836637589215,0.035273561210003274,0.0991615020051039,0.00661993769470405,0.045860731748440395,0.01516164994425864,0.0022591265312069606,0.028956506957429757,0.004563352332846492,0.01289561600399649,0.0626176114457618,0.18705657285563765,0.12399725842636197,0.17293920191139728,0.13553919604276643,0.011100234632890591,0.07415954906216626,0.025217605577130958
semseg-spunet-pheno4d-maize,0,Maize02,M02_0317_a,861631,0.12993851866825362,0.00017129260514251544,0.2597057447313647,0.03897944720056697,0.0019372336303758234,0.016954377311960544,0.00438421681944998,0.05458089668615984,0.002941073491824516,0.024734982332155476,0.006606370428627605,0.0025057130024337564,0.07108959635853399,0.0063577099709736535,0.028020115339397026,0.08315834672489021,0.12749936510715346,0.10909383884619561,0.12444322504421483,0.04678017194336341,0.0024391535611001697,0.02084467982205801,0.005495293624038793,0.03982621288921072,0.0029918946853070773,0.01903114186851211,0.006415490493409542,0.059574468085106386,0.004562242016076472,0.02877697841726619,0.009765170890490584,0.0017002638020219792,0.021432608622484566,0.0034515935475859156,0.010047224391880051,0.08023817818109508,0.12616145031756185,0.10603445852536447,0.12184818797630356,0.04970034048715855,0.003777068350691775,0.02390406014288915,0.008090330691950063
semseg-spunet-pheno4d-maize,0,Maize02,M02_0319_a,1133991,0.28328267018629477,7.73832093912263e-05,0.5664879571631983,0.010454783063251438,0.00054035068759625,0.0034317089910775567,0.0010718688032584811,0.07293409166945466,0.008711074018048093,0.04320113314447592,0.015281326719775539,0.005290165442230141,0.09175469646584497,0.012909273530389571,0.04054705901545956,0.2415882328199417,0.2786569578334726,0.259966249118518,0.27510607242477775,0.04169443736635305,0.004625712352822171,0.02331642106777674,0.00817659776151701,0.023310023310023312,0.0008528057308545113,0.007952286282306162,0.0018926847733509984,0.20643939393939395,0.012849138475797278,0.10892857142857143,0.028105418356063398,0.0009488611461642994,0.02094990171879671,0.002486792223218703,0.009587377677600616,0.16840796156158613,0.27643169808296886,0.22484224133085598,0.26828361862158756,0.11487470862470864,0.006850972103325895,0.0584404288554388,0.014999051564707199
semseg-spunet-pheno4d-maize,0,Maize02,M02_0321_a,1444663,0.15715144399303757,0.0,0.31430288798607514,0.0,0.0,0.0,0.0,0.20266013300665034,0.052005317970307996,0.22126929674099485,0.09496142047039137,0.0029557066250052782,0.05950938038836739,0.006700524620620865,0.025219722523522788,0.0558213774897124,0.13114878500788357,0.046516795622540144,0.10967073375784189,0.10133006650332517,0.026002658985153998,0.11063464837049743,0.047480710235195685,0.0,0.0,0.0,0.0,0.5626822157434402,0.0661893345428627,0.4417808219178082,0.14985696471796375,0.0007122768424193047,0.021365536460752437,0.002223355896842378,0.009436802908359942,-0.12418966387868255,0.12405677672160623,-0.06373896696586653,0.0822229616340557,0.2813411078717201,0.03309466727143135,0.2208904109589041,0.07492848235898188
semseg-spunet-pheno4d-maize,0,Maize02,M02_0324_a,1311008,0.2840304089192275,0.0,0.568060817838455,0.0,0.0,0.0,0.0,0.4521193092621664,0.0384939589772408,0.3042016806722689,0.09282838176080095,0.0006720020015133394,0.02525003661304889,0.001778021186750958,0.008639916766335522,0.05797075428814427,0.26478342943060706,0.13192956858309304,0.23761621803882702,0.2260596546310832,0.0192469794886204,0.15210084033613444,0.046414190880400476,0.0,0.0,0.0,0.0,0.5444234404536862,0.03827137886833913,0.34585987261146495,0.1007866273352999,0.0004035063096487588,0.016661988332641754,0.0011975518074641802,0.006205911786960873,0.011818688692384394,0.26489471948505794,0.11110047261349501,0.23363709525157753,0.2722117202268431,0.019135689434169566,0.17292993630573247,0.05039331366764995
semseg-spunet-pheno4d-maize,0,Maize02,M02_0325_a,1671990,0.21176779734341702,0.0,0.42353559468683405,0.0,0.0,0.0,0.0,0.25882352941176473,0.058767921852843866,0.195068359375,0.1158182439357704,0.0017673550679130855,0.029864413064671438,0.0038199989234385372,0.010867887965837117,0.08235603263753466,0.1823838364169951,0.11423361765591702,0.15385867537553183,0.12941176470588237,0.029383960926421933,0.0975341796875,0.0579091219678852,0.0,0.0,0.0,0.0,0.5034324942791762,0.06865450352127178,0.3596450256889304,0.1607549190202115,0.0005227303991052579,0.014522216041961973,0.0012805100508974335,0.004468328159857415,-0.0399484497961711,0.17744054558278113,0.031945284498951815,0.13139033783331128,0.2517162471395881,0.03432725176063589,0.1798225128444652,0.08037745951010575
semseg-spunet-pheno4d-maize,1,Maize01,M01_0313_a,1554168,0.9035082469952537,0.869235030700337,0.9377814632901703,0.5072975293332062,0.7697168025026756,0.5659615180184968,0.6789106666284042,0.0,0.678376660309813,0.04145454545454545,0.35099918984607076,0.008270019714728395,0.08313258283531767,0.017249743914428812,0.04058891960199927,0.6498594823286505,0.17946151558900936,0.5998002152587325,0.38855331875801624,0.2536487646666031,0.7240467314062443,0.3037080317365211,0.5149549282372374,0.5143519114429141,0.7301159493528735,0.5234651818641984,0.5631844413141274,0.0,0.678376660309813,0.04145454545454545,0.35099918984607076,0.004998816086806575,0.0359645804057219,0.009081386310875015,0.017505186054532072,0.6463322912737965,0.19926194216391047,0.6210483833358817,0.44641643141515464,0.2571759557214571,0.7042463048313432,0.2824598636593719,0.45709181558009904
semseg-spunet-pheno4d-maize,1,Maize01,M01_0315_a,1301557,0.9930978108513395,0.9928142292792431,0.993381392423436,0.591394744441236,0.9472724211471546,0.6966932725199544,0.8767868852459016,0.37971391417425226,0.9570971586276109,0.5508417508417508,0.8751369112814896,0.004201890504987488,0.06953517978851484,0.008962342794053583,0.0266388640681891,0.5075434815435954,0.04091302096395677,0.369330299170487,0.11713591258764389,0.4855543293077441,0.9521847898873828,0.6237675116808525,0.8759618982636956,0.5295857988165681,0.9581753699400758,0.7086063783311489,0.8870914493232089,0.37971391417425226,0.9570971586276109,0.5508417508417508,0.8751369112814896,0.001003413603860607,0.02428860203586935,0.0023871409396591927,0.008337706300991812,0.5384479543559293,0.035461546567496116,0.3633737462648896,0.1119836305489903,0.4546498564954102,0.9576362642838434,0.6297240645864499,0.8811141803023492
semseg-spunet-pheno4d-maize,1,Maize01,M01_0317_a,803846,0.9731274292899064,0.965059573066386,0.9811952855134266,0.47147147147147145,0.8605776937133331,0.5644225920322743,0.7488885039551937,0.22325581395348837,0.8125184181057347,0.263884430176565,0.5662667030269976,0.006264881581795518,0.08452862861791935,0.013090815902548498,0.03494450429559891,0.6257637865774265,0.1365793733803724,0.5589739181854867,0.31554982579881075,0.3473636427124799,0.836548055909534,0.41415351110441967,0.6575776034910956,0.459983831851253,0.847543733525042,0.55232331120656,0.7194637975130082,0.22325581395348837,0.8125184181057347,0.263884430176565,0.5662667030269976,0.003555407379025336,0.04310651542708429,0.007394451175971517,0.019272348186095346,0.6315076063875357,0.143096353474518,0.5650235585983439,0.3302621790199035,0.3416198229023707,0.8300310758153884,0.4081038706915625,0.6428652502700029
semseg-spunet-pheno4d-maize,1,Maize01,M01_0319_a,860826,0.9940924909598097,0.9937965713284825,0.9943884105911367,0.6187572590011614,0.9498505070431218,0.7750597497539716,0.9052913440828919,0.29053420805998126,0.9255464973667124,0.5209723546234509,0.8142214221422143,0.005468003986868426,0.07852225653035573,0.013205920824882148,0.03570756459493556,0.5394467574292383,0.05639398875489254,0.3460764387710984,0.13433610784725658,0.45464573353057136,0.9376985022049171,0.6480160521887113,0.8597563831125531,0.672719412019023,0.9561336393777098,0.7981927710843374,0.9157138190133943,0.29053420805998126,0.9255464973667124,0.5209723546234509,0.8142214221422143,0.0030470733922999538,0.04223269278576623,0.007054851967761197,0.01947780387674164,0.5124656809203075,0.05325242258759855,0.3345099281059155,0.12912487038200537,0.48162681003950214,0.9408400683722111,0.6595825628538942,0.8649676205778043
semseg-spunet-pheno4d-maize,1,Maize01,M01_0321_a,1114990,0.4301542291584469,0.47446350269291265,0.3858449556239812,0.6696428571428571,0.7896685577784414,0.7293632859231689,0.7798078502217113,0.23121869782971619,0.6668921530730576,0.3670045438657812,0.49513609118600765,0.0047874868832904335,0.0907174055372694,0.011964232863075006,0.03901380281437502,-0.020276548327839705,-0.2981261262673026,-0.11802968573602812,-0.2073177415454125,0.4504307774862866,0.7282803554257495,0.548183914894475,0.6374719707038594,0.7570977917981072,0.9856023143943217,0.8787878787878788,0.9692506645592356,0.4735042735042735,0.9764951397660497,0.7162346521145976,0.9217120907261752,0.0013856626516829747,0.04260845388747881,0.00401976699342595,0.017002843074825785,-0.18514680349274337,-0.5508944979217388,-0.36735703629279126,-0.5153271484842584,0.6153010326511903,0.9810487270801858,0.7975112654512382,0.9454813776427053
semseg-spunet-pheno4d-maize,1,Maize01,M01_0324_a,1214597,0.8632636460157286,0.8665908749723793,0.859936417059078,0.6768957646462085,0.9463798413736974,0.785990498287482,0.908379258517034,0.3693516699410609,0.8158973869921801,0.49201787994891444,0.7226492576603137,0.004475558559752741,0.0793275465030788,0.010634803148698704,0.0372172827695112,0.34013992872209386,-0.017874968167210126,0.22425945689753035,0.04774938792705474,0.5231237172936347,0.8811386141829387,0.6390041891181982,0.8155142580886738,0.6840358446730833,0.9480688088283025,0.7879691098767104,0.9014089989101666,0.3693516699410609,0.8237927880217611,0.49201787994891444,0.7242507387083158,0.0029540662458412133,0.05798466487238154,0.007367052610865991,0.02686899440719844,0.33656988870865645,-0.02266715240930317,0.22327015110291615,0.05043377720648734,0.5266937573070721,0.8859307984250318,0.6399934949128124,0.8128298688092412
semseg-spunet-pheno4d-maize,1,Maize01,M01_0325_a,1407956,0.958323621650948,0.9678884242031197,0.9487588190987762,0.5201793721973094,0.8851677423105995,0.7051263111242428,0.8264390838631019,0.44856146469049696,0.7982033096926714,0.6211745244003308,0.7484921201115506,0.003832506129452909,0.07616644270133442,0.0091679001332428,0.03174673072169869,0.4739532032070448,0.1166380956493126,0.2951732038886611,0.17085801966362169,0.48437041844390316,0.8416855260016354,0.6631504177622869,0.7874656019873263,0.46304347826086956,0.8705510512573863,0.6719969541214544,0.8022159484365845,0.44856146469049696,0.7982033096926714,0.6211745244003308,0.7484921201115506,0.0023857279630897558,0.049529246652594255,0.00594194704948166,0.021647693535877543,0.5025211501752647,0.12394644117591913,0.3117378823900553,0.1829695873768804,0.45580247147568326,0.8343771804750288,0.6465857392608927,0.7753540342740676
semseg-spunet-pheno4d-maize,1,Maize02,M02_0313_a,1729943,0.002060708860612433,0.004121417721224866,0.0,0.38382749326145554,0.02983035169963632,0.23814941221084565,0.06621867562648746,0.0,0.0,0.0,0.0,0.0018873454212075195,0.0731989435490071,0.005434283094876536,0.026666774570029184,-0.18985303777011533,-0.012854466989205726,-0.11701399724481039,-0.0310486289526313,0.19191374663072777,0.01491517584981816,0.11907470610542283,0.03310933781324373,0.44114002478314746,0.04630747642202134,0.35854981444476164,0.12256002763862497,0.0,0.0,0.0,0.0,0.0009358689852787057,0.017716190649056066,0.0020278124770584925,0.006695596328896386,-0.2185093035309613,-0.021093029350398237,-0.17721419836176838,-0.05921930495870006,0.22057001239157373,0.02315373821101067,0.17927490722238082,0.06128001381931249
semseg-spunet-pheno4d-maize,1,Maize02,M02_0315_a,1441265,0.1830150449131268,0.0030538209931608683,0.36297626883309275,0.24633581897660067,0.017567868078482356,0.11788337924701561,0.03872549019607843,0.006814814814814815,0.000396442360728075,0.0027814729713387353,0.0008820032979253748,0.003917392013266124,0.08916750215956122,0.00971507668610561,0.03474309027139353,0.05643972801741906,0.1740328896935216,0.12268261880394964,0.1632112981661249,0.12657531689570775,0.008982155219605216,0.060332426109177176,0.019803746747001905,0.29631920816579027,0.024621802402244014,0.15669819957277997,0.0553251090879707,0.010008703220191472,0.0005650133883607242,0.004144144144144144,0.001309869582550259,0.0022591265312069606,0.028956506957429757,0.004563352332846492,0.01289561600399649,0.029851089220135935,0.17042163701782445,0.10259387305466475,0.15469755557786632,0.15316395569299088,0.01259340789530237,0.08042117185846206,0.028317489335260477
semseg-spunet-pheno4d-maize,1,Maize02,M02_0317_a,861631,0.1384973099078547,0.002014873196466027,0.27497974661924335,0.38958470665787737,0.022235471539297863,0.18835412953060013,0.050051314439093705,0.0009970089730807576,3.573725966692874e-05,0.0003549875754348598,8.239947264337508e-05,0.0025057130024337564,0.07108959635853399,0.0063577099709736535,0.028020115339397026,-0.056793547907624364,0.1273617055083723,0.044142751354837195,0.11343045295198616,0.19529085781547906,0.011135604399482395,0.0943545585530175,0.02506685695586854,0.4036885245901639,0.0343333694357197,0.21325260679448368,0.07324399260628466,0.0011441647597254005,5.607581450120563e-05,0.00042735042735042735,0.0001246416552411816,0.0017002638020219792,0.021432608622484566,0.0034515935475859156,0.010047224391880051,-0.06391903476708996,0.12130258728274423,0.03165733129693764,0.10181299277709177,0.20241634467494465,0.017194722625110452,0.10683997861091706,0.036684317130762915
semseg-spunet-pheno4d-maize,1,Maize02,M02_0319_a,1133991,0.2692069458081118,0.0006412694962230314,0.5377726221200005,0.07573812580231065,0.004699073459526907,0.027703866019721395,0.009178593652769134,0.00035310734463276836,2.61882938326568e-05,0.00014486455164421265,5.04999495000505e-05,0.005290165442230141,0.09175469646584497,0.012909273530389571,0.04054705901545956,0.23116132923464006,0.266844314931432,0.25528258052242897,0.2645923990069772,0.03804561657347171,0.002362630876679782,0.013924365285682803,0.0046145468011345924,0.16465116279069766,0.007450749284391311,0.06278822277403334,0.01628185079569497,0.0011123470522803114,4.240882103477523e-05,0.00037835792659856227,9.350163627863488e-05,0.0009488611461642994,0.02094990171879671,0.002486792223218703,0.009587377677600616,0.1863251908866228,0.26546036675539875,0.23762365545779582,0.26101926959212496,0.08288175492148898,0.0037465790527130434,0.03158329035031595,0.008187676215986801
semseg-spunet-pheno4d-maize,1,Maize02,M02_0321_a,1444663,0.1373147574550566,0.0001740271559708717,0.27445548775414236,0.03935599284436494,0.003033230727750691,0.021934369602763387,0.00646211287157149,0.04550379198266522,0.0028003111456828536,0.0200445434298441,0.005893633939847514,0.0029557066250052782,0.05950938038836739,0.006700524620620865,0.025219722523522788,0.09488486504154153,0.13439798651833984,0.11632530093875287,0.13113688404934712,0.04242989241351508,0.0029167709367167722,0.020989456516303743,0.006177873405709502,0.09745293466223699,0.00439167208848406,0.04115359688917693,0.009994817502035982,0.1339001062699256,0.0041000943672513095,0.040842787682333875,0.00933471625425989,0.0007122768424193047,0.021365536460752437,0.002223355896842378,0.009436802908359942,0.021638236988975323,0.13306887422718894,0.0963165651693012,0.12764999057690868,0.11567652046608129,0.0042458832278676846,0.0409981922857554,0.009664766878147936
semseg-spunet-pheno4d-maize,1,Maize02,M02_0324_a,1311008,0.2387013262804046,1.9082148649937982e-05,0.4773835704121593,0.027522935779816515,0.0004888381945576015,0.007978723404255319,0.0013597733711048158,0.1488,0.0037749487972370587,0.05245346869712352,0.010134030728996404,0.0006720020015133394,0.02525003661304889,0.001778021186750958,0.008639916766335522,0.15053985839049636,0.2365694327845073,0.20848523022971518,0.232954424230354,0.08816146788990825,0.0021318934958973303,0.03021609605068942,0.005746902050050609,0.027522935779816515,0.0005516987724702312,0.008124576844955992,0.0014919806042521448,0.17988394584139264,0.004259802125320631,0.05969191270860077,0.011447562776957163,0.0004035063096487588,0.016661988332641754,0.0011975518074641802,0.006205911786960873,0.13499788546980002,0.23629557583150917,0.20479308150362624,0.23223155458979997,0.10370344081060458,0.002405750448895431,0.03390824477677838,0.006469771690604654
semseg-spunet-pheno4d-maize,1,Maize02,M02_0325_a,1671990,0.20609483258558603,6.852280069001373e-05,0.41212114237048203,0.07142857142857142,0.0020925366193908393,0.024696197569580556,0.00625,0.006719609040928528,0.0003473099267491791,0.002727498140342177,0.0009446114212108201,0.0017673550679130855,0.029864413064671438,0.0038199989234385372,0.010867887965837117,0.16702074235083605,0.204874909312516,0.19238298473062465,0.20249752687498063,0.039074090234749975,0.0012199232730700092,0.013711847854961367,0.0035973057106054103,0.07300115874855156,0.002595797280593325,0.029577464788732393,0.008445040214477211,0.013563501849568433,0.00045420761417127757,0.0052935514918190565,0.0014848812095032398,0.0005227303991052579,0.014522216041961973,0.0012805100508974335,0.004468328159857415,0.16281250228652602,0.20456983013820373,0.1886593244453103,0.2011298718735958,0.04328233029906,0.0015250024473823013,0.017435508140275724,0.0049649607119902255
semseg-spunet-pheno4d-maize,2,Maize01,M01_0313_a,1554168,0.5027724045609155,0.48975271442672347,0.5157920946951076,0.48767073058942156,0.6477911089534641,0.5267583341576813,0.5830745724284094,0.0,0.4118906621164977,0.0,0.03990008101539293,0.008270019714728395,0.08313258283531767,0.017249743914428812,0.04058891960199927,0.25893703926620476,-0.027068480974065445,0.23939323748207492,0.19128507783901438,0.24383536529471078,0.529840885534981,0.2633791670788406,0.31148732672190116,0.5143519114429141,0.5957920337738619,0.5128949978744509,0.465677249671238,0.0,0.4118906621164977,0.0,0.03990008101539293,0.004998816086806575,0.0359645804057219,0.009081386310875015,0.017505186054532072,0.24559644883945847,-0.0010689433842642204,0.24632490562369008,0.2499837392176001,0.2571759557214571,0.5038413479451798,0.25644749893722546,0.25278866534331546
semseg-spunet-pheno4d-maize,2,Maize01,M01_0315_a,1301557,0.5067491231950731,0.5455599696879234,0.46793827670222277,0.5848279917671273,0.951141720059838,0.7090267271810389,0.8849298677125573,0.718978102189781,0.9836834208552138,0.8302990897269181,0.9528114265051528,0.004201890504987488,0.06953517978851484,0.008962342794053583,0.0266388640681891,-0.145153923783381,-0.4606634472624527,-0.2629137852589054,-0.4121215239137819,0.6519030469784541,0.9674125704575258,0.7696629084539786,0.918870647108855,0.6685314685314685,0.9833700787401575,0.8555008210180624,0.9526796917010217,0.718978102189781,0.9836834208552138,0.8302990897269181,0.9528114265051528,0.001003413603860607,0.02428860203586935,0.0023871409396591927,0.008337706300991812,-0.1870056621655516,-0.47677762660261247,-0.33615083217741715,-0.4459964359080142,0.6937547853606247,0.9835267497976856,0.8428999553724903,0.9527455591030873
semseg-spunet-pheno4d-maize,2,Maize01,M01_0317_a,803846,0.8725253498337934,0.8540342368455037,0.891016462822083,0.457288662081207,0.7811863321497177,0.5550481362626511,0.7154659616655651,0.23515579071134626,0.6430508074973477,0.3039405684754522,0.49282296650717705,0.006264881581795518,0.08452862861791935,0.013090815902548498,0.03494450429559891,0.5263031234375167,0.16040678001026076,0.4430309974647417,0.26838088574742225,0.34622222639627664,0.7121185698235326,0.42949435236905165,0.6041444640863711,0.4707078925956062,0.7456720441430437,0.5692584449330402,0.6878943383528224,0.23515579071134626,0.643733773896625,0.3039405684754522,0.49282296650717705,0.003555407379025336,0.04310651542708429,0.007394451175971517,0.019272348186095346,0.5195935081803171,0.17782244081395904,0.4359258431295472,0.28216669740379363,0.35293184165347624,0.6947029090198343,0.4365995067042462,0.5903586524299997
semseg-spunet-pheno4d-maize,2,Maize01,M01_0319_a,860826,0.8770291033126747,0.8851775294053085,0.8688806772200408,0.48749583194398133,0.933577010335266,0.6813580439183927,0.8720859640602234,0.5540229885057472,0.9131503754402286,0.6151945645460161,0.8061693608186268,0.005468003986868426,0.07852225653035573,0.013205920824882148,0.03570756459493556,0.3562696930878104,-0.04633458957507264,0.2287527990804703,0.03790144087324965,0.5207594102248643,0.9233636928877473,0.6482763042322044,0.839127662439425,0.5322483423749247,0.9420661595612949,0.6941925998529772,0.8844660194174757,0.5540229885057472,0.9131503754402286,0.6151945645460161,0.8061693608186268,0.0030470733922999538,0.04223269278576623,0.007054851967761197,0.01947780387674164,0.3338934378723388,-0.050579164188087056,0.22233552111317811,0.03171141319462345,0.5431356654403359,0.9276082675007618,0.6546935821994966,0.8453176901180512
semseg-spunet-pheno4d-maize,2,Maize01,M01_0321_a,1114990,0.28377413254080397,0.29425479805598875,0.2732934670256192,0.5278993435448578,0.45680826779655714,0.5700799790218959,0.5493188446326555,0.2504743833017078,0.17355132749764884,0.30763435459568056,0.2975711131315755,0.0047874868832904335,0.0907174055372694,0.011964232863075006,0.03901380281437502,-0.10541273088247882,-0.03140566510629905,-0.15508303426798425,-0.13967084634131155,0.3891868634232828,0.315179797647103,0.4388571668087882,0.4234449788821155,0.5326370757180157,0.4698438743038982,0.5954812751470133,0.5805164812093219,0.4212218649517685,0.2515472568970943,0.4788401253918495,0.4298319722143997,0.0013856626516829747,0.04260845388747881,0.00401976699342595,0.017002843074825785,-0.1931553377940881,-0.07692143305969223,-0.25338656772862744,-0.22140009417105688,0.4769294703348921,0.3606955656004962,0.5371607002694314,0.5051742267118609
semseg-spunet-pheno4d-maize,2,Maize01,M01_0324_a,1214597,0.8031468947751312,0.8103326327027658,0.7959611568474967,0.3978779840848806,0.7844712628350446,0.4736560577694571,0.6732737225036548,0.46416938110749184,0.5582257869979496,0.44357690041249265,0.4700367549139722,0.004475558559752741,0.0793275465030788,0.010634803148698704,0.0372172827695112,0.372123212178945,0.13179836985863413,0.3445304156841564,0.23149165606631772,0.43102368259618623,0.6713485249164971,0.45861647909097486,0.5716552387088135,0.27353215284249766,0.7517921326880986,0.37845163476198546,0.5990801237964236,0.475,0.5612210870949161,0.4485326977506331,0.47194737123602715,0.0029540662458412133,0.05798466487238154,0.007367052610865991,0.02686899440719844,0.4288808183538824,0.1466402848836239,0.389654728518822,0.26763314725890586,0.3742660764212488,0.6565066098915073,0.41349216625630925,0.5355137475162254
semseg-spunet-pheno4d-maize,2,Maize01,M01_0325_a,1407956,0.6588179391682678,0.6733201223945977,0.644315755941938,0.3653904130238167,0.7875134594677742,0.5434197478396373,0.6978297161936561,0.4008730447435431,0.6491401300090512,0.5248495270851247,0.6213501131533918,0.003832506129452909,0.07616644270133442,0.0091679001332428,0.03174673072169869,0.2756862102845879,-0.05950885557014485,0.12468330170588682,-0.0007719755052562061,0.3831317288836799,0.7183267947384127,0.534134637462381,0.659589914673524,0.26935123042505593,0.7612097124191964,0.48352067060392456,0.6531206951361661,0.4008730447435431,0.6506570627371199,0.5248495270851247,0.6213501131533918,0.0023857279630897558,0.049529246652594255,0.00594194704948166,0.021647693535877543,0.3237058015839683,-0.04711544840989035,0.15463284032374314,0.021582535023488836,0.33511213758429953,0.7059333875781582,0.5041850988445247,0.637235404144779
semseg-spunet-pheno4d-maize,2,Maize02,M02_0313_a,1729943,0.042035583303584895,0.006231532691870596,0.07783963391529919,0.44032158317872605,0.042221889504416826,0.3009578970817554,0.09576480861592199,0.0,0.0,0.0,0.0,0.0018873454212075195,0.0731989435490071,0.005434283094876536,0.026666774570029184,-0.17812520828577813,0.02092463855137648,-0.10844336523729281,-0.005846821004376099,0.22016079158936303,0.021110944752208413,0.1504789485408777,0.04788240430796099,0.44389027431421446,0.06450769582693376,0.3868843069873998,0.17111650485436894,0.0,0.0,0.0,0.0,0.0009358689852787057,0.017716190649056066,0.0020278124770584925,0.006695596328896386,-0.17990955385352234,0.009781735390118014,-0.151406570190115,-0.043522669123599575,0.22194513715710723,0.03225384791346688,0.1934421534936999,0.08555825242718447
semseg-spunet-pheno4d-maize,2,Maize02,M02_0315_a,1441265,0.21093953027443058,0.001980573385800008,0.41989848716306116,0.15789473684210525,0.010395581020345147,0.0709020709020709,0.022993739328400684,0.01551216902915218,0.0009925218611496142,0.0066743383199079406,0.0021888444410898935,0.003917392013266124,0.08916750215956122,0.00971507668610561,0.03474309027139353,0.12423607733880186,0.2052454788336832,0.17215132566344116,0.1983482383896853,0.08670345293562871,0.005694051440747381,0.03878820461098942,0.012591291884745288,0.18574108818011256,0.014540742873596314,0.09295904279797515,0.03270725388601036,0.021788129226145755,0.001410231472476172,0.009713615809747111,0.0032258064516129032,0.0022591265312069606,0.028956506957429757,0.004563352332846492,0.01289561600399649,0.10717492157130142,0.20296404310139432,0.15960320097056946,0.19297300010561894,0.10376460870312916,0.007975487173036243,0.05133632930386113,0.017966530168811633
semseg-spunet-pheno4d-maize,2,Maize02,M02_0317_a,861631,0.2663385952795376,0.0031512399444129104,0.5295259506146623,0.4006688963210702,0.02260045622038954,0.1923536439665472,0.0509131156613171,0.0,0.0,0.0,0.0,0.0025057130024337564,0.07108959635853399,0.0063577099709736535,0.028020115339397026,0.06600414711900252,0.25503836716934286,0.17016177329626403,0.24088203744887907,0.2003344481605351,0.01130022811019477,0.0961768219832736,0.02545655783065855,0.4088737201365188,0.03487301673254995,0.21654337592468056,0.07439066651264872,0.0,0.0,0.0,0.0,0.0017002638020219792,0.021432608622484566,0.0034515935475859156,0.010047224391880051,0.06190173521127823,0.24890208691326265,0.15806690731719736,0.22914326202321328,0.2044368600682594,0.017436508366274975,0.10827168796234028,0.03719533325632436
semseg-spunet-pheno4d-maize,2,Maize02,M02_0319_a,1133991,0.26152910390647716,0.0,0.5230582078129543,0.0,0.0,0.0,0.0,0.13160518444666003,0.017360930087065324,0.07598870056497176,0.03288452875519295,0.005290165442230141,0.09175469646584497,0.012909273530389571,0.04054705901545956,0.19572651168314714,0.2528486388629445,0.22353475362399128,0.2450868395288807,0.06580259222333001,0.008680465043532662,0.03799435028248588,0.016442264377596476,0.0,0.0,0.0,0.0,0.3680297397769517,0.028033842656901124,0.19078014184397163,0.060430463576158944,0.0009488611461642994,0.02094990171879671,0.002486792223218703,0.009587377677600616,0.07751423401800131,0.2475121825780266,0.16613903298449134,0.23131387211839768,0.18401486988847585,0.014016921328450562,0.09539007092198581,0.030215231788079472
semseg-spunet-pheno4d-maize,2,Maize02,M02_0321_a,1444663,0.26531754069746205,0.00020123370206254584,0.5304338476928615,0.03705281090289608,0.0022636604061141243,0.015929503473987458,0.004809065803256833,0.003620564808110065,0.0002221235006663705,0.001584786053882726,0.00046720239207624745,0.0029557066250052782,0.05950938038836739,0.006700524620620865,0.025219722523522788,0.24498085284195897,0.2640746487440718,0.256560395933527,0.2626794065997955,0.020336687855503074,0.0012428919533902475,0.008757144763935092,0.00263813409766654,0.08537782139352307,0.0032732693803474203,0.029356652092442224,0.0074139323203406,0.010706638115631691,0.0003251398101183509,0.0032164683177870698,0.0007394808844191378,0.0007122768424193047,0.021365536460752437,0.002223355896842378,0.009436802908359942,0.21727531094288466,0.2635183361022292,0.2490309804923474,0.2612408340950822,0.04804222975457738,0.0017992045952328855,0.016286560205114646,0.004076706602379869
semseg-spunet-pheno4d-maize,2,Maize02,M02_0324_a,1311008,0.3092411104227837,0.0,0.6184822208455674,0.0,0.0,0.0,0.0,0.44724409448818897,0.04227387691195953,0.4127874369040942,0.11320343964297376,0.0006720020015133394,0.02525003661304889,0.001778021186750958,0.008639916766335522,0.0856190631786892,0.28810417196680393,0.10284739197073658,0.2526393906012968,0.22362204724409449,0.021136938455979765,0.2063937184520471,0.05660171982148688,0.0,0.0,0.0,0.0,0.538899430740038,0.048214285714285716,0.46938775510204084,0.12785837226456848,0.0004035063096487588,0.016661988332641754,0.0011975518074641802,0.006205911786960873,0.03979139505276469,0.2851339675656408,0.07454723287176326,0.24531192429049944,0.269449715370019,0.024107142857142858,0.23469387755102042,0.06392918613228424
semseg-spunet-pheno4d-maize,2,Maize02,M02_0325_a,1671990,0.32014946167805935,0.0,0.6402989233561187,0.0,0.0,0.0,0.0,0.12209648600357356,0.038784133190389106,0.09865030674846625,0.06759647471549585,0.0017673550679130855,0.029864413064671438,0.0038199989234385372,0.010867887965837117,0.25910121867627256,0.3007573950828648,0.2708243083038262,0.28635122432031146,0.06104824300178678,0.019392066595194553,0.04932515337423313,0.03379823735774792,0.0,0.0,0.0,0.0,0.2403282532239156,0.050700741962077495,0.18962264150943398,0.10604026845637583,0.0005227303991052579,0.014522216041961973,0.0012805100508974335,0.004468328159857415,0.19998533506610155,0.2947990906970206,0.22533814092334237,0.26712932744987145,0.1201641266119578,0.025350370981038747,0.09481132075471699,0.053020134228187916
semseg-spunet-pheno4d-maize,3,Maize01,M01_0313_a,1554168,0.9639133369607291,0.9469099854410362,0.9809166884804219,0.5910052321050874,0.8983661701105238,0.7155155020512476,0.8482728935758097,0.29287039491121125,0.8999966542875305,0.5652363636363636,0.7982041587901701,0.008270019714728395,0.08313258283531767,0.017249743914428812,0.04058891960199927,0.5219755234525798,0.06473192476170198,0.32353740411692344,0.14067481077773913,0.4419378135081493,0.8991814121990271,0.6403759328438057,0.82323852618299,0.5996398559423769,0.8969132609070529,0.7077630035197497,0.805694597932783,0.29287039491121125,0.8999966542875305,0.5652363636363636,0.7982041587901701,0.004998816086806575,0.0359645804057219,0.009081386310875015,0.017505186054532072,0.517658211533935,0.06545837936343735,0.32741365338267236,0.1619639585992525,0.4462551254267941,0.8984549575972918,0.6364996835780568,0.8019493783614766
semseg-spunet-pheno4d-maize,3,Maize01,M01_0315_a,1301557,0.9971464167822388,0.99589876195555,0.9983940716089275,0.6713147410358565,0.9692816091954023,0.7990601503759398,0.9258359927847926,0.8128950695322377,0.9896022549326652,0.8898473788984738,0.9698181818181818,0.004201890504987488,0.06953517978851484,0.008962342794053583,0.0266388640681891,0.25504151149819165,0.01770448471820507,0.15269265214503203,0.049319329480751684,0.7421049052840472,0.9794419320640337,0.8444537646372068,0.9478270873014871,0.7767722473604827,0.9895029720500822,0.9060022650056625,0.9699166364624864,0.8128950695322377,0.9896022549326652,0.8898473788984738,0.9698181818181818,0.001003413603860607,0.02428860203586935,0.0023871409396591927,0.008337706300991812,0.20231275833587858,0.00759380329086512,0.09922159483017068,0.027279007641904718,0.7948336584463602,0.9895526134913737,0.8979248219520681,0.9698674091403341
semseg-spunet-pheno4d-maize,3,Maize01,M01_0317_a,803846,0.9922007026274446,0.9881777616781651,0.9962236435767242,0.6066542288557214,0.949059950336999,0.7541688155406567,0.8996926515786533,0.693200663349917,0.9664047842401501,0.8211610486891385,0.9228074902330594,0.006264881581795518,0.08452862861791935,0.013090815902548498,0.03494450429559891,0.34227325652462537,0.03446833533887017,0.204535770512547,0.08095063172158823,0.6499274461028193,0.9577323672885745,0.7876649321148976,0.9112500709058564,0.6576802507836991,0.9689410209813316,0.8292978208232445,0.9346692922506661,0.693200663349917,0.9664047842401501,0.8211610486891385,0.9228074902330594,0.003555407379025336,0.04310651542708429,0.007394451175971517,0.019272348186095346,0.31676024556063664,0.024527800016703738,0.16697126787125316,0.0634623113855819,0.675440457066808,0.9676729026107409,0.8252294347561915,0.9287383912418627
semseg-spunet-pheno4d-maize,3,Maize01,M01_0319_a,860826,0.9985692779126241,0.9984528750128316,0.9986856808124166,0.8371150729335495,0.9864591689395155,0.9292307692307692,0.9734607886296459,0.8120567375886525,0.9833452979181623,0.8968217411331184,0.9587482219061166,0.005468003986868426,0.07852225653035573,0.013205920824882148,0.03570756459493556,0.17398337265152308,0.013667044483785196,0.08554302273068026,0.03246477264474279,0.824585905261101,0.9849022334288389,0.9130262551819438,0.9661045052678813,0.8773474178403756,0.9898914099055355,0.9463982536987631,0.9798628209637706,0.8120567375886525,0.9833452979181623,0.8968217411331184,0.9587482219061166,0.0030470733922999538,0.04223269278576623,0.007054851967761197,0.01947780387674164,0.15386720019811007,0.011950924000775132,0.07695928049668332,0.029263756477680425,0.844702077714514,0.9866183539118489,0.9216099974159407,0.9693055214349436
semseg-spunet-pheno4d-maize,3,Maize01,M01_0321_a,1114990,0.8222196511036124,0.8909489966555184,0.7534903055517065,0.5379494007989347,0.720148796141111,0.5756877430505545,0.6663440498232621,0.303670745272525,0.6166812795203213,0.3371131585164186,0.410429122833573,0.0047874868832904335,0.0907174055372694,0.011964232863075006,0.03901380281437502,0.4014095780678825,0.1538046132728963,0.3658192003201258,0.28383306477519477,0.42081007303572987,0.6684150378307161,0.45640045078348657,0.5383865863284176,0.35642570281124497,0.8511675472984489,0.5344036697247706,0.7716419013824204,0.4607594936708861,0.8065447118373146,0.5028188865398168,0.6377749029754204,0.0013856626516829747,0.04260845388747881,0.00401976699342595,0.017002843074825785,0.41362705286254686,-0.006636478464269402,0.3036083729713187,0.117511248924692,0.40859259824106553,0.8288561295678818,0.5186112781322937,0.7047084021789204
semseg-spunet-pheno4d-maize,3,Maize01,M01_0324_a,1214597,0.8818214042864103,0.8915134820662323,0.8721293265065883,0.5746031746031746,0.964176918082999,0.7803308823529411,0.9367148613415501,0.5694504543487667,0.9165237020316027,0.693717277486911,0.8644353029169783,0.004475558559752741,0.0793275465030788,0.010634803148698704,0.0372172827695112,0.3097945898104397,-0.05852890577089054,0.14479732436648418,-0.018753677842853866,0.5720268144759706,0.9403503100573009,0.7370240799199261,0.9005750821292642,0.5620598591549296,0.9692424910775154,0.7866732968672302,0.9411789869952087,0.5694504543487667,0.9190963419051068,0.693717277486911,0.8694752680082753,0.0029540662458412133,0.05798466487238154,0.007367052610865991,0.02686899440719844,0.31606624753456214,-0.062348012204900716,0.1416261171093397,-0.02350572321533173,0.5657551567518482,0.944169416491311,0.7401952871770706,0.905327127501742
semseg-spunet-pheno4d-maize,3,Maize01,M01_0325_a,1407956,0.8293874019529978,0.859927649287637,0.7988471546183585,0.3120706575073602,0.4083396306845705,0.3331367055006636,0.34794150926973627,0.36160558464223386,0.45727963552882134,0.4156185210780926,0.44001826275539324,0.003832506129452909,0.07616644270133442,0.0091679001332428,0.03174673072169869,0.4925492808782007,0.3965777688463018,0.45500978866361963,0.43540751594043303,0.33683812107479705,0.43280963310669596,0.37437761328937813,0.39397988601256473,0.212656048213517,0.3094269786145129,0.21104683709647323,0.22220456591980509,0.36160558464223386,0.45727963552882134,0.4156185210780926,0.44001826275539324,0.0023857279630897558,0.049529246652594255,0.00594194704948166,0.021647693535877543,0.5422565855251223,0.4460340948813306,0.5160547228657149,0.4982759876153986,0.2871308164278754,0.38335330707166715,0.3133326790872829,0.33111141433759916
semseg-spunet-pheno4d-maize,3,Maize02,M02_0313_a,1729943,0.0006919731991435022,0.001250471465459715,0.00013347493282728925,0.15934331240946403,0.0089904046725073,0.0763372298972724,0.019770642201834863,0.019286403085824494,0.000960253841015364,0.008201105366375468,0.0021135820621209335,0.0018873454212075195,0.0731989435490071,0.005434283094876536,0.026666774570029184,-0.08862288454850076,-0.00428335605761783,-0.04157719443268044,-0.010250138932834395,0.08931485774764426,0.004975329256761332,0.04226916763182394,0.010942112131977898,0.210727969348659,0.014090953673129108,0.125,0.037406700225655266,0.031031807602792862,0.0015223218717940231,0.014949626259343516,0.004124820659971305,0.0009358689852787057,0.017716190649056066,0.0020278124770584925,0.006695596328896386,-0.12018791527658243,-0.007114664573318063,-0.06928283993052825,-0.020073787243669785,0.12087988847572594,0.007806637772461565,0.06997481312967176,0.020765760442813287
semseg-spunet-pheno4d-maize,3,Maize02,M02_0315_a,1441265,0.017429868363065166,0.0005144618768040529,0.03434527484932628,0.07310267857142858,0.004507139170824015,0.03125372778241679,0.010003436294910465,0.06411201179071481,0.0044402102720266755,0.0288908567633385,0.009723567543402131,0.003917392013266124,0.08916750215956122,0.00971507668610561,0.03474309027139353,-0.05117747681800654,0.01295619364163982,-0.012642423909812479,0.007566366443908868,0.0686073451810717,0.004473674721425345,0.030072292272877645,0.009863501919156298,0.08747913188647746,0.006317363103706026,0.04148195060164661,0.014297407912687585,0.0871743486973948,0.006293402777777778,0.04133016627078385,0.01424361493123772,0.0022591265312069606,0.028956506957429757,0.004563352332846492,0.01289561600399649,-0.06989687192887097,0.011124485422323263,-0.02397619007315006,0.003159356941102514,0.08732674029193613,0.006305382940741902,0.041406058436215226,0.014270511421962652
semseg-spunet-pheno4d-maize,3,Maize02,M02_0317_a,861631,0.1227479024856152,0.00016803436455513666,0.24532777060667527,0.03800967519004837,0.0019355292792792792,0.0168247170388498,0.004375497215592681,0.030539311241065625,0.0016456006442351458,0.013839811542991754,0.00369642154935116,0.0025057130024337564,0.07108959635853399,0.0063577099709736535,0.028020115339397026,0.0884734092700582,0.120957337523858,0.10741563819469443,0.11871194310314329,0.034274493215557,0.0017905649617572126,0.015332264290920779,0.004035959382471921,0.038787023977433006,0.002985884907709012,0.018790570550051247,0.006387921022067364,0.03333333333333333,0.0025526830328046926,0.016101404590613225,0.005463845617298303,0.0017002638020219792,0.021432608622484566,0.0034515935475859156,0.010047224391880051,0.08668772383023204,0.11997861851535835,0.10530191491528297,0.11682201916593238,0.03606017865538317,0.0027692839702568523,0.017445987570332236,0.005925883319682834
semseg-spunet-pheno4d-maize,3,Maize02,M02_0319_a,1133991,0.31466541452638686,0.0,0.6293308290527737,0.0,0.0,0.0,0.0,0.13426387504154205,0.04215108701319013,0.13290960451977402,0.06847189549026478,0.005290165442230141,0.09175469646584497,0.012909273530389571,0.04054705901545956,0.24753347700561584,0.2935898710197918,0.24821061226649985,0.28042946678125447,0.06713193752077103,0.021075543506595067,0.06645480225988701,0.03423594774513239,0.0,0.0,0.0,0.0,0.3754646840148699,0.06137138527591868,0.33368794326241136,0.12582781456953643,0.0009488611461642994,0.02094990171879671,0.002486792223218703,0.009587377677600616,0.12693307251895192,0.2839797218884275,0.14782144289518118,0.25175150724161866,0.18773234200743494,0.03068569263795934,0.16684397163120568,0.06291390728476821
semseg-spunet-pheno4d-maize,3,Maize02,M02_0321_a,1444663,0.14334923703368568,0.0,0.28669847406737137,0.0,0.0,0.0,0.0,0.15470773538676935,0.06574340793263904,0.151567129268673,0.051640792042391,0.0029557066250052782,0.05950938038836739,0.006700524620620865,0.025219722523522788,0.06599536934030101,0.11047753306736616,0.06756567239934919,0.11752884101249018,0.07735386769338468,0.03287170396631952,0.0757835646343365,0.0258203960211955,0.0,0.0,0.0,0.0,0.4295432458697765,0.03592950171709972,0.3026151930261519,0.08134673219394117,0.0007122768424193047,0.021365536460752437,0.002223355896842378,0.009436802908359942,-0.07142238590120256,0.1253844861751358,-0.007958359479390276,0.1026758709367151,0.21477162293488825,0.01796475085854986,0.15130759651307596,0.04067336609697059
semseg-spunet-pheno4d-maize,3,Maize02,M02_0324_a,1311008,0.17361437083261166,0.0,0.34722874166522333,0.0,0.0,0.0,0.0,0.3669291338582677,0.09810926899763157,0.2944475602916433,0.16806356808533798,0.0006720020015133394,0.02525003661304889,0.001778021186750958,0.008639916766335522,-0.009850196096522185,0.12455973633379588,0.026390590686790005,0.08958258678994267,0.18346456692913385,0.04905463449881579,0.14722378014582166,0.08403178404266899,0.0,0.0,0.0,0.0,0.44212523719165087,0.08543173702041938,0.33482142857142855,0.18982050651585936,0.0004035063096487588,0.016661988332641754,0.0011975518074641802,0.006205911786960873,-0.04744824776321377,0.13089850232240197,0.00620365654689739,0.07870411757468199,0.22106261859582543,0.04271586851020969,0.16741071428571427,0.09491025325792968
semseg-spunet-pheno4d-maize,3,Maize02,M02_0325_a,1671990,0.19260624791894743,0.0,0.38521249583789485,0.0,0.0,0.0,0.0,0.2641176470588235,0.22149046793760832,0.2470703125,0.25025623505295524,0.0017673550679130855,0.029864413064671438,0.0038199989234385372,0.010867887965837117,0.06054742438953567,0.08186101395014327,0.06907109166894743,0.0674781303924698,0.13205882352941176,0.11074523396880416,0.12353515625,0.12512811752647762,0.0,0.0,0.0,0.0,0.5137299771167048,0.2730530044067378,0.47267631947687994,0.3505554811939499,0.0005227303991052579,0.014522216041961973,0.0012805100508974335,0.004468328159857415,-0.06425874063940495,0.05607974571557853,-0.04373191181949254,0.01732850732197247,0.2568649885583524,0.1365265022033689,0.23633815973843997,0.17527774059697496
semseg-spunet-pheno4d-maize,4,Maize01,M01_0313_a,1554168,0.9622103082709164,0.9467217229780611,0.9776988935637717,0.5834894742643006,0.8980057664584334,0.7145066917748335,0.8477348541913268,0.20275642724622317,0.8838034059352939,0.49483636363636363,0.765527950310559,0.008270019714728395,0.08313258283531767,0.017249743914428812,0.04058891960199927,0.5690873575156544,0.07130572207405272,0.35753878056531785,0.15557890601997348,0.39312295075526194,0.8909045861968636,0.6046715277055985,0.8066314022509429,0.5705311250713878,0.882187319786967,0.6757841672890217,0.781118043738577,0.20275642724622317,0.8838034059352939,0.49483636363636363,0.765527950310559,0.004998816086806575,0.0359645804057219,0.009081386310875015,0.017505186054532072,0.5755665321121108,0.07921494540978591,0.37690004280822365,0.1888873112463484,0.3866437761588055,0.8829953628611305,0.5853102654626927,0.773322997024568
semseg-spunet-pheno4d-maize,4,Maize01,M01_0315_a,1301557,0.9980899643797008,0.9978239975395026,0.9983559312198991,0.7787819253438114,0.9834778293487463,0.8815155955620683,0.9591954437315262,0.7978208232445521,0.989375,0.8897535667963683,0.969286359530262,0.004201890504987488,0.06953517978851484,0.008962342794053583,0.0266388640681891,0.20978859008551898,0.01166354970532768,0.11245538320048243,0.03384906274880661,0.7883013742941818,0.9864264146743731,0.8856345811792183,0.9642409016308942,0.7418856259659969,0.989228917189381,0.9020172910662824,0.9690176781483506,0.7978208232445521,0.989375,0.8897535667963683,0.969286359530262,0.001003413603860607,0.02428860203586935,0.0023871409396591927,0.008337706300991812,0.22823673977442627,0.008788005785010267,0.10220453544837538,0.028937945540394416,0.7698532246052745,0.9893019585946905,0.8958854289313254,0.9691520188393064
semseg-spunet-pheno4d-maize,4,Maize01,M01_0317_a,803846,0.9814846610981658,0.9768000784775358,0.9861692437187958,0.5340472267984624,0.9023130937629079,0.6579065925814687,0.8447094478850968,0.3651406508549366,0.8718735788994998,0.4713216957605985,0.7627005347593583,0.006264881581795518,0.08452862861791935,0.013090815902548498,0.03494450429559891,0.5318907222714663,0.09439132476696188,0.4168705169271322,0.17777966977593818,0.4495939388266995,0.8870933363312039,0.5646141441710336,0.8037049913222276,0.47586520947176686,0.9108372598767669,0.6173285198555957,0.8240523142944722,0.3651406508549366,0.8990621336459554,0.4713216957605985,0.7681432610744581,0.003555407379025336,0.04310651542708429,0.007394451175971517,0.019272348186095346,0.5609817309348141,0.07653496433680462,0.4371595532900687,0.18538687341370064,0.4205029301633517,0.9049496967613612,0.5443251078080971,0.7960977876844652
semseg-spunet-pheno4d-maize,4,Maize01,M01_0319_a,860826,0.9883943333829144,0.9897772615518776,0.9870114052139513,0.7347876004592423,0.9751293020879893,0.8759780256367571,0.9514883547141612,0.5429056924384027,0.9558058307791004,0.7388591800356507,0.8916652105539052,0.005468003986868426,0.07852225653035573,0.013205920824882148,0.03570756459493556,0.3495476869340919,0.02292676694936957,0.18097573054671057,0.06681755074888118,0.6388466464488225,0.9654675664335448,0.8074186028362038,0.9215767826340332,0.7288306451612904,0.9729800400941341,0.8672706681766704,0.9468449931412894,0.5429056924384027,0.9558058307791004,0.7388591800356507,0.8916652105539052,0.0030470733922999538,0.04223269278576623,0.007054851967761197,0.01947780387674164,0.35252616458306785,0.024001397946297187,0.1853294092767539,0.06913923153531698,0.6358681687998465,0.9643929354366172,0.8030649241061605,0.9192551018475974
semseg-spunet-pheno4d-maize,4,Maize01,M01_0321_a,1114990,0.7413204330481558,0.8276621335724024,0.6549787325239091,0.5534013605442177,0.6920159486531168,0.579360465116279,0.6533057676891271,0.2978488692774407,0.5491583452211127,0.33208693620004676,0.39836800705726677,0.0047874868832904335,0.0907174055372694,0.011964232863075006,0.03901380281437502,0.31569531813732654,0.12073328611104106,0.28559673238999284,0.21548354567495887,0.4256251149108292,0.6205871469371147,0.4557237006581629,0.5258368873731969,0.34503510531594783,0.8621488955549496,0.5230920406157877,0.7439384979302188,0.45,0.8175106909745667,0.49271844660194175,0.6093556730012369,0.0013856626516829747,0.04260845388747881,0.00401976699342595,0.017002843074825785,0.3438028803901818,-0.09850936021660239,0.23341518943929107,0.06467334758242793,0.39751755265797395,0.8398297932647582,0.5079052436088647,0.6766470854657278
semseg-spunet-pheno4d-maize,4,Maize01,M01_0324_a,1214597,0.8279958145642192,0.8336290696512277,0.8223625594772108,0.32342253055830855,0.8992392900040037,0.4761586750367303,0.8122364304176303,0.4541387024608501,0.7737891086467741,0.46022813688212927,0.6443036230885797,0.004475558559752741,0.0793275465030788,0.010634803148698704,0.0372172827695112,0.43921519805463993,-0.008518384761169617,0.3598024086047894,0.09972578781111419,0.3887806165095793,0.8365141993253888,0.4681934059594298,0.728270026753105,0.23211813567143516,0.8955649779956996,0.41185410334346506,0.7865463142058887,0.4606158833063209,0.7851287603433609,0.4648947611000154,0.6524832589285714,0.0029540662458412133,0.05798466487238154,0.007367052610865991,0.02686899440719844,0.48162880507534117,-0.01235105460531094,0.389621382342479,0.10848102799698922,0.34636700948887805,0.8403468691695302,0.4383744322217402,0.71951478656723
semseg-spunet-pheno4d-maize,4,Maize01,M01_0325_a,1407956,0.8831269625364393,0.9073626142285731,0.8588913108443054,0.2798561151079137,0.6012960902578517,0.310010932375449,0.4592035398230089,0.4316901408450704,0.5668574911299276,0.46740677483632226,0.5061168620070151,0.003832506129452909,0.07616644270133442,0.0091679001332428,0.03174673072169869,0.5273538345599472,0.2990501718425497,0.49441810893055366,0.4004667616214273,0.3557731279764921,0.5840767906938896,0.38870885360588564,0.482660200915012,0.2444653791804051,0.5519359514114156,0.2649268485567418,0.38405641080848313,0.4316901408450704,0.5693111514330061,0.46740677483632226,0.5068757229147924,0.0023857279630897558,0.049529246652594255,0.00594194704948166,0.021647693535877543,0.5450492025237015,0.3225034111142284,0.5169601508399073,0.4376608956748015,0.33807776001273776,0.5606235514222109,0.36616681169653204,0.4454660668616378
semseg-spunet-pheno4d-maize,4,Maize02,M02_0313_a,1729943,0.005892728855970402,0.010654835723393478,0.0011306219885473265,0.38465845464725645,0.020590792459231927,0.19650565262076053,0.04620069467573869,0.0011648223645894002,0.0001055654083269994,0.0003933910306845004,0.00023558235959291368,0.0018873454212075195,0.0731989435490071,0.005434283094876536,0.026666774570029184,-0.18701890964995255,-0.004455450077809061,-0.09255679296975211,-0.0173254096616954,0.19291163850592294,0.010348178933779463,0.09844952182572252,0.023218138517665802,0.42830423940149626,0.03170198178197133,0.27376861397479957,0.08396748529920443,0.002145922746781116,0.0001684806415742831,0.0007836990595611285,0.00047116471918582736,0.0009358689852787057,0.017716190649056066,0.0020278124770584925,0.006695596328896386,-0.2093323522181683,-0.010042502355802407,-0.13138342766120994,-0.03632659615322473,0.21522508107413868,0.01593523121177281,0.13727615651718034,0.04221932500919513
semseg-spunet-pheno4d-maize,4,Maize02,M02_0315_a,1441265,0.04822731753449737,0.0006754942436142718,0.09577914082538047,0.09252254873436136,0.005567177855772057,0.039792387543252594,0.012432432432432432,0.05977584059775841,0.0040871238568825465,0.02674392689993314,0.00896124262564409,0.003917392013266124,0.08916750215956122,0.00971507668610561,0.03474309027139353,-0.02792187713156251,0.043400166678170066,0.0149591603129045,0.03753048000545911,0.07614919466605988,0.004827150856327301,0.03326815722159287,0.010696837529038262,0.10543766578249338,0.007760158095146286,0.05081268739151018,0.017551509865910826,0.08168822328114364,0.005795421616922631,0.03836930455635491,0.013140604467805518,0.0022591265312069606,0.028956506957429757,0.004563352332846492,0.01289561600399649,-0.045335626997321146,0.04144952767846291,0.0036363215605648216,0.03288126036763919,0.09356294453181851,0.006777789856034459,0.04459099597393255,0.015346057166858173
semseg-spunet-pheno4d-maize,4,Maize02,M02_0317_a,861631,0.12543643711637836,0.00034149643120846666,0.25053137780154827,0.07805907172995781,0.0039141013434888395,0.03439727300898667,0.008870774394629586,0.048550236008091704,0.0025258726539203647,0.02155688622754491,0.005687653053163757,0.0025057130024337564,0.07108959635853399,0.0063577099709736535,0.028020115339397026,0.062131783247353606,0.12221645011767376,0.09745935749811258,0.11815722339248169,0.06330465386902476,0.003219986998704602,0.02797707961826579,0.007279213723896671,0.07968413496051686,0.0060342484370752925,0.03824948311509304,0.01292952824694234,0.053175775480059084,0.003922423185879277,0.025148445686342998,0.008424994149309618,0.0017002638020219792,0.021432608622484566,0.0034515935475859156,0.010047224391880051,0.059006481896090396,0.12045810130490107,0.09373747271566035,0.11475917591825238,0.06642995522028797,0.004978335811477285,0.03169896440071802,0.01067726119812598
semseg-spunet-pheno4d-maize,4,Maize02,M02_0319_a,1133991,0.3218740967267955,3.774492920466716e-05,0.6437104485243863,0.004634994206257242,0.00021859715277208514,0.0014077071969030442,0.0004321054337258291,0.06431189603465512,0.012906085414819836,0.027573529411764705,0.009764158029142257,0.005290165442230141,0.09175469646584497,0.012909273530389571,0.04054705901545956,0.2874006516063393,0.31531175544299955,0.3073834784224616,0.3167759649953615,0.03447344512045618,0.006562341283795961,0.014490618304333874,0.005098131731434043,0.009060022650056626,0.0003395297512944572,0.0030476190476190477,0.0007492741406762199,0.18071161048689138,0.008210872036717335,0.0693456614509246,0.017949189985272458,0.0009488611461642994,0.02094990171879671,0.002486792223218703,0.009587377677600616,0.2269882801583215,0.3175988958327896,0.2856774564775237,0.3125248646638212,0.094885816568474,0.004275200894005896,0.03619664024927183,0.009349232062974338
semseg-spunet-pheno4d-maize,4,Maize02,M02_0321_a,1444663,0.1503851823738751,0.0,0.3007703647477502,0.0,0.0,0.0,0.0,0.21386069303465174,0.13031243075559495,0.2954935287696866,0.19424560751138795,0.0029557066250052782,0.05950938038836739,0.006700524620620865,0.025219722523522788,0.04345483585654923,0.08522896699607763,0.002638417989031805,0.05326237861818113,0.10693034651732587,0.06515621537779748,0.1477467643848433,0.09712280375569397,0.0,0.0,0.0,0.0,0.5937803692905733,0.13568327609667596,0.589975093399751,0.3065356121176557,0.0007122768424193047,0.021365536460752437,0.002223355896842378,0.009436802908359942,-0.14650500227141156,0.08254354432553712,-0.14460236432600038,-0.0028826236849527342,0.29689018464528666,0.06784163804833798,0.2949875466998755,0.15326780605882784
semseg-spunet-pheno4d-maize,4,Maize02,M02_0324_a,1311008,0.2014689734941535,0.0,0.402937946988307,0.0,0.0,0.0,0.0,0.5510204081632653,0.07771043230441937,0.6168067226890757,0.20666013712047013,0.0006720020015133394,0.02525003661304889,0.001778021186750958,0.008639916766335522,-0.07404123058747913,0.1626137573419438,-0.10693438785038434,0.09813890493391843,0.2755102040816326,0.03885521615220969,0.30840336134453783,0.10333006856023506,0.0,0.0,0.0,0.0,0.6635160680529301,0.08858267716535433,0.7012738853503184,0.2334070796460177,0.0004035063096487588,0.016661988332641754,0.0011975518074641802,0.006205911786960873,-0.13028906053231154,0.15717763491147632,-0.14916796918100572,0.08476543367114464,0.33175803402646503,0.04429133858267716,0.3506369426751592,0.11670353982300885
semseg-spunet-pheno4d-maize,4,Maize02,M02_0325_a,1671990,0.16933952617666212,3.86804923639873e-06,0.33867518430408783,0.0075046904315197,0.0001356300013563,0.0018770530267480056,0.00041309511515026334,0.21301775147928995,0.018975571315996847,0.09495839451786588,0.03342451701145495,0.0017673550679130855,0.029864413064671438,0.0038199989234385372,0.010867887965837117,0.0590783052212573,0.15978392551798554,0.12092180240435518,0.1524207201133595,0.11026122095540482,0.009555600658676574,0.04841772377230694,0.016918806063302608,0.007782101167315175,0.00016897600540723216,0.0022818026240730175,0.0005649717514124294,0.4166666666666667,0.024803263153557745,0.18207414359455654,0.05240584372068088,0.0005227303991052579,0.014522216041961973,0.0012805100508974335,0.004468328159857415,-0.042884857740328824,0.15685340659717964,0.07716155306734734,0.14285411844061546,0.21222438391699094,0.012486119579482488,0.09217797310931478,0.026485407736046653
