model,seed,plant,scan,n_points,mIoU_global,IoU_c1_global,IoU_c2_global,J_IoU_c1_r1,J_IoU_c1_r10,J_IoU_c1_r2,J_IoU_c1_r5,J_IoU_c2_r1,J_IoU_c2_r10,J_IoU_c2_r2,J_IoU_c2_r5,J_band_share_r1,J_band_share_r10,J_band_share_r2,J_band_share_r5,J_hidden_gap_r1,J_hidden_gap_r10,J_hidden_gap_r2,J_hidden_gap_r5,J_mIoU_r1,J_mIoU_r10,J_mIoU_r2,J_mIoU_r5,O_IoU_c1_r1,O_IoU_c1_r10,O_IoU_c1_r2,O_IoU_c1_r5,O_IoU_c2_r1,O_IoU_c2_r10,O_IoU_c2_r2,O_IoU_c2_r5,O_band_share_r1,O_band_share_r10,O_band_share_r2,O_band_share_r5,O_hidden_gap_r1,O_hidden_gap_r10,O_hidden_gap_r2,O_hidden_gap_r5,O_mIoU_r1,O_mIoU_r10,O_mIoU_r2,O_mIoU_r5
semseg-ptv3-pheno4d-tomato,0,Tomato01,T01_0305_a,1962709,0.9554809813089028,0.9162822354987522,0.9946797271190534,0.6572317262830482,0.9069043814649735,0.8278114792347177,0.8810955961331901,0.7116564417177914,0.9897072779034966,0.8737464183381088,0.971523205558024,0.0035349101675286555,0.10560709712952862,0.009445618275556896,0.035712884589615676,0.271036897308483,0.007175151624667753,0.10470203252248955,0.02917158046329582,0.6844440840004198,0.948305829684235,0.8507789487864132,0.926309400845607,0.6480279580629057,0.9041859200869802,0.8359702187063751,0.8793840889649273,0.7116564417177914,0.9897072779034966,0.8737464183381088,0.971523205558024,0.001907058050887829,0.03828789698320026,0.004675680398877266,0.015232517912742032,0.27563878141855425,0.008534382313664435,0.10062266278666077,0.03002733404742719,0.6798421998903486,0.9469465989952384,0.854858318522242,0.9254536472614756
semseg-ptv3-pheno4d-tomato,0,Tomato01,T01_0307_a,1921834,0.842412406360125,0.7465631455231854,0.9382616671970647,0.368220136790202,0.7068468320013183,0.551023920151437,0.6147682979644868,0.4680425073155706,0.9042990003337057,0.612599983507875,0.8110136954902298,0.005130515955072083,0.11480388004374988,0.012555194673421326,0.04511315753597865,0.42428108430723876,0.03683949019261301,0.260600454530469,0.1295214096327667,0.4181313220528863,0.805572916167512,0.5818119518296561,0.7128909967273583,0.26883996613039796,0.620067968434998,0.49727126805778493,0.5582937119132123,0.4680425073155706,0.9042990003337057,0.612599983507875,0.8110136954902298,0.004039370726087685,0.041464559374014616,0.008728121159267658,0.022498821438271983,0.47397116963714075,0.08022892197577325,0.2874767805772951,0.15775870265840397,0.3684412367229843,0.7621834843843518,0.55493562578283,0.6846537037017211
semseg-ptv3-pheno4d-tomato,0,Tomato01,T01_0309_a,2177884,0.9621595825127776,0.935381508726381,0.988937656299174,0.47347362181387076,0.9219461201733563,0.7306680694371384,0.8940146676129643,0.7220708446866485,0.9760092763153067,0.868015180878553,0.9512569707452361,0.007999507779110366,0.13702520428085244,0.01962914461927265,0.06182468855090537,0.3643873492625179,0.013181884268446131,0.16281795735493187,0.03952376333367735,0.5977722332502596,0.9489776982443314,0.7993416251578457,0.9226358191791002,0.3319688907081457,0.8761554781027429,0.6026981040350025,0.8511316544469238,0.7220708446866485,0.9760092763153067,0.868015180878553,0.9512569707452361,0.006137149636987094,0.07318479772109075,0.013649487300517384,0.03937583452562212,0.4351397148153804,0.0360772053037528,0.22680294005599988,0.060965269916697595,0.5270198676973972,0.9260823772090248,0.7353566424567777,0.90119431259608
semseg-ptv3-pheno4d-tomato,0,Tomato01,T01_0311_a,2080173,0.9094118961934585,0.833049321972879,0.985774470414038,0.2756461497468692,0.7840556314416988,0.50256,0.6765102543831093,0.5863903446085438,0.9679186340781989,0.766373067136426,0.9215176836832619,0.007336889768302925,0.1522229160747688,0.01670918716856723,0.058924906726507846,0.47839364901575204,0.03342476343350964,0.2749453626252456,0.11039792716027286,0.4310182471777065,0.8759871327599489,0.6344665335682129,0.7990139690331857,0.21915754759406386,0.6475349521707138,0.3355600089067023,0.4923158452570217,0.5863903446085438,0.9679186340781989,0.766373067136426,0.9215176836832619,0.006757130296374388,0.10640989956123842,0.013729146566175025,0.0442025735359511,0.5066379500921547,0.10168510306900225,0.3584453581718944,0.20249513172331668,0.4027739461013038,0.8077267931244563,0.5509665380215641,0.7069167644701418
semseg-ptv3-pheno4d-tomato,0,Tomato01,T01_0313_a,1924288,0.9601192217043355,0.9276145868183339,0.992623856590337,0.4768190247627359,0.9099415594145952,0.7298876404494382,0.8659147248388696,0.6970936490850377,0.9808651683156491,0.8607158382843066,0.9549574035370528,0.010564426946486181,0.1900240504539861,0.02757227608341371,0.08416931353310939,0.3731628847804487,0.014715857839213364,0.16481748233746307,0.04968315751637431,0.5869563369238868,0.9454033638651221,0.7953017393668724,0.9104360641879612,0.44881170018281535,0.9057073907669367,0.7208086441268735,0.8616540487636374,0.6970936490850377,0.9808651683156491,0.8607158382843066,0.9549574035370528,0.00902775468121196,0.1545132537333289,0.02437940682475804,0.07100392456846376,0.387166547070409,0.016832942163042652,0.16935698049874537,0.051813495553990396,0.5729526746339265,0.9432862795412928,0.7907622412055901,0.9083057261503451
semseg-ptv3-pheno4d-tomato,0,Tomato01,T01_0315_a,2438364,0.9377516490564897,0.88641888255924,0.9890844155537394,0.4570144049912836,0.8428054135956239,0.5885513153019637,0.7959415175195361,0.6543952412425644,0.9707334496936043,0.7824990710759594,0.9321900005096581,0.00974423834997564,0.21227019427780267,0.023629777998690926,0.09110042635143892,0.3820468259395656,0.030982217411875568,0.2522264558675281,0.07368589004189263,0.555704823116924,0.9067694316446141,0.6855251931889615,0.864065759014597,0.42664473684210524,0.8234700893880358,0.5633292481483455,0.7802097959857933,0.6543952412425644,0.9707334496936043,0.7824990710759594,0.9321900005096581,0.007800722123522165,0.18399344806599835,0.0197878577603672,0.079869945586467,0.3972316600141548,0.04064987951566956,0.26483748944433727,0.08155175080876398,0.5405199890423349,0.8971017695408201,0.6729141596121524,0.8561998982477257
semseg-ptv3-pheno4d-tomato,0,Tomato01,T01_0317_a,2450405,0.8751521108637017,0.7757304970147483,0.974573724712655,0.42947931276297335,0.7075742245651572,0.5824101828923932,0.682636067330446,0.5033928878199622,0.9253546047959564,0.6703034372144203,0.8360376612226392,0.015402351856121743,0.30020384385438326,0.035858970251856324,0.12344653230792461,0.40871601057223395,0.058687696183144844,0.248795300810295,0.11581524658715914,0.46643610029146776,0.8164644146805569,0.6263568100534067,0.7593368642765426,0.4261823234578929,0.6831745435093756,0.5604346420667877,0.6647533950708601,0.5033928878199622,0.9253546047959564,0.6703034372144203,0.8360376612226392,0.013006829483289496,0.27820380712576087,0.031079760284524395,0.11211452800659483,0.4103645052247742,0.07088753671103576,0.25978307122309774,0.12475658271695211,0.4647876056389275,0.804264574152666,0.615369039640604,0.7503955281467496
semseg-ptv3-pheno4d-tomato,0,Tomato01,T01_0319_a,2476596,0.9573350239761673,0.9221457369430738,0.992524311009261,0.4978248425872925,0.8841064406520827,0.6916887656702025,0.8498346001084227,0.6488911618392301,0.9728555261871324,0.8108455031353899,0.9326825966142037,0.0136522064963361,0.27465642357493913,0.03136401738515285,0.11396529752935076,0.38397702176290605,0.028854040556559823,0.20606788957337108,0.06607642561485405,0.5733580022132613,0.9284809834196075,0.7512671344027962,0.8912585983613133,0.48695652173913045,0.8812724701392084,0.6792163300264078,0.8495448888455063,0.6488911618392301,0.9728555261871324,0.8108455031353899,0.9326825966142037,0.011579199837195893,0.24906888325750345,0.02687357970375467,0.10207720597142206,0.389411182186987,0.0302710258129969,0.2123041073952685,0.06622128124631232,0.5679238417891803,0.9270639981631704,0.7450309165808988,0.891113742729855
semseg-ptv3-pheno4d-tomato,0,Tomato01,T01_0321_a,1672545,0.9613523498852371,0.9303503560207355,0.9923543437497387,0.5447846889952153,0.8768859307331656,0.6726657437317336,0.8370061099796334,0.6931867811908575,0.9703032044458666,0.8165719488837954,0.9372128250441808,0.013172739746912639,0.24276237709598247,0.030229380973307147,0.1056569479445994,0.34236661479220076,0.03775778229572102,0.21673350357747256,0.07424288237332999,0.6189857350930363,0.9235945675895161,0.7446188463077645,0.8871094675119071,0.5384699693117054,0.8707526641745243,0.6593137254901961,0.8312437765909296,0.6931867811908575,0.9703032044458666,0.8165719488837954,0.9372128250441808,0.011319874801574845,0.22941086786902595,0.02649016917332568,0.09649067738087765,0.3455239746339557,0.04082441557504157,0.22340951269824139,0.07712404906768189,0.6158283752512814,0.9205279343101955,0.7379428371869957,0.8842283008175552
semseg-ptv3-pheno4d-tomato,0,Tomato01,T01_0324_a,2932759,0.9671326777481231,0.9384640075200468,0.9958013479761992,0.5140505487196542,0.8922698516696562,0.6609821823593292,0.8475991316007918,0.5939447907390917,0.9811941196306997,0.78245,0.9470155523005342,0.007458164820225596,0.22554120539737496,0.020225323662803524,0.08518190550263421,0.41313500801875014,0.03040069209794516,0.24541658656845855,0.06982533579746009,0.5539976697293729,0.9367319856501779,0.7217160911796645,0.897307341950663,0.48557341124908693,0.8814293911535973,0.6329245667224761,0.835940555338287,0.6028758722774371,0.9820264705446681,0.7875772493977166,0.949023160243699,0.006650734001668736,0.2087706490714034,0.017790415100592993,0.07776568071225765,0.42290803598486104,0.035404746898990425,0.2568817696880268,0.07465081995713008,0.544224641763262,0.9317279308491326,0.7102509080600963,0.892481857790993
semseg-ptv3-pheno4d-tomato,0,Tomato01,T01_0325_a,3011661,0.9732869433472342,0.9538476252550442,0.9927262614394241,0.4143444849802065,0.9072830578512396,0.6459989762839106,0.8480619025059826,0.5855305948866764,0.9678547700003908,0.7348736635566412,0.9122272985616229,0.00940676922136987,0.22760928271807485,0.02526778412311346,0.09097405053224782,0.4733494034137928,0.035718029421418995,0.2828506234269583,0.09314234281343148,0.4999375399334414,0.9375689139258152,0.6904363199202759,0.8801446005338027,0.40107133747130347,0.8979733183819528,0.6347111738904171,0.8355966682244276,0.6194489465153971,0.9752060806334395,0.7790096248988037,0.931103802222235,0.00771235540786297,0.20156252645965134,0.020434902865893605,0.07783146907968726,0.46302680135388397,0.036697243839538096,0.2664265439526239,0.08993670812390286,0.5102601419933502,0.9365896995076961,0.7068603993946103,0.8833502352233313
semseg-ptv3-pheno4d-tomato,0,Tomato02,T02_0305_a,1518307,0.9708099820683497,0.9456500864221241,0.9959698777145752,0.7974230493915533,0.9456500864221241,0.8838259441707718,0.9404962153069807,0.8487467588591184,0.9945146224492994,0.9384669479606188,0.9851883199322895,0.001829669493718991,0.09465740459604019,0.00485935980009313,0.028126722724719045,0.14772507794301382,0.000727627632637895,0.059663536002654394,0.00796771444871458,0.8230849041253359,0.9700823544357118,0.9111464460656953,0.9628422676196351,0.8258706467661692,0.9567260138476755,0.8945147679324894,0.9229074889867841,0.8487467588591184,0.9945146224492994,0.9384669479606188,0.9851883199322895,0.0013086944866881336,0.02356045253035124,0.0028505434013015815,0.009161520035144408,0.13350127925570587,-0.0048103360801378114,0.054319124121795626,0.016762077608812875,0.8373087028126438,0.9756203181484875,0.916490857946554,0.9540479044595368
semseg-ptv3-pheno4d-tomato,0,Tomato02,T02_0307_a,2660027,0.9623056517143136,0.9388584388584389,0.9857528645701883,0.8065302144249513,0.9388584388584389,0.8753251758358224,0.9212703820880993,0.5,0.97753993673782,0.7569429494079656,0.9367258869024268,0.0032116215361723773,0.10410458239709597,0.0077890186828930685,0.03595940943456589,0.30904054450183793,0.004106463916184078,0.14617158909241956,0.033307517219050564,0.6532651072124757,0.9581991877981295,0.816134062621894,0.928998134495263,0.7383320581484315,0.9281669529808487,0.8419652855543113,0.8903457653457654,0.5,0.97753993673782,0.7569429494079656,0.9367258869024268,0.0018597555588721467,0.02438133146768811,0.004007478119582996,0.010154032271101008,0.3431396226400978,0.009452206854979162,0.1628515342331751,0.048769825590217586,0.6191660290742158,0.9528534448593344,0.7994541174811385,0.913535826124096
semseg-ptv3-pheno4d-tomato,0,Tomato02,T02_0309_a,2530683,0.8617260625185085,0.7569684824193842,0.9664836426176328,0.7236109800962174,0.7569684824193842,0.8076387400899936,0.7137647842217079,0.6632969402884485,0.9321101057301632,0.7847946045370938,0.8378638395804644,0.006984675678463087,0.15998487364873434,0.016540989132182892,0.06094560243222877,0.1682721023261755,0.01718676844373479,0.06550939020496471,0.0859117506174224,0.693453960192333,0.8445392940747737,0.7962166723135438,0.7758143119010861,0.7313689644047747,0.7083155929649887,0.8056597969855429,0.6690921690921691,0.6632969402884485,0.9321101057301632,0.7847946045370938,0.8378638395804644,0.005619036441940772,0.060382908487550596,0.010975297972918774,0.027814625537848872,0.16439311017189684,0.041513213170932484,0.06649886175719011,0.10824805818219174,0.6973329523466116,0.820212849347576,0.7952272007613184,0.7534780043363167
semseg-ptv3-pheno4d-tomato,0,Tomato02,T02_0311_a,2801320,0.9751275881178485,0.9554921540656205,0.9947630221700765,0.6546356483065344,0.9539718565592374,0.8234218545929474,0.932718465927941,0.6901126862958924,0.9865938741670056,0.8462780269058297,0.9607941808865913,0.0043925720731655075,0.11335191980923279,0.012776476803792498,0.046493081832850225,0.30275342081663514,0.004844722754727027,0.14027764736845993,0.028371264710582267,0.6723741673012134,0.9702828653631215,0.8348499407493886,0.9467563234072662,0.5511976836009476,0.944871506223666,0.7715580434492869,0.9227614798792303,0.6901126862958924,0.9865938741670056,0.8462780269058297,0.9607941808865913,0.0027115788271243556,0.05612675453000728,0.006046792226521783,0.022915982465409164,0.3544724031694285,0.00939489792251269,0.16620955294029027,0.03334975773493776,0.62065518494842,0.9657326901953358,0.8089180351775582,0.9417778303829107
semseg-ptv3-pheno4d-tomato,0,Tomato02,T02_0313_a,3583327,0.7522393370626893,0.6142355193671233,0.8902431547582553,0.3943208430913349,0.7564077669902912,0.651965914187472,0.742002315520078,0.5270821199767035,0.821066727304884,0.6473792973886906,0.7705743222754564,0.0021100502410190307,0.05547023757530362,0.004948473862418919,0.01900412661194471,0.29153785552867006,-0.03649791008489822,0.10256673127460803,-0.004048981835077847,0.46070148153401924,0.7887372471475875,0.6496726057880813,0.7562883188977672,0.14330874604847207,0.6006541107477162,0.37275149900066623,0.5177548682703322,0.5270821199767035,0.821066727304884,0.6473792973886906,0.7705743222754564,0.0010347925266100471,0.01401965268589777,0.0017994450408796072,0.005738521770410571,0.4170439040501015,0.041378918036389156,0.24217393886801086,0.10807474178979504,0.3351954330125878,0.7108604190263001,0.5100653981946784,0.6441645952728943
semseg-ptv3-pheno4d-tomato,0,Tomato02,T02_0315_a,2136519,0.9829347587290328,0.9680634772126163,0.9978060402454493,0.5838064675388793,0.956404273609235,0.7858792076801555,0.9085240156668728,0.7305469953775039,0.9909392777162861,0.8845901639344262,0.9699203144694396,0.0043369611971623,0.11073152169486908,0.011050217667149228,0.03932097023242012,0.32575802727084124,0.009262983066272268,0.14770007292174192,0.04371259366087654,0.6571767314581916,0.9736717756627605,0.8352346858072909,0.9392221650681563,0.49585585585585584,0.9510788367325667,0.7341389728096677,0.8846279908226811,0.7305469953775039,0.9909392777162861,0.8845901639344262,0.9699203144694396,0.0030741594153854937,0.08554522566848223,0.007530005583849243,0.026962081778818724,0.3697333331123529,0.011925701504606478,0.17357019035698584,0.05566060608297241,0.6132014256166799,0.9710090572244263,0.809364568372047,0.9272741526460604
semseg-ptv3-pheno4d-tomato,0,Tomato02,T02_0317_a,2842484,0.8875183143852683,0.7913874009280215,0.983649227842515,0.3896284292163445,0.7197774465038207,0.4852686308492201,0.6070748704706097,0.6563991776716959,0.9600280713025049,0.7661259000328643,0.9053553384978107,0.013275712369884932,0.2415067244002077,0.03135461800312684,0.10481044044575097,0.36450451094124814,0.0476155554821055,0.2618210489442261,0.13130320990105804,0.5230138034440202,0.8399027589031628,0.6256972654410422,0.7562151044842103,0.3750472351681572,0.6992867892429497,0.456973293768546,0.584967023383419,0.6563991776716959,0.9600280713025049,0.7661259000328643,0.9053553384978107,0.012213261358727086,0.2203512842992256,0.028238681378681463,0.09596078641075904,0.37179510796534176,0.05786088411254098,0.2759687174845631,0.1423571334446534,0.5157232064199265,0.8296574302727273,0.6115495969007052,0.7451611809406149
semseg-ptv3-pheno4d-tomato,0,Tomato02,T02_0319_a,1542285,0.8855280147671822,0.7902395322519804,0.980816497282384,0.23260232760668198,0.7229218829801811,0.3591522644127665,0.6371053275679204,0.626332522910043,0.9446576865611137,0.7260196568610664,0.8684632200300649,0.020175259436485474,0.3371692002450909,0.04547797586049271,0.14997682010782704,0.4560605895088197,0.05173822999653477,0.3429420541302658,0.13274374096818953,0.4294674252583625,0.8337897847706475,0.5425859606369164,0.7527842737989927,0.23211446740858505,0.7018871976591232,0.35487018496521294,0.6136165918502279,0.6341601969323991,0.947106579884306,0.736026246354673,0.8750914020226565,0.01901399546776374,0.3061645545408274,0.04277614059658234,0.1381411347448753,0.45239068259669013,0.06103112599546767,0.3400797991072393,0.14117401783074013,0.4331373321704921,0.8244968887717146,0.545448215659943,0.7443539969364421
semseg-ptv3-pheno4d-tomato,0,Tomato02,T02_0321_a,1774166,0.9494478756896689,0.9071276858483576,0.9917680655309804,0.5774376647070748,0.8617686667664223,0.6968390100465572,0.806667999378068,0.6737706349899555,0.9766877942819212,0.8291461726504286,0.9436630145099201,0.010540163659995739,0.2760102493227804,0.02891217619997227,0.11043047832051792,0.32384372584115373,0.030219645165497244,0.18645528434117598,0.07428236874567484,0.6256041498485152,0.9192282305241717,0.762992591348493,0.8751655069439941,0.5535500836720058,0.8546310832025118,0.6718080548414739,0.7943453047611937,0.6737706349899555,0.9766877942819212,0.8291461726504286,0.9436630145099201,0.009083141036408093,0.2568936615852181,0.025791273195405615,0.10184841779179626,0.3357875163586883,0.03378843694745237,0.19897076194371777,0.08044371605411205,0.6136603593309806,0.9156594387422166,0.7504771137459512,0.8690041596355569
semseg-ptv3-pheno4d-tomato,0,Tomato02,T02_0324_a,3311762,0.9710455551396193,0.947378185950509,0.9947129243287295,0.5662911118698076,0.9024741949486106,0.6958767323749677,0.8596876403373085,0.6431557199827032,0.9793901901409977,0.8024603649416692,0.9517713990173261,0.009467769724998354,0.2506194587654548,0.023786129558826995,0.09238375221407819,0.366322139213364,0.03011336259481512,0.22187700648130093,0.06531603546230202,0.6047234159262553,0.9409321925448042,0.7491685486583184,0.9057295196773173,0.5640720699292383,0.8977360635291517,0.6915011533507085,0.8553514799154334,0.6431557199827032,0.9793901901409977,0.8024603649416692,0.9517713990173261,0.00918785830624302,0.24331609578224522,0.023160782689094203,0.08965680504818885,0.3674316601836486,0.03248242830454462,0.22406479599343054,0.06748411567323953,0.6036138949559707,0.9385631268350747,0.7469807591461888,0.9035614394663798
semseg-ptv3-pheno4d-tomato,0,Tomato02,T02_0325_a,3455376,0.9519893514634773,0.000119358297424693,0.9905250131146943,0.007518796992481203,0.000499077974589318,0.0033278808731456934,0.0010116077705193492,0.7387485799178537,0.9699230421804176,0.847368953994667,0.9362051709758131,0.008815249049596918,0.23056477789971339,0.022161408772880288,0.08614576242932752,0.12218849725089204,0.01011112562855604,0.06997376827215313,0.02671379633289328,0.6287548968705424,0.8996442128218063,0.7360873558719553,0.8522842444471777,,,,,,,,,0.008465359486203528,0.22093775033455115,0.021337764688994773,0.08296521131130158,nan,nan,nan,nan,0.6240471871551885,0.8929008482014561,0.7301604130566208,0.846689511865172
semseg-ptv3-pheno4d-tomato,1,Tomato01,T01_0305_a,1962709,0.9474871404977134,0.9021251122418438,0.992849168753583,0.6115579386356866,0.8912898936170213,0.8009132420091324,0.8616019468839277,0.6223552894211577,0.9861716869666691,0.8320340184266478,0.9618003787726156,0.0035349101675286555,0.10560709712952862,0.009445618275556896,0.035712884589615676,0.33053052646929126,0.00875635020586829,0.13101351027982333,0.035785977669441804,0.6169566140284222,0.9387307902918451,0.8164736302178901,0.9117011628282716,0.5668498168498168,0.87428722981037,0.78844008033921,0.8427339084273391,0.6223552894211577,0.9861716869666691,0.8320340184266478,0.9618003787726156,0.001907058050887829,0.03828789698320026,0.004675680398877266,0.015232517912742032,0.35288458736222617,0.017257682109193873,0.13725009111478448,0.04521999689773604,0.5946025531354873,0.9302294583885196,0.810237049382929,0.9022671435999774
semseg-ptv3-pheno4d-tomato,1,Tomato01,T01_0307_a,1921834,0.8393992574330427,0.7451304287975773,0.9336680860685082,0.3615819209039548,0.7067395264116576,0.5517611152355028,0.6192679415998354,0.4534104750304507,0.8968094616974192,0.5719473061982773,0.7941950192914766,0.005130515955072083,0.11480388004374988,0.012555194673421326,0.04511315753597865,0.43190305946583996,0.03762476337850429,0.27754504671615265,0.13266777698738663,0.4074961979672027,0.8017744940545384,0.56185421071689,0.706731480445656,0.2497387669801463,0.6193230968858131,0.4931506849315068,0.5617998506348021,0.4534104750304507,0.8968094616974192,0.5719473061982773,0.7941950192914766,0.004039370726087685,0.041464559374014616,0.008728121159267658,0.022498821438271983,0.4878246364277442,0.08133297814142648,0.30685026186815056,0.1614018224699033,0.35157462100529846,0.7580662792916162,0.5325489955648921,0.6779974349631394
semseg-ptv3-pheno4d-tomato,1,Tomato01,T01_0309_a,2177884,0.9590659826740016,0.9302573363431151,0.987874629004888,0.44991740501576816,0.915728375665532,0.7078226660614314,0.8854923355175379,0.7129886506935688,0.9737370039537268,0.8570175788256866,0.9467685686725532,0.007999507779110366,0.13702520428085244,0.01962914461927265,0.06182468855090537,0.3776129548193331,0.014333292864372238,0.1766458602304426,0.04293553057895605,0.5814530278546685,0.9447326898096293,0.782420122443559,0.9161304520950455,0.30112589559877173,0.8641030498200417,0.5639965965722621,0.8366426814828308,0.7129886506935688,0.9737370039537268,0.8570175788256866,0.9467685686725532,0.006137149636987094,0.07318479772109075,0.013649487300517384,0.03937583452562212,0.45200870952783134,0.04014595578711733,0.24855889497502726,0.06736035759630954,0.5070572731461702,0.9189200268868842,0.7105070876989743,0.891705625077692
semseg-ptv3-pheno4d-tomato,1,Tomato01,T01_0311_a,2080173,0.9117211798241025,0.8373387058089893,0.9861036538392158,0.2834803528468324,0.7896467231165286,0.5068951773614986,0.6850269366524243,0.5894594163610269,0.9686440515639665,0.7662949583791424,0.9231843083889586,0.007336889768302925,0.1522229160747688,0.01670918716856723,0.058924906726507846,0.47525129522017284,0.032575792483855004,0.275126111953782,0.10761555730341099,0.43646988460392966,0.8791453873402475,0.6365950678703205,0.8041056225206915,0.22722497373555456,0.6566514603324419,0.3418113457923256,0.5059604647653538,0.5894594163610269,0.9686440515639665,0.7662949583791424,0.9231843083889586,0.006757130296374388,0.10640989956123842,0.013729146566175025,0.0442025735359511,0.5033789847758118,0.09907342387589835,0.3576680277383685,0.19714879324694623,0.4083421950482907,0.8126477559482042,0.554053152085734,0.7145723865771563
semseg-ptv3-pheno4d-tomato,1,Tomato01,T01_0313_a,1924288,0.9540497808598745,0.9169572534500169,0.9911423082697322,0.43535861123800823,0.8965291640804549,0.692500255440891,0.846352469290549,0.6835277068525292,0.9770892852189832,0.8415769198324101,0.9467580145736376,0.010564426946486181,0.1900240504539861,0.02757227608341371,0.08416931353310939,0.3946066218146058,0.01724055621015541,0.1870111932232239,0.057494538927781225,0.5594431590452686,0.936809224649719,0.7670385876366506,0.8965552419320932,0.38583098968796037,0.8860442657521828,0.6682760244936411,0.8335796458894781,0.6835277068525292,0.9770892852189832,0.8415769198324101,0.9467580145736376,0.00902775468121196,0.1545132537333289,0.02437940682475804,0.07100392456846376,0.4193704325896297,0.022483005374291487,0.1991233086968489,0.06388095062831667,0.5346793482702448,0.931566775485583,0.7549264721630256,0.8901688302315578
semseg-ptv3-pheno4d-tomato,1,Tomato01,T01_0315_a,2438364,0.9519448712064722,0.9121561835194005,0.9917335588935439,0.5096720707442889,0.8777413860867287,0.6364994165694282,0.8337358656274014,0.6732324279494091,0.9777842758340114,0.8036844978165939,0.9453880139166672,0.00974423834997564,0.21227019427780267,0.023629777998690926,0.09110042635143892,0.36049262185962316,0.024182040246102154,0.2318529140134611,0.06238293143443796,0.591452249346849,0.92776283096037,0.7200919571930111,0.8895619397720342,0.49051724137931035,0.8636973478939157,0.6174546614901877,0.8221458939828681,0.6732324279494091,0.9777842758340114,0.8036844978165939,0.9453880139166672,0.007800722123522165,0.18399344806599835,0.0197878577603672,0.079869945586467,0.37007003654211246,0.031204059342508694,0.24137529155308135,0.06817791725670452,0.5818748346643597,0.9207408118639635,0.7105695796533908,0.8837669539497677
semseg-ptv3-pheno4d-tomato,1,Tomato01,T01_0317_a,2450405,0.9042509562055252,0.8269362344424888,0.9815656779685615,0.45471014492753625,0.7703832028272469,0.6019448737764039,0.7205659049664828,0.5013043286023787,0.9458030888228578,0.6731699881873261,0.8602393733194847,0.015402351856121743,0.30020384385438326,0.035858970251856324,0.12344653230792461,0.4262437194405677,0.04615781038047284,0.2666935252236602,0.1138483170625415,0.4780072367649575,0.8580931458250524,0.637557430981865,0.7904026391429837,0.4507158858478621,0.7510820134859651,0.5798265811002792,0.7046440771858554,0.5013043286023787,0.9458030888228578,0.6731699881873261,0.8602393733194847,0.013006829483289496,0.27820380712576087,0.031079760284524395,0.11211452800659483,0.4282408489804048,0.05580840505111373,0.27775267156172256,0.12180923095285512,0.4760101072251204,0.8484425511544115,0.6264982846438026,0.7824417252526701
semseg-ptv3-pheno4d-tomato,1,Tomato01,T01_0319_a,2476596,0.9575929953599926,0.922502477346328,0.9926835133736572,0.5374858437146093,0.8848730887430284,0.6981379023142364,0.8453285991243166,0.671410281662399,0.9733862354312582,0.8152068884069485,0.9304236468363892,0.0136522064963361,0.27465642357493913,0.03136401738515285,0.11396529752935076,0.3531449326714885,0.028463333272849334,0.20092059999940015,0.06971687237963975,0.6044480626885042,0.9291296620871433,0.7566723953605925,0.8878761229803529,0.5563754819837787,0.8848156035560965,0.6989856593214411,0.8484296986314491,0.671410281662399,0.9733862354312582,0.8152068884069485,0.9304236468363892,0.011579199837195893,0.24906888325750345,0.02687357970375467,0.10207720597142206,0.3437001135369038,0.028492075866315303,0.20049672149579778,0.06816632262607347,0.6138928818230889,0.9291009194936773,0.7570962738641949,0.8894266727339192
semseg-ptv3-pheno4d-tomato,1,Tomato01,T01_0321_a,1672545,0.9650955326218288,0.9369743447106661,0.9932167205329915,0.5535763728657129,0.8786305598428511,0.663909253021597,0.8317446911196911,0.6814564564564565,0.9708407157754343,0.8031859082382118,0.9343869246614662,0.013172739746912639,0.24276237709598247,0.030229380973307147,0.1056569479445994,0.34757911796074403,0.04035989481268609,0.23154795199192446,0.08202972473125014,0.6175164146610848,0.9247356378091427,0.7335475806299043,0.8830658078905786,0.5570532915360502,0.8734720017820845,0.654065540767252,0.8269046504891147,0.6814564564564565,0.9708407157754343,0.8031859082382118,0.9343869246614662,0.011319874801574845,0.22941086786902595,0.02649016917332568,0.09649067738087765,0.34584065862557545,0.042939173843069445,0.2364698081190969,0.08444974504653835,0.6192548739962533,0.9221563587787593,0.7286257245027319,0.8806457875752904
semseg-ptv3-pheno4d-tomato,1,Tomato01,T01_0324_a,2932759,0.9665808786800685,0.9375077839294408,0.9956539734306962,0.5435339308578745,0.8871223497537463,0.6888976689055709,0.8434240257529328,0.588356995077406,0.9795552891643764,0.791800128122998,0.9431161602187464,0.007458164820225596,0.22554120539737496,0.020225323662803524,0.08518190550263421,0.4006354157124282,0.0332420592210072,0.22623198016578394,0.07331078569422878,0.5659454629676403,0.9333388194590613,0.7403488985142845,0.8932700929858397,0.5199154035953472,0.8765398270151779,0.6662807267545422,0.8325964664797261,0.5995589856670341,0.9807629121271805,0.7986187622605003,0.9458395948127122,0.006650734001668736,0.2087706490714034,0.017790415100592993,0.07776568071225765,0.40684368404887783,0.03792950910888937,0.23413113417254716,0.0773628480338493,0.5597371946311906,0.9286513695711791,0.7324497445075213,0.8892180306462192
semseg-ptv3-pheno4d-tomato,1,Tomato01,T01_0325_a,3011661,0.975026539048721,0.9579513075859735,0.9921017705114686,0.5010767060221282,0.9166459194343475,0.6928469384364929,0.8640042076574584,0.5900741218175959,0.965144926824959,0.7127405096203848,0.9034008783248695,0.00940676922136987,0.22760928271807485,0.02526778412311346,0.09097405053224782,0.42945112512885897,0.03413111591906781,0.2722328150202822,0.09132399605755703,0.5455754139198621,0.9408954231296532,0.7027937240284389,0.883702542991164,0.49222294232015557,0.9083582382048895,0.6838322920804594,0.8530432082934006,0.6345402600431461,0.9774109417452815,0.7945173328326331,0.9364099389040104,0.00771235540786297,0.20156252645965134,0.020434902865893605,0.07783146907968726,0.41164493786707024,0.032141949073635545,0.2358517265921748,0.0802999654500155,0.5633816011816508,0.9428845899750855,0.7391748124565463,0.8947265735987056
semseg-ptv3-pheno4d-tomato,1,Tomato02,T02_0305_a,1518307,0.9650762643813999,0.9454617050600512,0.9846908237027487,0.7817178881008668,0.9454617050600512,0.8799826689774697,0.9401469317199654,0.8592150170648464,0.9948305031643586,0.9422875131164743,0.9860524091293322,0.001829669493718991,0.09465740459604019,0.00485935980009313,0.028126722724719045,0.14460981179854326,-0.0050698397308049925,0.05394117333442794,0.0019765939567510937,0.8204664525828567,0.9701461041122049,0.911135091046972,0.9630996704246488,0.8316326530612245,0.9589450111968151,0.8990208078335373,0.9265033407572383,0.8592150170648464,0.9948305031643586,0.9422875131164743,0.9860524091293322,0.0013086944866881336,0.02356045253035124,0.0028505434013015815,0.009161520035144408,0.1196524293183645,-0.011811492799186918,0.04442210390639412,0.008798389438114729,0.8454238350630354,0.9768877571805868,0.9206541604750058,0.9562778749432852
semseg-ptv3-pheno4d-tomato,1,Tomato02,T02_0307_a,2660027,0.9588493465431527,0.9324632178452776,0.9852354752410277,0.7892809587217043,0.9324632178452776,0.86164316966456,0.9129237547423816,0.5063352826510721,0.976724292279229,0.7481162540365985,0.934428067029087,0.0032116215361723773,0.10410458239709597,0.0077890186828930685,0.03595940943456589,0.3110412258567645,0.004255591480899379,0.1539696346925734,0.03517343565741837,0.6478081206863882,0.9545937550622533,0.8048797118505793,0.9236759108857343,0.7407881269191402,0.9257519989846428,0.837160751565762,0.8868143561961884,0.5063352826510721,0.976724292279229,0.7481162540365985,0.934428067029087,0.0018597555588721467,0.02438133146768811,0.004007478119582996,0.010154032271101008,0.3352876417580466,0.007611200911216809,0.16621084374197248,0.04822813493051492,0.6235617047851061,0.9512381456319359,0.7926385028011802,0.9106212116126378
semseg-ptv3-pheno4d-tomato,1,Tomato02,T02_0309_a,2530683,0.8588178812386966,0.753199268738574,0.9644364937388193,0.7177655677655678,0.753199268738574,0.8003780321327313,0.7097430440361804,0.5943513775439568,0.9279088764533885,0.747289926120279,0.8270945754047145,0.006984675678463087,0.15998487364873434,0.016540989132182892,0.06094560243222877,0.20275940858393438,0.018263808642715373,0.08498390211219142,0.09039907151824922,0.6560584726547622,0.8405540725959812,0.7738339791265052,0.7684188097204474,0.7048453712098318,0.6982019452265165,0.7845590839334199,0.6583136682024198,0.5943513775439568,0.9279088764533885,0.747289926120279,0.8270945754047145,0.005619036441940772,0.060382908487550596,0.010975297972918774,0.027814625537848872,0.20921950686180235,0.04576247039874415,0.09289337621184712,0.11611375943512947,0.6495983743768943,0.8130554108399525,0.7659245050268495,0.7427041218035672
semseg-ptv3-pheno4d-tomato,1,Tomato02,T02_0311_a,2801320,0.9732262210246858,0.9517081260364842,0.9947443160128873,0.6039891205802357,0.9500457456541629,0.8040376850605653,0.9267163277632373,0.6964191215381902,0.9865566829923683,0.847927896085535,0.9607838669249174,0.0043925720731655075,0.11335191980923279,0.012776476803792498,0.046493081832850225,0.32302209996547293,0.004925006701420154,0.14724343045163568,0.02947612368060848,0.6502041210592129,0.9683012143232657,0.8259827905730501,0.9437500973440773,0.528234649122807,0.9443600271572209,0.7656271278768896,0.9218828015069674,0.6964191215381902,0.9865566829923683,0.847927896085535,0.9607838669249174,0.0027115788271243556,0.05612675453000728,0.006046792226521783,0.022915982465409164,0.3608993356941872,0.007767865949891206,0.16644870904347353,0.03189288680874336,0.6123268853304986,0.9654583550747946,0.8067775119812123,0.9413333342159425
semseg-ptv3-pheno4d-tomato,1,Tomato02,T02_0313_a,3583327,0.7648045918666666,0.6345616210875917,0.8950475626457416,0.6005199306759099,0.7874870734229577,0.7871676815683945,0.8082649650562139,0.6364312267657992,0.839166277803702,0.7650822669104205,0.8209402265920042,0.0021100502410190307,0.05547023757530362,0.004948473862418919,0.01900412661194471,0.14632901314581204,-0.048522083746663225,-0.0113203823727408,-0.04979800395744238,0.6184755787208546,0.8133266756133298,0.7761249742394074,0.814602595824109,0.5100200400801603,0.6539367429340511,0.6683870967741935,0.6543054682589566,0.6364312267657992,0.839166277803702,0.7650822669104205,0.8209402265920042,0.0010347925266100471,0.01401965268589777,0.0017994450408796072,0.005738521770410571,0.1915789584436869,0.018253081497790036,0.04806991002435956,0.02718174444118615,0.5732256334229797,0.7465515103688766,0.716734681842307,0.7376228474254805
semseg-ptv3-pheno4d-tomato,1,Tomato02,T02_0315_a,2136519,0.9859807578651281,0.9735974188922746,0.9983640968379817,0.6814553990610329,0.9640082099398916,0.8270142180094787,0.92490440989039,0.780886784330607,0.9932265771292051,0.9101421963337331,0.9773350906380313,0.0043369611971623,0.11073152169486908,0.011050217667149228,0.03932097023242012,0.2548096661693081,0.007363364330579714,0.11740255069352212,0.03486100760091748,0.73117109169582,0.9786173935345484,0.8685782071716059,0.9511197502642106,0.6537414965986394,0.9637626088158077,0.8079809628409299,0.9152049147199095,0.780886784330607,0.9932265771292051,0.9101421963337331,0.9773350906380313,0.0030741594153854937,0.08554522566848223,0.007530005583849243,0.026962081778818724,0.2686666174005048,0.007486164892621661,0.12691917827779653,0.03971075518615774,0.7173141404646233,0.9784945929725064,0.8590615795873315,0.9462700026789703
semseg-ptv3-pheno4d-tomato,1,Tomato02,T02_0317_a,2842484,0.8538290713308585,0.7286531013708736,0.9790050412908433,0.3951795728433361,0.6513796159527326,0.4960075447972336,0.5899379047873405,0.6768719384184745,0.9513414960813625,0.7790064391887825,0.9038278344281442,0.013275712369884932,0.2415067244002077,0.03135461800312684,0.10481044044575097,0.31780331569995324,0.052468515313810915,0.21632207933785041,0.1069462017231162,0.5360257556309053,0.8013605560170476,0.6375069919930081,0.7468828696077423,0.39919328605816146,0.6288230331153765,0.48439748674927163,0.5742964524704373,0.6768719384184745,0.9513414960813625,0.7790064391887825,0.9038278344281442,0.012213261358727086,0.2203512842992256,0.028238681378681463,0.09596078641075904,0.3157964590925405,0.063746806732489,0.22212710836183147,0.11476692788156773,0.538032612238318,0.7900822645983695,0.631701962969027,0.7390621434492908
semseg-ptv3-pheno4d-tomato,1,Tomato02,T02_0319_a,1542285,0.894061153127903,0.804719859953892,0.9834024463019141,0.27545210984594776,0.74085358113083,0.41641725352112674,0.6585259777190459,0.6647083349126331,0.9520939343711242,0.7651090776242998,0.8860050750220653,0.020175259436485474,0.3371692002450909,0.04547797586049271,0.14997682010782704,0.42398093074861254,0.04758739537692591,0.3032979875551898,0.12179562675734745,0.4700802223792905,0.8464737577509771,0.5907631655727132,0.7722655263705556,0.27511981838056,0.7208591898519158,0.41246501710274974,0.6359364670990334,0.6690976087206848,0.9514337263538233,0.7666878351679368,0.8851734766903905,0.01901399546776374,0.3061645545408274,0.04277614059658234,0.1381411347448753,0.4219524395772806,0.05791469502503355,0.3044847269925597,0.13350618123319102,0.4721087135506224,0.8361464581028695,0.5895764261353433,0.760554971894712
semseg-ptv3-pheno4d-tomato,1,Tomato02,T02_0321_a,1774166,0.9633212544750863,0.9329348241294225,0.9937076848207501,0.5132910688466245,0.8960074280408542,0.6868852459016394,0.8439863381312516,0.6873385012919897,0.9830818925508348,0.85784843791098,0.9606935561885313,0.010540163659995739,0.2760102493227804,0.02891217619997227,0.11043047832051792,0.3630064694057792,0.023776594179241828,0.19095441256877665,0.06098130731519491,0.6003147850693071,0.9395446602958445,0.7723668419063097,0.9023399471598914,0.4836208049204439,0.8937083615376394,0.661987391954247,0.8376643143766431,0.6873385012919897,0.9830818925508348,0.85784843791098,0.9606935561885313,0.009083141036408093,0.2568936615852181,0.025791273195405615,0.10184841779179626,0.3778416013688696,0.02492612743084921,0.2034033395424728,0.06414231919249913,0.5854796531062167,0.9383951270442371,0.7599179149326135,0.8991789352825872
semseg-ptv3-pheno4d-tomato,1,Tomato02,T02_0324_a,3311762,0.9788510695673549,0.9612233582642209,0.9964787808704888,0.6129856553806842,0.9280990145888202,0.7429728302329676,0.8838351403422613,0.6813354312125086,0.9860058698165791,0.8347225393925554,0.9603705275557134,0.009467769724998354,0.2506194587654548,0.023786129558826995,0.09238375221407819,0.33169052627075857,0.02179862736465532,0.19000338475459344,0.056748235618367504,0.6471605432965963,0.9570524422026996,0.7888476848127615,0.9221028339489874,0.6127406327807129,0.9251915670782547,0.7405567819475104,0.880866907770942,0.6813354312125086,0.9860058698165791,0.8347225393925554,0.9603705275557134,0.00918785830624302,0.24331609578224522,0.023160782689094203,0.08965680504818885,0.3318130375707442,0.023252351119938064,0.19121140889732202,0.0582323519040272,0.6470380319966107,0.9555987184474168,0.7876396606700329,0.9206187176633277
semseg-ptv3-pheno4d-tomato,1,Tomato02,T02_0325_a,3455376,0.9568387646047862,0.00017809475045484993,0.9934583345713259,0.009844322344322344,0.0007455478929799888,0.004495759681209768,0.0014661779406864377,0.746606334841629,0.9744309690642111,0.8725367532061308,0.9448169592435687,0.008815249049596918,0.23056477789971339,0.022161408772880288,0.08614576242932752,0.11859288606791474,0.00922995618229483,0.05830195821722012,0.023676646068762797,0.6491652363863317,0.9082423195909867,0.7823862437686406,0.8703179408469015,,,,,,,,,0.008465359486203528,0.22093775033455115,0.021337764688994773,0.08296521131130158,nan,nan,nan,nan,0.6461833019391907,0.9021621927983672,0.7788240322458397,0.8657963560343521
semseg-ptv3-pheno4d-tomato,2,Tomato01,T01_0305_a,1962709,0.9303858882359893,0.8708793243943996,0.989892452077579,0.5072337962962963,0.8567436508588806,0.7400447427293065,0.8181723346547047,0.5335235378031383,0.9804949603508873,0.7740198552919401,0.9465281095715878,0.0035349101675286555,0.10560709712952862,0.009445618275556896,0.035712884589615676,0.4100072211862721,0.011766582631105416,0.17335358922536603,0.048035666122843046,0.5203786670497172,0.9186193056048839,0.7570322990106233,0.8823502221131463,0.417890520694259,0.8241456069137095,0.7065763600611754,0.780698889614631,0.5335235378031383,0.9804949603508873,0.7740198552919401,0.9465281095715878,0.001907058050887829,0.03828789698320026,0.004675680398877266,0.015232517912742032,0.45467885898729066,0.028065604603690897,0.19008778055943154,0.06677238864287993,0.4757070292486987,0.9023202836322984,0.7402981076765578,0.8636134995931094
semseg-ptv3-pheno4d-tomato,2,Tomato01,T01_0307_a,1921834,0.8367669868245292,0.7348794063079778,0.9386545673410807,0.3550427986602159,0.6913073533223884,0.512541318296714,0.5880419741697417,0.5727536231884058,0.9054651826484018,0.6610604117957614,0.8162733298205719,0.005130515955072083,0.11480388004374988,0.012555194673421326,0.04511315753597865,0.3728687759002184,0.03838071883913419,0.24996612177829147,0.13460933482937243,0.4638982109243108,0.798386267985395,0.5868008650462377,0.7021576519951568,0.22644975072159537,0.5918807367707756,0.4388812585840929,0.5201014125316914,0.5727536231884058,0.9054651826484018,0.6610604117957614,0.8162733298205719,0.004039370726087685,0.041464559374014616,0.008728121159267658,0.022498821438271983,0.4371652998695286,0.08809402711494052,0.28679615163460215,0.16857961564839752,0.3996016869550006,0.7486729597095887,0.5499708351899271,0.6681873711761317
semseg-ptv3-pheno4d-tomato,2,Tomato01,T01_0309_a,2177884,0.955933607625836,0.9250760945914306,0.9867911206602413,0.4391068018216542,0.9095180093962068,0.6887625317970971,0.8771955719557195,0.6989697629617221,0.9714112322416957,0.8452955606552188,0.9421357958917895,0.007999507779110366,0.13702520428085244,0.01962914461927265,0.06182468855090537,0.3868953252341478,0.015468986806884799,0.18890456139967804,0.04626792370208155,0.5690382823916882,0.9404646208189512,0.767029046226158,0.9096656839237545,0.2842063333997212,0.8526252308620105,0.5324644266411575,0.8230288766180863,0.6989697629617221,0.9714112322416957,0.8452955606552188,0.9421357958917895,0.006137149636987094,0.07318479772109075,0.013649487300517384,0.03937583452562212,0.46434555944511435,0.04391537607398299,0.2670536139776478,0.07335127137089814,0.49158804818072166,0.912018231551853,0.6888799936481882,0.8825823362549379
semseg-ptv3-pheno4d-tomato,2,Tomato01,T01_0311_a,2080173,0.9257794768691434,0.8631302419743565,0.9884287117639304,0.41857691798065455,0.8227472767564531,0.5945603044960749,0.7337552742616034,0.6372566063977747,0.9738273528690358,0.7995807472563607,0.9354769865547414,0.007336889768302925,0.1522229160747688,0.01670918716856723,0.058924906726507846,0.39786271467992873,0.02749216205639904,0.22870895099292565,0.09116334646097102,0.5279167621892147,0.8982873148127444,0.6970705258762178,0.8346161304081724,0.3794795539033457,0.7115445775469098,0.4645288820557874,0.5829565483945129,0.6372566063977747,0.9738273528690358,0.7995807472563607,0.9354769865547414,0.006757130296374388,0.10640989956123842,0.013729146566175025,0.0442025735359511,0.4174113967185832,0.08309351166117063,0.29372466221306937,0.16656270939451623,0.5083680801505602,0.8426859652079728,0.632054814656074,0.7592167674746272
semseg-ptv3-pheno4d-tomato,2,Tomato01,T01_0313_a,1924288,0.9419570857008965,0.8951635598558046,0.9887506115459883,0.35813469104373985,0.8695231582634221,0.6197480046182421,0.8065414057063326,0.6639058699796226,0.9709955259475334,0.806672648666286,0.9329639128045429,0.010564426946486181,0.1900240504539861,0.02757227608341371,0.08416931353310939,0.4309368051892153,0.021697743595418872,0.2287467590586325,0.07220442644545877,0.5110202805116812,0.9202593421054777,0.713210326642264,0.8697526592554378,0.2968921892189219,0.8557283190525676,0.5877304882291546,0.7895084984613615,0.6639058699796226,0.9709955259475334,0.806672648666286,0.9329639128045429,0.00902775468121196,0.1545132537333289,0.02437940682475804,0.07100392456846376,0.46155805610162426,0.028595163200846097,0.24475551725317624,0.08072088006794431,0.4803990295992723,0.9133619225000504,0.6972015684477203,0.8612362056329522
semseg-ptv3-pheno4d-tomato,2,Tomato01,T01_0315_a,2438364,0.953430276318423,0.9146909035420681,0.9921696490947781,0.4510570922976623,0.8806537691794529,0.6101904761904762,0.8342035820560328,0.6522490199986711,0.9789858510311724,0.7985703959521323,0.9475828111011638,0.00974423834997564,0.21227019427780267,0.023629777998690926,0.09110042635143892,0.4017772201702563,0.02361046621311036,0.24904984024711885,0.0625370797398247,0.5516530561481667,0.9298198101053127,0.7043804360713042,0.8908931965785983,0.4313342025206432,0.8680273409492854,0.5915531187231964,0.8239816186733664,0.6522490199986711,0.9789858510311724,0.7985703959521323,0.9475828111011638,0.007800722123522165,0.18399344806599835,0.0197878577603672,0.079869945586467,0.4116386650587659,0.029923680328194147,0.25836851898075874,0.06764806143115787,0.5417916112596571,0.9235065959902289,0.6950617573376643,0.8857822148872652
semseg-ptv3-pheno4d-tomato,2,Tomato01,T01_0317_a,2450405,0.9087702601617467,0.8346010034834297,0.9829395168400635,0.42783347196077576,0.7791221219298807,0.5830122553821372,0.717699923695044,0.5052781863805486,0.9499200580281661,0.6726181573437032,0.8634557901841674,0.015402351856121743,0.30020384385438326,0.035858970251856324,0.12344653230792461,0.4422144309910845,0.04424917018272323,0.28095505379882646,0.11819240322214097,0.4665558291706622,0.8645210899790234,0.6278152063629202,0.7905778569396057,0.4337146535928292,0.7624920246488827,0.5641970085363729,0.7038315137825741,0.5052781863805486,0.9499200580281661,0.6726181573437032,0.8634557901841674,0.013006829483289496,0.27820380712576087,0.031079760284524395,0.11211452800659483,0.4392738401750578,0.052564218823222264,0.2903626772217086,0.12512660817837595,0.4694964199866889,0.8562060413385244,0.6184075829400381,0.7836436519833707
semseg-ptv3-pheno4d-tomato,2,Tomato01,T01_0319_a,2476596,0.9624559991081396,0.9312765858952664,0.9936354123210127,0.5191091872187732,0.8975603398043365,0.7064857611450723,0.8539845758354756,0.6637343515878003,0.9768348973458038,0.8202673566192324,0.9347678780967491,0.0136522064963361,0.27465642357493913,0.03136401738515285,0.11396529752935076,0.3710342297048529,0.025258380533069502,0.19907944022598723,0.0680797721420272,0.5914217694032867,0.9371976185750701,0.7633765588821524,0.8943762269661124,0.5344931415189026,0.8986655724531754,0.7076216197257199,0.8575501660170348,0.6637343515878003,0.9768348973458038,0.8202673566192324,0.9347678780967491,0.011579199837195893,0.24906888325750345,0.02687357970375467,0.10207720597142206,0.36334225255478825,0.024705764208650116,0.19851151093566344,0.0662969770512476,0.5991137465533514,0.9377502348994895,0.7639444881724762,0.896159022056892
semseg-ptv3-pheno4d-tomato,2,Tomato01,T01_0321_a,1672545,0.9735048636670347,0.9519882793335888,0.9950214480004806,0.5721644278355722,0.9063107050979157,0.7213714164591172,0.8645670603428524,0.7357211290441448,0.9787766559573897,0.852135956606862,0.9505083656172286,0.013172739746912639,0.24276237709598247,0.030229380973307147,0.1056569479445994,0.3195620852271762,0.03096118313938201,0.1867511771340451,0.06596715068699421,0.6539427784398585,0.9425436805276527,0.7867536865329896,0.9075377129800405,0.5865650969529086,0.9045820166618788,0.7225938648827819,0.8646089010327421,0.7357211290441448,0.9787766559573897,0.852135956606862,0.9505083656172286,0.011319874801574845,0.22941086786902595,0.02649016917332568,0.09649067738087765,0.312361750668508,0.03182552735740041,0.18613995292221275,0.06594623034204927,0.6611431129985267,0.9416793363096343,0.787364910744822,0.9075586333249854
semseg-ptv3-pheno4d-tomato,2,Tomato01,T01_0324_a,2932759,0.9699416821608304,0.9439110230301374,0.9959723412915233,0.5482091461464662,0.8970315103530985,0.6896402254009536,0.8572618673373154,0.5860428231562252,0.9809946116671663,0.7842794310553255,0.9469218241042345,0.007458164820225596,0.22554120539737496,0.020225323662803524,0.08518190550263421,0.40281569750948476,0.030928621150698055,0.23298185393269089,0.06784983644005549,0.5671259846513457,0.9390130610101324,0.7369598282281395,0.9020918457207749,0.5288200822181405,0.8876296233846006,0.6681112634325388,0.8478245675345099,0.5997473809346905,0.9826765074502158,0.797528799201446,0.9514945947300707,0.006650734001668736,0.2087706490714034,0.017790415100592993,0.07776568071225765,0.4056579505844149,0.03478861674342215,0.23712165084383807,0.07028210102854016,0.5642837315764155,0.9351530654174083,0.7328200313169924,0.8996595811322903
semseg-ptv3-pheno4d-tomato,2,Tomato01,T01_0325_a,3011661,0.9728382237652944,0.9542297656583775,0.9914466818722112,0.4980201035638136,0.9173776927650856,0.6992751168620012,0.8649416257765101,0.599882176520994,0.9627385700112545,0.7154322784546929,0.8969921532030504,0.00940676922136987,0.22760928271807485,0.02526778412311346,0.09097405053224782,0.42388708372289063,0.032780092377124315,0.2654845261069474,0.0918713342755142,0.5489511400424038,0.9400581313881701,0.707353697658347,0.8809668894897802,0.5003326126725428,0.9104639773484892,0.6969596462133776,0.8562625531159054,0.6508425334108077,0.9781345248479549,0.807112195350801,0.9387421171236745,0.00771235540786297,0.20156252645965134,0.020434902865893605,0.07783146907968726,0.3972506507236191,0.028538972667072393,0.22080230298320513,0.07533588864550445,0.5755875730416753,0.944299251098222,0.7520359207820893,0.8975023351197899
semseg-ptv3-pheno4d-tomato,2,Tomato02,T02_0305_a,1518307,0.976922374582732,0.9561957379636937,0.9976490112017702,0.8235294117647058,0.9561957379636937,0.9033521985198084,0.9519168291098116,0.9089285714285714,0.996799096215402,0.9636622728892056,0.9913397860417728,0.001829669493718991,0.09465740459604019,0.00485935980009313,0.028126722724719045,0.11069338298609344,0.00042495749318416376,0.04341513887822501,0.0052940670069399065,0.8662289915966386,0.9764974170895478,0.933507235704507,0.9716283075757921,0.8947368421052632,0.9745508982035929,0.9371534195933456,0.954341987466428,0.9089285714285714,0.996799096215402,0.9636622728892056,0.9913397860417728,0.0013086944866881336,0.02356045253035124,0.0028505434013015815,0.009161520035144408,0.07508966781581472,-0.00875262262676535,0.0265145283414564,0.0040814878286317136,0.9018327067669173,0.9856749972094974,0.9504078462412756,0.9728408867541003
semseg-ptv3-pheno4d-tomato,2,Tomato02,T02_0307_a,2660027,0.9520283081368937,0.921875,0.9821816162737873,0.756420481735524,0.921875,0.8418352807067541,0.899602026049204,0.3791423001949318,0.971910000596813,0.6960172228202368,0.9208653253376674,0.0032116215361723773,0.10410458239709597,0.0077890186828930685,0.03595940943456589,0.3842469171716658,0.005135807838487105,0.18310205637339827,0.041794632443457935,0.5677813909652278,0.9468925002984065,0.7689262517634954,0.9102336756934357,0.6944111297673303,0.91175,0.8098828598357345,0.8665280272237451,0.3791423001949318,0.971910000596813,0.6960172228202368,0.9208653253376674,0.0018597555588721467,0.02438133146768811,0.004007478119582996,0.010154032271101008,0.41525159315576254,0.010198307838487186,0.19907826680890794,0.058331631856187394,0.5367767149811311,0.9418300002984065,0.7529500413279857,0.8936966762807063
semseg-ptv3-pheno4d-tomato,2,Tomato02,T02_0309_a,2530683,0.8491827591531423,0.735797007156799,0.9625685111494857,0.6523103251568739,0.735797007156799,0.7655361167757861,0.687973619962586,0.5695889053987122,0.9243715963046677,0.7269526665797366,0.820011179429849,0.006984675678463087,0.15998487364873434,0.016540989132182892,0.06094560243222877,0.23823314387534922,0.01909845742240901,0.10293836747538099,0.09519035945692489,0.6109496152777931,0.8300843017307333,0.7462443916777614,0.7539923996962175,0.6386694386694387,0.6777206761692363,0.7480902255639098,0.6338134950720242,0.5695889053987122,0.9243715963046677,0.7269526665797366,0.820011179429849,0.005619036441940772,0.060382908487550596,0.010975297972918774,0.027814625537848872,0.24505358711906688,0.048136622916190364,0.11166131308131921,0.12227042190220572,0.6041291720340755,0.801046136236952,0.7375214460718231,0.7269123372509366
semseg-ptv3-pheno4d-tomato,2,Tomato02,T02_0311_a,2801320,0.96779214159658,0.9420092445794163,0.9935750386137437,0.5004928050463237,0.9399926059429733,0.7573577501635056,0.9115463215258856,0.6804123711340206,0.9836276831114389,0.8258895401634607,0.9527987287661422,0.0043925720731655075,0.11335191980923279,0.012776476803792498,0.046493081832850225,0.3773395535064079,0.005981997069373968,0.17616849643309684,0.035619616450566105,0.5904525880901721,0.961810144527206,0.7916236451634832,0.9321725251460139,0.3685185185185185,0.930904563771582,0.6958904109589041,0.902464967858299,0.6804123711340206,0.9836276831114389,0.8258895401634607,0.9527987287661422,0.0027115788271243556,0.05612675453000728,0.006046792226521783,0.022915982465409164,0.44332669677031045,0.010526018155069483,0.20690216603539757,0.04016029328435944,0.5244654448262696,0.9572661234415105,0.7608899755611824,0.9276318483122206
semseg-ptv3-pheno4d-tomato,2,Tomato02,T02_0313_a,3583327,0.7603799645823689,0.6273353205424241,0.8934246086223137,0.4238636363636364,0.7730013866941856,0.6701015751508906,0.7441114138661823,0.5197944998488969,0.8308465364302928,0.6508921644685803,0.7692213889396988,0.0021100502410190307,0.05547023757530362,0.004948473862418919,0.01900412661194471,0.2885508964761022,-0.041543996979870323,0.09988309477263335,0.003713563179428392,0.4718290681062667,0.8019239615622392,0.6604968698097355,0.7566664014029405,0.2007042253521127,0.629928767737955,0.4178525226390686,0.5237196426324399,0.5197944998488969,0.8308465364302928,0.6508921644685803,0.7692213889396988,0.0010347925266100471,0.01401965268589777,0.0017994450408796072,0.005738521770410571,0.4001306019818641,0.029992312498244966,0.22600762102854444,0.1139094487962996,0.3602493626005048,0.7303876520841239,0.5343723435538245,0.6464705157860693
semseg-ptv3-pheno4d-tomato,2,Tomato02,T02_0315_a,2136519,0.9851675191483544,0.9721624336346678,0.998172604662041,0.682690030783803,0.9620426531011543,0.8171863841942395,0.9207232977473566,0.7753964852121732,0.9924379290765498,0.9005768578215134,0.9747397461042739,0.0043369611971623,0.11073152169486908,0.011050217667149228,0.03932097023242012,0.25612426115036635,0.007927228059502411,0.12628589814047797,0.0374359972225391,0.7290432579979881,0.977240291088852,0.8588816210078765,0.9477315219258153,0.6447457627118645,0.9595261940118106,0.7858187134502924,0.9053311793214863,0.7753964852121732,0.9924379290765498,0.9005768578215134,0.9747397461042739,0.0030741594153854937,0.08554522566848223,0.007530005583849243,0.026962081778818724,0.27509639518633566,0.009185457604174219,0.14196973351245146,0.045132056435474244,0.7100711239620188,0.9759820615441802,0.843197785635903,0.9400354627128802
semseg-ptv3-pheno4d-tomato,2,Tomato02,T02_0317_a,2842484,0.8736390304565613,0.7654424771011752,0.9818355838119476,0.3999646934212075,0.6846999552699108,0.5025724174487856,0.5946219939838128,0.6727323923832318,0.9557229417977653,0.7779824826336454,0.904195342932882,0.013275712369884932,0.2415067244002077,0.03135461800312684,0.10481044044575097,0.33729048755434166,0.05342758192272323,0.23336158041534583,0.12423036199821391,0.5363485429022197,0.8202114485338381,0.6402774500412155,0.7494086684583474,0.40408895725181054,0.6654459539279386,0.48862608695652177,0.5786381550138666,0.6727323923832318,0.9557229417977653,0.7779824826336454,0.904195342932882,0.012213261358727086,0.2203512842992256,0.028238681378681463,0.09596078641075904,0.3352283556390402,0.06305458259370944,0.24033474566147772,0.13222228148318704,0.5384106748175211,0.8105844478628519,0.6333042847950836,0.7414167489733743
semseg-ptv3-pheno4d-tomato,2,Tomato02,T02_0319_a,1542285,0.8907236268286107,0.7990380654000556,0.9824091882571658,0.2647358586716494,0.7331764406564051,0.41164213513034226,0.6481767251501225,0.6630516644072902,0.9493896765771896,0.7606071118820469,0.8810370313384365,0.020175259436485474,0.3371692002450909,0.04547797586049271,0.14997682010782704,0.4268298652891409,0.04944056821181331,0.3045990033224162,0.1261167485843313,0.4638937615394698,0.8412830586167974,0.5861246235061945,0.7646068782442794,0.2643521282948051,0.7128578293402897,0.4079742247281514,0.6252441449997312,0.6711660184549684,0.9502369893783074,0.7673068805403124,0.8826111360574764,0.01901399546776374,0.3061645545408274,0.04277614059658234,0.1381411347448753,0.42296455345372397,0.05917621746931223,0.30308307419437885,0.1367959863000069,0.46775907337488676,0.8315474093592985,0.5876405526342319,0.7539276405286038
semseg-ptv3-pheno4d-tomato,2,Tomato02,T02_0321_a,1774166,0.9602233085208569,0.9263376698587354,0.9941089471829785,0.47292212974575304,0.8857679405486092,0.6508445945945946,0.8276056338028169,0.6886910340518588,0.9831047564184939,0.8477257745550428,0.9559578975241626,0.010540163659995739,0.2760102493227804,0.02891217619997227,0.11043047832051792,0.37941672662205095,0.025786960037305295,0.21093812394603817,0.06844154285736714,0.580806581898806,0.9344363484835516,0.7492851845748187,0.8917817656634898,0.4471299093655589,0.8839821428571428,0.6247310381925767,0.821697457980275,0.6886910340518588,0.9831047564184939,0.8477257745550428,0.9559578975241626,0.009083141036408093,0.2568936615852181,0.025791273195405615,0.10184841779179626,0.392312836812148,0.026679858883038587,0.2239949021470471,0.07139563076863809,0.5679104717087089,0.9335434496378183,0.7362284063738098,0.8888276777522188
semseg-ptv3-pheno4d-tomato,2,Tomato02,T02_0324_a,3311762,0.9521710583914968,0.9122269978023688,0.9921151189806248,0.5345041688841582,0.8326770190950293,0.6549037037037037,0.7762418677792855,0.652925836116576,0.9682713394632242,0.7964533538936006,0.9276650909970071,0.009467769724998354,0.2506194587654548,0.023786129558826995,0.09238375221407819,0.35845605589112983,0.05169687911237009,0.22649252959284472,0.1002175790033506,0.593715002500367,0.9004741792791268,0.7256785287986521,0.8519534793881463,0.5304821439623693,0.8227203829278021,0.6484309655834701,0.7667607906413877,0.652925836116576,0.9682713394632242,0.7964533538936006,0.9276650909970071,0.00918785830624302,0.24331609578224522,0.023160782689094203,0.08965680504818885,0.36046706835202424,0.056675197195983684,0.22972889865296153,0.10495811757229945,0.5917039900394726,0.8954958611955132,0.7224421597385353,0.8472129408191974
semseg-ptv3-pheno4d-tomato,2,Tomato02,T02_0325_a,3455376,0.9528470410056256,0.0002578915840025992,0.9913717141930526,0.015129396151293962,0.001091346566984618,0.007033673017279574,0.0021754397985577004,0.7287451132018731,0.9725284252040237,0.8571719641401793,0.9411022964509395,0.008815249049596918,0.23056477789971339,0.022161408772880288,0.08614576242932752,0.12387754821194408,0.009004917003023416,0.06371198430979819,0.024175934763778995,0.6102379188185,0.9013868585345379,0.7507799746119902,0.8590707577318006,,,,,,,,,0.008465359486203528,0.22093775033455115,0.021337764688994773,0.08296521131130158,nan,nan,nan,nan,0.60484621062044,0.8947167608347071,0.7455413740146544,0.8538628908422645
semseg-ptv3-pheno4d-tomato,3,Tomato01,T01_0305_a,1962709,0.9674574104160367,0.9386370644465002,0.9962777563855731,0.7318962613674638,0.9316151202749141,0.8711557138232437,0.9121315818523016,0.7928571428571428,0.9927955575040187,0.9106722232288458,0.980034019115503,0.0035349101675286555,0.10560709712952862,0.009445618275556896,0.035712884589615676,0.20508070830373337,0.005252071526570257,0.07654344188999196,0.02137460993213436,0.7623767021123034,0.9622053388894665,0.8909139685260448,0.9460828004839024,0.734375,0.9316322285397309,0.8812334377258492,0.9134784134784135,0.7928571428571428,0.9927955575040187,0.9106722232288458,0.980034019115503,0.001907058050887829,0.03828789698320026,0.004675680398877266,0.015232517912742032,0.20384133898746537,0.005243517394161845,0.0715045799386893,0.020701194119078448,0.7636160714285714,0.9622138930218749,0.8959528304773474,0.9467562162969583
semseg-ptv3-pheno4d-tomato,3,Tomato01,T01_0307_a,1921834,0.8479611966983495,0.7609321725313648,0.9349902208653341,0.501260940513277,0.7264911948494603,0.6236492264635,0.649468524001359,0.4560854354630823,0.8981464872944693,0.5782513557225764,0.792755254113568,0.005130515955072083,0.11480388004374988,0.012555194673421326,0.04511315753597865,0.36928800871016987,0.035642355626384625,0.24701090560531125,0.12684930764088598,0.4786731879881796,0.8123188410719648,0.6009502910930382,0.7211118890574635,0.4411653424139236,0.6523824099581675,0.5855459985041137,0.6032374519622685,0.4560854354630823,0.8981464872944693,0.5782513557225764,0.792755254113568,0.004039370726087685,0.041464559374014616,0.008728121159267658,0.022498821438271983,0.39933580775984656,0.07269674807203097,0.2660625195850045,0.14996484366043117,0.4486253889385029,0.7752644486263185,0.581898677113345,0.6979963530379183
semseg-ptv3-pheno4d-tomato,3,Tomato01,T01_0309_a,2177884,0.9502105935946812,0.9152374253818825,0.9851837618074799,0.4243279370265855,0.8976079473661278,0.6464038519410171,0.8609508594420283,0.7021857923497268,0.9680103065769936,0.8302761150801313,0.9355505697065681,0.007999507779110366,0.13702520428085244,0.01962914461927265,0.06182468855090537,0.386953728906525,0.017401466623120476,0.21187061008410701,0.051959879020383015,0.5632568646881562,0.9328091269715607,0.7383399835105742,0.8982507145742982,0.26366427840327533,0.8334911915135442,0.4657833961346785,0.7998451589397941,0.7021857923497268,0.9680103065769936,0.8302761150801313,0.9355505697065681,0.006137149636987094,0.07318479772109075,0.013649487300517384,0.03937583452562212,0.46728555821818013,0.049459844549412324,0.30218083798727624,0.0825127292715,0.48292503537650106,0.9007507490452689,0.648029755607405,0.8676978643231812
semseg-ptv3-pheno4d-tomato,3,Tomato01,T01_0311_a,2080173,0.9157209745610406,0.8445790430042398,0.9868629061178413,0.2889810109654988,0.7984099050971026,0.5080840743734842,0.696158764742102,0.5913453847384419,0.9703896974339333,0.7707697126301778,0.927486957031479,0.007336889768302925,0.1522229160747688,0.01670918716856723,0.058924906726507846,0.4755577767090703,0.03132117329552264,0.2762940810592096,0.10389811367425006,0.44016319785197033,0.884399801265518,0.639426893501831,0.8118228608867906,0.23322827555155334,0.6684712692967409,0.340058611361587,0.5182646623568814,0.5913453847384419,0.9703896974339333,0.7707697126301778,0.927486957031479,0.006757130296374388,0.10640989956123842,0.013729146566175025,0.0442025735359511,0.5034341444160431,0.09629049119570343,0.3603068125651583,0.19284516486686043,0.4122868301449976,0.8194304833653372,0.5554141619958823,0.7228758096941802
semseg-ptv3-pheno4d-tomato,3,Tomato01,T01_0313_a,1924288,0.9554117768683061,0.9193888019005453,0.9914347518360669,0.3716948165404776,0.8994951194883878,0.6932521667354519,0.8495679991939343,0.6674609478422028,0.9778450540697974,0.8439286915573495,0.9481801414364232,0.010564426946486181,0.1900240504539861,0.02757227608341371,0.08416931353310939,0.435833894676966,0.016741690089213557,0.1868213477219054,0.0565377065531274,0.5195778821913402,0.9386700867790926,0.7685904291464007,0.8988740703151787,0.3106476399560922,0.8894185126582278,0.6686700386789646,0.8371395281095252,0.6674609478422028,0.9778450540697974,0.8439286915573495,0.9481801414364232,0.00902775468121196,0.1545132537333289,0.02437940682475804,0.07100392456846376,0.4663574829691587,0.021779993504293493,0.19911241175014904,0.06275194209533197,0.48905429389914745,0.9336317833640126,0.7562993651181571,0.8926598347729742
semseg-ptv3-pheno4d-tomato,3,Tomato01,T01_0315_a,2438364,0.9458132779307826,0.9009681361030172,0.9906584197585482,0.4511438362508104,0.8622943960670485,0.5888402121281993,0.8108221323716898,0.6485946449980019,0.9749420989480146,0.7790140958087035,0.9377780903186211,0.00974423834997564,0.21227019427780267,0.023629777998690926,0.09110042635143892,0.3959440373063765,0.02719503042325111,0.26188612396233124,0.07151316658562723,0.5498692406244061,0.9186182475075315,0.6839271539684514,0.8743001113451554,0.4316492513196165,0.8464098019093821,0.568,0.7974865275379206,0.6485946449980019,0.9749420989480146,0.7790140958087035,0.9377780903186211,0.007800722123522165,0.18399344806599835,0.0197878577603672,0.079869945586467,0.4056913297719734,0.035137327502084315,0.27230623002643095,0.0781809690025117,0.5401219481588092,0.9106759504286983,0.6735070479043517,0.8676323089282709
semseg-ptv3-pheno4d-tomato,3,Tomato01,T01_0317_a,2450405,0.8781409518387522,0.7805485409652076,0.9757333627122968,0.43252809485886207,0.732043938270773,0.5750081708247086,0.6957108398103564,0.5194805194805194,0.935682004126503,0.6723343100841748,0.8510955361349062,0.015402351856121743,0.30020384385438326,0.035858970251856324,0.12344653230792461,0.4021366446690614,0.04427798064011412,0.2544697113843105,0.10473776386612088,0.4760043071696908,0.8338629711986381,0.6236712404544417,0.7734031879726313,0.447373696872494,0.7127064687200839,0.5625763049707239,0.6828698963921537,0.5194805194805194,0.935682004126503,0.6723343100841748,0.8510955361349062,0.013006829483289496,0.27820380712576087,0.031079760284524395,0.11211452800659483,0.3947138436622455,0.0539467154154587,0.2606856443113028,0.11115823557522231,0.4834271081765067,0.8241942364232935,0.6174553075274494,0.7669827162635299
semseg-ptv3-pheno4d-tomato,3,Tomato01,T01_0319_a,2476596,0.9645844039807957,0.9350751068509067,0.9940937011106847,0.5024739507538274,0.902820586477023,0.6993706485056702,0.8608471914367503,0.6658329400660689,0.97852641027142,0.822014449638759,0.9397618120278892,0.0136522064963361,0.27465642357493913,0.03136401738515285,0.11396529752935076,0.3804309585708475,0.023910905606574162,0.20389185490858108,0.06427990224847602,0.5841534454099482,0.9406734983742215,0.7606925490722146,0.9003045017323197,0.5139346512904998,0.9046013280396679,0.6994725700548957,0.8652505767437294,0.6658329400660689,0.97852641027142,0.822014449638759,0.9397618120278892,0.011579199837195893,0.24906888325750345,0.02687357970375467,0.10207720597142206,0.3747006083025114,0.023020534825251793,0.20384089413396833,0.062078209594986444,0.5898837956782843,0.9415638691555439,0.7607435098468274,0.9025061943858093
semseg-ptv3-pheno4d-tomato,3,Tomato01,T01_0321_a,1672545,0.9693683572143876,0.9447703904059187,0.9939663240228565,0.6013623716780198,0.893714125001598,0.718247953925432,0.8548943640656214,0.7219672632706134,0.9744410517443253,0.8350999641238055,0.9432200287730589,0.013172739746912639,0.24276237709598247,0.030229380973307147,0.1056569479445994,0.30770353974007103,0.03529076884142601,0.19269439818976886,0.07031116079504751,0.6616648174743166,0.9340775883729616,0.7766739590246188,0.8990571964193401,0.6056689834926151,0.8897170693577879,0.711939787889155,0.8510590758780946,0.7219672632706134,0.9744410517443253,0.8350999641238055,0.9432200287730589,0.011319874801574845,0.22941086786902595,0.02649016917332568,0.09649067738087765,0.30555023383277335,0.03728929666333103,0.19584848120790732,0.0722288048888109,0.6638181233816143,0.9320790605510566,0.7735198760064803,0.8971395523255767
semseg-ptv3-pheno4d-tomato,3,Tomato01,T01_0324_a,2932759,0.9724483929959267,0.9495987618938438,0.9952980240980094,0.5462939855253307,0.9080490634129575,0.7099086552246754,0.8770776402507635,0.6049610205527994,0.977847812018997,0.7885276168008616,0.942653088934148,0.007458164820225596,0.22554120539737496,0.020225323662803524,0.08518190550263421,0.3968208899568616,0.02949995527994942,0.22323025698315813,0.06258302840347096,0.5756275030390651,0.9429484377159773,0.7492181360127685,0.9098653645924557,0.5292776358993069,0.9004003515281711,0.6916047445423916,0.8702317418245639,0.6231566652065995,0.9844977075251485,0.8193406120583016,0.9587735134171347,0.006650734001668736,0.2087706490714034,0.017790415100592993,0.07776568071225765,0.3962312424429735,0.029999363469266793,0.21697571469558008,0.05794576537507745,0.5762171505529532,0.9424490295266599,0.7554726783003466,0.9145026276208492
semseg-ptv3-pheno4d-tomato,3,Tomato01,T01_0325_a,3011661,0.9698389791885008,0.9502867199171504,0.9893912384598512,0.47767695099818513,0.905897405254167,0.6777170533756586,0.8537011874519997,0.5621477937267411,0.9534188009021795,0.6896058684570434,0.8783299010164087,0.00940676922136987,0.22760928271807485,0.02526778412311346,0.09097405053224782,0.4499266068260377,0.04018087611032761,0.2861775182721499,0.10382343495429658,0.5199123723624631,0.9296581030781732,0.6836614609163509,0.8660155442342042,0.46555273994298385,0.8959504971236122,0.6665007643357389,0.8412201329939633,0.6095227115517639,0.9723888393631482,0.7776375744830003,0.9258389967070693,0.00771235540786297,0.20156252645965134,0.020434902865893605,0.07783146907968726,0.4323012534411269,0.0356693109451206,0.2477698097791312,0.08630941433798456,0.5375377257473739,0.9341696682433802,0.7220691694093696,0.8835295648505163
semseg-ptv3-pheno4d-tomato,3,Tomato02,T02_0305_a,1518307,0.9695905354706401,0.9440313111545988,0.9951497597866814,0.78,0.9440313111545988,0.8777255237280889,0.9386134363597338,0.8294260307194826,0.993402745208392,0.9278385772913816,0.9822614543926019,0.001829669493718991,0.09465740459604019,0.00485935980009313,0.028126722724719045,0.16487752011089885,0.0008735072891447038,0.06680848496090486,0.009153090094472183,0.8047130153597413,0.9687170281814954,0.9027820505097353,0.9604374453761679,0.7804370447450573,0.94725,0.8693498452012384,0.9052111410601976,0.8294260307194826,0.993402745208392,0.9278385772913816,0.9822614543926019,0.0013086944866881336,0.02356045253035124,0.0028505434013015815,0.009161520035144408,0.16465899773837023,-0.00073583713355585,0.07099632422433011,0.025854237744240338,0.8049315377322699,0.970326372604196,0.89859421124631,0.9437362977263998
semseg-ptv3-pheno4d-tomato,3,Tomato02,T02_0307_a,2660027,0.9716280815923545,0.9531879764968678,0.9900681866878411,0.8423680456490727,0.9531879764968678,0.9017128874388255,0.9392373148439962,0.6705444392740809,0.9843539035819237,0.8338253901307465,0.9560758082497213,0.0032116215361723773,0.10410458239709597,0.0077890186828930685,0.03595940943456589,0.21517183913077764,0.0028571415529586863,0.10385894280756847,0.023971520045495742,0.7564562424615768,0.9687709400393958,0.867769138784786,0.9476565615468587,0.798060467769538,0.9484259441062897,0.8824932895914107,0.9200649218908501,0.6705444392740809,0.9843539035819237,0.8338253901307465,0.9560758082497213,0.0018597555588721467,0.02438133146768811,0.004007478119582996,0.010154032271101008,0.23732562807054502,0.005238157748247763,0.11346874173127586,0.03355771652206874,0.7343024535218095,0.9663899238441067,0.8581593398610786,0.9380703650702857
semseg-ptv3-pheno4d-tomato,3,Tomato02,T02_0309_a,2530683,0.8575060305147029,0.750157331655129,0.9648547293742766,0.7032945546974289,0.750157331655129,0.7958571817934041,0.705056,0.6343646126310406,0.9289210098338729,0.763293992839146,0.830718538210956,0.006984675678463087,0.15998487364873434,0.016540989132182892,0.06094560243222877,0.18867644685046814,0.01796685977020185,0.07793044319842779,0.08961876140922487,0.6688295836642347,0.839539170744501,0.7795755873162751,0.767887269105478,0.6910779866061785,0.6941164927886974,0.7804833056631618,0.6524713659774003,0.6343646126310406,0.9289210098338729,0.763293992839146,0.830718538210956,0.005619036441940772,0.060382908487550596,0.010975297972918774,0.027814625537848872,0.19478473089609327,0.04598727920341772,0.08561738126354901,0.11591107842052473,0.6627212996186096,0.8115187513112851,0.7718886492511539,0.7415949520941781
semseg-ptv3-pheno4d-tomato,3,Tomato02,T02_0311_a,2801320,0.945975456208053,0.9039740253964018,0.9879768870197042,0.5033288948069241,0.9006488426671575,0.7079085147423533,0.8923639317627945,0.6541755888650964,0.9696159883609633,0.7781262250098001,0.9375592966043731,0.0043925720731655075,0.11335191980923279,0.012776476803792498,0.046493081832850225,0.36722321437204275,0.010843040693992667,0.20295808633197632,0.031013842024469218,0.5787522418360103,0.9351324155140603,0.7430173698760767,0.9149616141835838,0.31877071407050317,0.8703352722044311,0.5965212432278301,0.8695972721408165,0.6541755888650964,0.9696159883609633,0.7781262250098001,0.9375592966043731,0.0027115788271243556,0.05612675453000728,0.006046792226521783,0.022915982465409164,0.4595023047402532,0.02599982592535588,0.2586517220892379,0.042397171835458214,0.4864731514677998,0.9199756302826971,0.6873237341188151,0.9035782843725948
semseg-ptv3-pheno4d-tomato,3,Tomato02,T02_0313_a,3583327,0.7472189746820221,0.6063780651662748,0.8880598841977696,0.39585109406081276,0.7435732025932974,0.6208775029446407,0.7261717330749667,0.5075466114234981,0.8124122014850491,0.6137362637362638,0.756644867102658,0.0021100502410190307,0.05547023757530362,0.004948473862418919,0.01900412661194471,0.2955201219398667,-0.030773727357151115,0.1299120913415699,0.00581067459320983,0.45169885274215543,0.7779927020391733,0.6173068833404523,0.7414083000888123,0.16507777220270947,0.5802344494924,0.31901840490797545,0.48993963782696176,0.5075466114234981,0.8124122014850491,0.6137362637362638,0.756644867102658,0.0010347925266100471,0.01401965268589777,0.0017994450408796072,0.005738521770410571,0.41090678286891835,0.05089564919329759,0.28084164035990256,0.12392672221721224,0.3363121918131038,0.6963233254887246,0.4663773343221196,0.6232922524648099
semseg-ptv3-pheno4d-tomato,3,Tomato02,T02_0315_a,2136519,0.9800460705463611,0.9627388306277833,0.9973533104649388,0.5684058667949026,0.9491720556535371,0.752818421683857,0.8937118843847691,0.7115198451113263,0.9890787308443896,0.8626737795021016,0.9638364445201252,0.0043369611971623,0.11073152169486908,0.011050217667149228,0.03932097023242012,0.34008321459324664,0.010920677297397652,0.1722999699533817,0.051271906093913855,0.6399628559531144,0.9691253932489634,0.8077461005929794,0.9287741644524472,0.4849637054960249,0.9411764705882353,0.686241920590951,0.8621277286375071,0.7115198451113263,0.9890787308443896,0.8626737795021016,0.9638364445201252,0.0030741594153854937,0.08554522566848223,0.007530005583849243,0.026962081778818724,0.38180429524268544,0.01491846983004863,0.20558822049983483,0.06706398396754498,0.5982417753036756,0.9651276007163124,0.7744578500465262,0.9129820865788161
semseg-ptv3-pheno4d-tomato,3,Tomato02,T02_0317_a,2842484,0.8653841569167794,0.7505050856903999,0.9802632281431589,0.3826033034556627,0.6652568117025751,0.49473748436498977,0.5877164164394363,0.6410301148061556,0.9519691504952759,0.7646651617757713,0.8998670416561391,0.013275712369884932,0.2415067244002077,0.03135461800312684,0.10481044044575097,0.35356744778587024,0.05677117581785385,0.23568283384639888,0.12159242786899171,0.5118167091309092,0.8086129810989255,0.6297013230703805,0.7437917290477877,0.37067172396916676,0.6390642696278167,0.469106463878327,0.5645164195773963,0.6410301148061556,0.9519691504952759,0.7646651617757713,0.8998670416561391,0.012213261358727086,0.2203512842992256,0.028238681378681463,0.09596078641075904,0.35953323752911825,0.06986744685523305,0.24849834408973026,0.1331924263000117,0.5058509193876611,0.7955167100615463,0.6168858128270491,0.7321917306167677
semseg-ptv3-pheno4d-tomato,3,Tomato02,T02_0319_a,1542285,0.8935991605504987,0.8068150328233844,0.9803832882776129,0.256696809418188,0.7437724224484363,0.39117165730461323,0.6625202451119534,0.6620912091209121,0.9433647986229199,0.7499784849997418,0.8730024534182084,0.020175259436485474,0.3371692002450909,0.04547797586049271,0.14997682010782704,0.4342051512809486,0.050030550014820596,0.32302408939832117,0.12583781128541782,0.4593940092695501,0.8435686105356781,0.5705750711521775,0.7677613492650809,0.25627624025362006,0.723997373748427,0.3869642857142857,0.6401925820256776,0.670388091440723,0.9518703057508056,0.7603699502661199,0.8860915264378976,0.01901399546776374,0.3061645545408274,0.04277614059658234,0.1381411347448753,0.4302669947033272,0.05566532080088238,0.31993204256029595,0.1304571063187111,0.4633321658471715,0.8379338397496163,0.5736671179902028,0.7631420542317876
semseg-ptv3-pheno4d-tomato,3,Tomato02,T02_0321_a,1774166,0.9480818620345106,0.9049654888224993,0.9911982352465218,0.4152205965747987,0.8756254583978486,0.5923548790185165,0.8141409085220873,0.6580824386215182,0.9769501195579058,0.825557863343452,0.9532279791043795,0.010540163659995739,0.2760102493227804,0.02891217619997227,0.11043047832051792,0.4114303444363522,0.0217940730566335,0.2391254908535263,0.0643974182212772,0.5366515175981584,0.9262877889778771,0.7089563711809843,0.8836844438132334,0.3752041371801851,0.871985764090645,0.5524494504003257,0.8052354531227771,0.6580824386215182,0.9769501195579058,0.825557863343452,0.9532279791043795,0.009083141036408093,0.2568936615852181,0.025791273195405615,0.10184841779179626,0.43143857413365905,0.02361392021023523,0.2590782051626217,0.0688501459209323,0.5166432879008516,0.9244679418242754,0.6890036568718889,0.8792317161135783
semseg-ptv3-pheno4d-tomato,3,Tomato02,T02_0324_a,3311762,0.9603159879927664,0.9273111719643662,0.9933208040211666,0.5529563951921522,0.8630083020850052,0.667472558010282,0.8048822480477157,0.6066598807619602,0.9730113921905916,0.7804973165704099,0.9331930116401936,0.009467769724998354,0.2506194587654548,0.023786129558826995,0.09238375221407819,0.3805078500157102,0.04230614085496798,0.23633105070242044,0.0912783581488118,0.5798081379770562,0.9180098471377984,0.723984937290346,0.8690376298439546,0.5498849025882881,0.8553673111820287,0.6617723718505647,0.7972698644041329,0.6066598807619602,0.9730113921905916,0.7804973165704099,0.9331930116401936,0.00918785830624302,0.24331609578224522,0.023160782689094203,0.08965680504818885,0.3820435963176422,0.04612663630645619,0.23918114378227917,0.09508454997060312,0.5782723916751242,0.9141893516863102,0.7211348442104872,0.8652314380221633
semseg-ptv3-pheno4d-tomato,3,Tomato02,T02_0325_a,3455376,0.951091586307103,0.00015422296988796514,0.9897703069245414,0.009696351109977035,0.0006511978613291291,0.004068740296589753,0.0012871538656956559,0.7244893571274995,0.9722428788515632,0.8556481796529432,0.9407935964172021,0.008815249049596918,0.23056477789971339,0.022161408772880288,0.08614576242932752,0.12786941082847642,0.008515226590768477,0.06510380497244822,0.023921889805765817,0.6090048963384602,0.8994955063167367,0.7518108088611721,0.8586177493043087,,,,,,,,,0.008465359486203528,0.22093775033455115,0.021337764688994773,0.08296521131130158,nan,nan,nan,nan,0.6038394540213003,0.8925987038841638,0.7465354190349205,0.8532914921925103
semseg-ptv3-pheno4d-tomato,4,Tomato01,T01_0305_a,1962709,0.9413894347070895,0.8905745399924897,0.9922043294216892,0.5614406779661016,0.8786310517529216,0.7769254372506904,0.8453026917757208,0.6165246387550944,0.9849452355670628,0.8227132579650566,0.9586182079884851,0.0035349101675286555,0.10560709712952862,0.009445618275556896,0.035712884589615676,0.3524067763464914,0.009601291047097282,0.14157008709921604,0.03942898482498647,0.588982658360598,0.9317881436599922,0.7998193476078734,0.901960449882103,0.5021645021645021,0.860774818401937,0.7633744855967078,0.8251984462084108,0.6165246387550944,0.9849452355670628,0.8227132579650566,0.9586182079884851,0.001907058050887829,0.03828789698320026,0.004675680398877266,0.015232517912742032,0.3820448642472911,0.018529407722589486,0.14834556292620726,0.04948110760864155,0.5593445704597984,0.9228600269845,0.7930438717808822,0.8919083270984479
semseg-ptv3-pheno4d-tomato,4,Tomato01,T01_0307_a,1921834,0.8383805634584711,0.7452386434656755,0.9315224834512669,0.4915353181552831,0.7088017445576569,0.591132626402336,0.6275547006491945,0.45533088235294117,0.892903360157075,0.5593282893522791,0.7831847747530716,0.005130515955072083,0.11480388004374988,0.012555194673421326,0.04511315753597865,0.364947463204359,0.03752801110110515,0.2631501055811636,0.13301082575733814,0.4734331002541121,0.800852552357366,0.5752304578773075,0.705369737701133,0.43946273174423006,0.6337555318174882,0.5541448842419716,0.5821484533689281,0.45533088235294117,0.892903360157075,0.5593282893522791,0.7831847747530716,0.004039370726087685,0.041464559374014616,0.008728121159267658,0.022498821438271983,0.3909837564098855,0.07505111747118942,0.2816439766613458,0.1557139493974713,0.44739680704858564,0.7633294459872817,0.5567365867971253,0.6826666140609998
semseg-ptv3-pheno4d-tomato,4,Tomato01,T01_0309_a,2177884,0.9486943903764162,0.9126694144963012,0.9847193662565312,0.42978225924302205,0.8945492480222551,0.637964482912998,0.8569195836159358,0.6984458556149733,0.9670096940409304,0.8250549959476671,0.9335424943922356,0.007999507779110366,0.13702520428085244,0.01962914461927265,0.06182468855090537,0.38458033294741856,0.017914919344823477,0.21718465094608375,0.0534633513723306,0.5641140574289977,0.9307794710315928,0.7315097394303325,0.8952310390040856,0.2792091072498502,0.8290530603009391,0.4570607258354294,0.7947010869565218,0.6984458556149733,0.9670096940409304,0.8250549959476671,0.9335424943922356,0.006137149636987094,0.07318479772109075,0.013649487300517384,0.03937583452562212,0.4598669089440045,0.0506630132054815,0.30763652948486797,0.08457259970203757,0.4888274814324117,0.8980313771709347,0.6410578608915483,0.8641217906743787
semseg-ptv3-pheno4d-tomato,4,Tomato01,T01_0311_a,2080173,0.9022701626892767,0.8199890222657089,0.9845513031128446,0.21281129311492875,0.7675500770416025,0.4605973943438195,0.6530518375419714,0.5652506697282816,0.9651924730155698,0.7489338814399323,0.9150533247858267,0.007336889768302925,0.1522229160747688,0.01670918716856723,0.058924906726507846,0.5132391812676715,0.035898887660690604,0.29750452479740075,0.11821758152537776,0.3890309814216052,0.8663712750285861,0.604765637891876,0.784052581163899,0.14855344026382852,0.6215795212627863,0.2790954219525648,0.4578187769677131,0.5652506697282816,0.9651924730155698,0.7489338814399323,0.9150533247858267,0.006757130296374388,0.10640989956123842,0.013729146566175025,0.0442025735359511,0.5453681076932216,0.10888416555009872,0.38825551099302813,0.21583411181250678,0.3569020549960551,0.793385997139178,0.5140146516962486,0.68643605087677
semseg-ptv3-pheno4d-tomato,4,Tomato01,T01_0313_a,1924288,0.952464649193876,0.9135152513764417,0.9914140470113101,0.4242590559824369,0.8923730932733184,0.6798676559053539,0.8402543214782436,0.6927068917796845,0.9777882591686847,0.8443913410177115,0.9482417979946015,0.010564426946486181,0.1900240504539861,0.02757227608341371,0.08416931353310939,0.39398167531281525,0.017383972972874417,0.1903351507323432,0.05821658945745334,0.5584829738810607,0.9350806762210015,0.7621294984615328,0.8942480597364226,0.3966852329846488,0.8893211936879111,0.6720583007465339,0.837804842600936,0.6927068917796845,0.9777882591686847,0.8443913410177115,0.9482417979946015,0.00902775468121196,0.1545132537333289,0.02437940682475804,0.07100392456846376,0.40776858681170935,0.018909922765578013,0.19423982831175324,0.059441328896107204,0.5446960623821666,0.933554726428298,0.7582248208821227,0.8930233202977688
semseg-ptv3-pheno4d-tomato,4,Tomato01,T01_0315_a,2438364,0.9630133706280191,0.932043269931674,0.9939834713243642,0.49674170616113744,0.9041994930465164,0.6647360328036904,0.8643752182177911,0.7012231802686986,0.9838564453744214,0.8414392192610863,0.959326994351149,0.00974423834997564,0.21227019427780267,0.023629777998690926,0.09110042635143892,0.36403092741310106,0.01898540141755012,0.20992574459563063,0.05116226434354898,0.598982443214918,0.9440279692104689,0.7530876260323884,0.9118511062844701,0.47596717467760846,0.8951970098628422,0.6493537293964188,0.8573669467787115,0.7012231802686986,0.9838564453744214,0.8414392192610863,0.959326994351149,0.007800722123522165,0.18399344806599835,0.0197878577603672,0.079869945586467,0.3744181931548656,0.023486643009387187,0.2176168962992665,0.05466640006308876,0.5885951774731535,0.9395267276186319,0.7453964743287526,0.9083469705649303
semseg-ptv3-pheno4d-tomato,4,Tomato01,T01_0317_a,2450405,0.8919416351460816,0.8049559528102622,0.9789273174819011,0.4235445205479452,0.7423666070104047,0.5766894947667658,0.7072505719221253,0.4827258183076058,0.9381821212781014,0.6617556554335056,0.8565659091018362,0.015402351856121743,0.30020384385438326,0.035858970251856324,0.12344653230792461,0.43880646571830606,0.05166727100182855,0.2727190600459459,0.11003339463410089,0.45313516942777554,0.840274364144253,0.6192225751001357,0.7819082405119807,0.42230056016998263,0.7208425192616434,0.5540886069725132,0.6910674343467815,0.4827258183076058,0.9381821212781014,0.6617556554335056,0.8565659091018362,0.013006829483289496,0.27820380712576087,0.031079760284524395,0.11211452800659483,0.43942844590728736,0.062429314876209174,0.2840195039430722,0.1181249634217727,0.45251318923879424,0.8295123202698724,0.6079221312030094,0.7738166717243089
semseg-ptv3-pheno4d-tomato,4,Tomato01,T01_0319_a,2476596,0.9589500072113745,0.9250165449946902,0.9928834694280587,0.52004594431986,0.888371240472299,0.6809288824383164,0.8411353227227728,0.6368570310972032,0.9741315912163282,0.7941000427533134,0.9274101602753843,0.0136522064963361,0.27465642357493913,0.03136401738515285,0.11396529752935076,0.38049851950284286,0.027698591367060876,0.2214355446155596,0.07467726571229594,0.5784514877085316,0.9312514158443136,0.7375144625958149,0.8842727414990785,0.5254919499105546,0.8871503243491734,0.6724589383480124,0.8416117496501656,0.6368570310972032,0.9741315912163282,0.7941000427533134,0.9274101602753843,0.011579199837195893,0.24906888325750345,0.02687357970375467,0.10207720597142206,0.37777551670749554,0.028309049428623667,0.22567051666071158,0.07443905224859948,0.5811744905038789,0.9306409577827508,0.7332794905506629,0.884510954962775
semseg-ptv3-pheno4d-tomato,4,Tomato01,T01_0321_a,1672545,0.9631286278811619,0.9353283250226953,0.9909289307396287,0.6077529566360053,0.8763886439781343,0.6936833715253562,0.8378577692736985,0.7196486864604383,0.9697245692606583,0.8198500904626519,0.9358059066715337,0.013172739746912639,0.24276237709598247,0.030229380973307147,0.1056569479445994,0.2994278063329401,0.04007202126176557,0.2063618968871579,0.07629678990854583,0.6637008215482219,0.9230566066193964,0.756766730994004,0.8868318379726161,0.6162121857690669,0.8712410402878094,0.6863848708279394,0.8332303618711385,0.7196486864604383,0.9697245692606583,0.8198500904626519,0.9358059066715337,0.011319874801574845,0.22941086786902595,0.02649016917332568,0.09649067738087765,0.29519819176640927,0.042645823106928105,0.21001114723586634,0.07861049360982575,0.6679304361147527,0.9204828047742338,0.7531174806452956,0.8845181342713362
semseg-ptv3-pheno4d-tomato,4,Tomato01,T01_0324_a,2932759,0.9661088646586132,0.9368622233247262,0.9953555059925002,0.5694140530026744,0.8883485499743775,0.6887594641817123,0.8523021571577005,0.6070619197309745,0.9799931584906972,0.7861618934175773,0.9467503278786659,0.007458164820225596,0.22554120539737496,0.020225323662803524,0.08518190550263421,0.3778708782917888,0.03193801042607591,0.2286481858589685,0.06658262214043009,0.5882379863668245,0.9341708542325373,0.7374606787996447,0.8995262425181831,0.5537505548158012,0.8782128728116931,0.6684498956158664,0.842840913003064,0.6210899223637597,0.9808930927471057,0.7928870292887029,0.9490240307307486,0.006650734001668736,0.2087706490714034,0.017790415100592993,0.07776568071225765,0.3786886260688328,0.03655588187921388,0.23544040220632856,0.07017639279170695,0.5874202385897804,0.9295529827793994,0.7306684624522847,0.8959324718669063
semseg-ptv3-pheno4d-tomato,4,Tomato01,T01_0325_a,3011661,0.976712029570254,0.960522410210745,0.9929016489297632,0.5116637154515359,0.9276131314438549,0.7189704414851519,0.8842682494901013,0.6178481080790139,0.9697086959083856,0.7420217209690894,0.9176174338437987,0.00940676922136987,0.22760928271807485,0.02526778412311346,0.09097405053224782,0.4119561178049791,0.028051115894133782,0.24621594834313343,0.075769187903304,0.564755911765275,0.9486609136761203,0.7304960812271206,0.90094284166695,0.5143530600218874,0.9219344067180216,0.71713535808024,0.8775891153452615,0.6629666413507039,0.9809857690964758,0.8221467807718603,0.9482077773162584,0.00771235540786297,0.20156252645965134,0.020434902865893605,0.07783146907968726,0.3880521788839584,0.025251941663005262,0.2070709601442039,0.06381358323949415,0.5886598506862957,0.9514600879072488,0.7696410694260502,0.9128984463307599
semseg-ptv3-pheno4d-tomato,4,Tomato02,T02_0305_a,1518307,0.9533420702804374,0.9578988786149911,0.9487852619458838,0.8318931657501963,0.9578988786149911,0.907439446366782,0.9537996545768567,0.8688524590163934,0.9952358564488325,0.9465917076598735,0.9871371752559871,0.001829669493718991,0.09465740459604019,0.00485935980009313,0.028126722724719045,0.10296925789714251,-0.023225297251474375,0.026326493267109674,-0.017126344635984503,0.8503728123832949,0.9765673675319118,0.9270155770133277,0.9704684149164219,0.8448979591836735,0.9621796466782782,0.9069767441860465,0.932293986636971,0.8688524590163934,0.9952358564488325,0.9465917076598735,0.9871371752559871,0.0013086944866881336,0.02356045253035124,0.0028505434013015815,0.009161520035144408,0.09646686118040393,-0.025365681283118002,0.026557844357477434,-0.006373510666041637,0.8568752091000335,0.9787077515635554,0.92678422592296,0.959715580946479
semseg-ptv3-pheno4d-tomato,4,Tomato02,T02_0307_a,2660027,0.9690256239087753,0.9496222874464707,0.98842896037108,0.8345137329417861,0.9496222874464707,0.8952790558111622,0.9347866708190595,0.613339552238806,0.9817708850453742,0.8062064597846739,0.9488151658767773,0.0032116215361723773,0.10410458239709597,0.0077890186828930685,0.03595940943456589,0.2450989813184793,0.003329037662852863,0.11828286611085725,0.027224705560856988,0.723926642590296,0.9656965862459225,0.8507427577979181,0.9418009183479183,0.7717511013215859,0.9404437524328533,0.8658090922379769,0.9081356949864905,0.613339552238806,0.9817708850453742,0.8062064597846739,0.9488151658767773,0.0018597555588721467,0.02438133146768811,0.004007478119582996,0.010154032271101008,0.27648029712857936,0.007918305169661632,0.13301784789744997,0.040550193477141505,0.692545326780196,0.9611073187391137,0.8360077760113254,0.9284754304316338
semseg-ptv3-pheno4d-tomato,4,Tomato02,T02_0309_a,2530683,0.8544646113188772,0.7449537921826321,0.9639754304551222,0.6842565597667638,0.7449537921826321,0.784907095512333,0.6987959503050046,0.6143709597215316,0.9272047220199078,0.7509147935180345,0.8269073010664479,0.006984675678463087,0.15998487364873434,0.016540989132182892,0.06094560243222877,0.20515085157472956,0.01838535421760723,0.08655366680369347,0.0916129856331509,0.6493137597441476,0.83607925710127,0.7679109445151837,0.7628516256857263,0.665660702737659,0.6864071641010556,0.7658908063624639,0.6434441969429295,0.6143709597215316,0.9272047220199078,0.7509147935180345,0.8269073010664479,0.005619036441940772,0.060382908487550596,0.010975297972918774,0.027814625537848872,0.21444878008928192,0.04765866825839549,0.09606181137862801,0.11928886231418845,0.6400158312295953,0.8068059430604817,0.7584027999402492,0.7351757490046887
semseg-ptv3-pheno4d-tomato,4,Tomato02,T02_0311_a,2801320,0.9766833368657383,0.958210738225339,0.9951559355061376,0.6561077735299472,0.956771476955467,0.830171716263598,0.9365681665547347,0.7180444444444445,0.9876069544832975,0.859309855406724,0.9638238178873657,0.0043925720731655075,0.11335191980923279,0.012776476803792498,0.046493081832850225,0.28960722787854243,0.004494121146355945,0.13194255103057728,0.02648734464468805,0.6870761089871958,0.9721892157193823,0.844740785835161,0.9501959922210502,0.5541186393027833,0.9485732814526588,0.7813017098731384,0.9277119416590702,0.7180444444444445,0.9876069544832975,0.859309855406724,0.9638238178873657,0.0027115788271243556,0.05612675453000728,0.006046792226521783,0.022915982465409164,0.3406017949921244,0.008593218897760102,0.15637755422580712,0.030915457092520304,0.6360815418736139,0.9680901179679782,0.8203057826399311,0.945767879773218
semseg-ptv3-pheno4d-tomato,4,Tomato02,T02_0313_a,3583327,0.7620070536518836,0.6299153023265589,0.8940988049772083,0.590711175616836,0.7794626402405509,0.7612384638285203,0.7843065693430656,0.6554225607544433,0.8355723697755816,0.7514185945002182,0.8048023314749113,0.0021100502410190307,0.05547023757530362,0.004948473862418919,0.01900412661194471,0.13894018546624398,-0.0455104513561827,0.005678524487514269,-0.03254739675710494,0.6230668681856396,0.8075175050080663,0.7563285291643693,0.7945544504089885,0.5002630194634403,0.6416530416643176,0.6209650582362729,0.6080152671755725,0.6554225607544433,0.8355723697755816,0.7514185945002182,0.8048023314749113,0.0010347925266100471,0.01401965268589777,0.0017994450408796072,0.005738521770410571,0.1841642635429418,0.023394347931933956,0.07581522728363799,0.05559825432664167,0.5778427901089418,0.7386127057199496,0.6861918263682456,0.7064087993252419
semseg-ptv3-pheno4d-tomato,4,Tomato02,T02_0315_a,2136519,0.9714203096250971,0.9468432576002297,0.9959973616499643,0.4439675727229375,0.9275050173772578,0.648112756808409,0.8484677955696527,0.6459062281315605,0.9835549022114278,0.8060162846803377,0.9462536293944395,0.0043369611971623,0.11073152169486908,0.011050217667149228,0.03932097023242012,0.426483409197848,0.015890349830754325,0.24435578888072373,0.07405959714305099,0.5449369004272491,0.9555299597943427,0.7270645207443733,0.8973607124820461,0.29624478442280944,0.9109133716501627,0.5232536594404299,0.7908980089394555,0.6459062281315605,0.9835549022114278,0.8060162846803377,0.9462536293944395,0.0030741594153854937,0.08554522566848223,0.007530005583849243,0.026962081778818724,0.5003448033479121,0.02418617269430179,0.30678533756471327,0.10284449045814958,0.471075506277185,0.9472341369307953,0.6646349720603838,0.8685758191669475
semseg-ptv3-pheno4d-tomato,4,Tomato02,T02_0317_a,2842484,0.8442281030164668,0.7109097307759986,0.9775464752569349,0.3094205517407541,0.6117797573919637,0.4643422135037651,0.57411563714324,0.6482650890720553,0.9457793562769098,0.7677073487712666,0.9001615482254421,0.013275712369884932,0.2415067244002077,0.03135461800312684,0.10481044044575097,0.3653852826100621,0.06544854618203011,0.22820332187895098,0.10708951033212577,0.4788428204064047,0.7787795568344367,0.6160247811375158,0.737138592684341,0.3042535007560318,0.5826536412547755,0.443910199752519,0.5541856057120774,0.6482650890720553,0.9457793562769098,0.7677073487712666,0.9001615482254421,0.012213261358727086,0.2203512842992256,0.028238681378681463,0.09596078641075904,0.3679688081024233,0.08001160425062415,0.23841932875457406,0.11705452604770705,0.4762592949140435,0.7642164987658426,0.6058087742618927,0.7271735769687597
semseg-ptv3-pheno4d-tomato,4,Tomato02,T02_0319_a,1542285,0.9124082629650468,0.8391732678470756,0.9856432580830181,0.34647302904564314,0.7866523006718216,0.45953643254611576,0.7190056429263081,0.6795042748450859,0.9583276825589824,0.7686298822070676,0.899642424754343,0.020175259436485474,0.3371692002450909,0.04547797586049271,0.14997682010782704,0.39941961101968226,0.039918271349644874,0.29832510558845515,0.10308422912472126,0.5129886519453646,0.872489991615402,0.6140831573765917,0.8093240338403256,0.346445537128094,0.7702523422006429,0.4560007075263111,0.7005010073635601,0.6884138588684043,0.9596081524300513,0.7789834893372379,0.9033286526553256,0.01901399546776374,0.3061645545408274,0.04277614059658234,0.1381411347448753,0.39497856496679773,0.04747801564969978,0.2949161645332723,0.11049343295560399,0.5174296979982491,0.8649302473153471,0.6174920984317745,0.8019148300094429
semseg-ptv3-pheno4d-tomato,4,Tomato02,T02_0321_a,1774166,0.9629435704780454,0.9313495782567948,0.9945375626992958,0.5188688841419998,0.896839125648687,0.7024219647144796,0.8466601715657154,0.6477756447708872,0.985036475599295,0.850437090678284,0.9602592255369289,0.010540163659995739,0.2760102493227804,0.02891217619997227,0.11043047832051792,0.3796213060216018,0.022005769854054336,0.1865140427816636,0.05948387192672322,0.5833222644564435,0.940937800623991,0.7764295276963817,0.9034596985513221,0.49485276514244675,0.8945338406227094,0.681592039800995,0.8407041648776299,0.6477756447708872,0.985036475599295,0.850437090678284,0.9602592255369289,0.009083141036408093,0.2568936615852181,0.025791273195405615,0.10184841779179626,0.3916293655213784,0.02315841236704319,0.19692900523840584,0.062461875270765965,0.571314204956667,0.9397851581110022,0.7660145652396395,0.9004816952072794
semseg-ptv3-pheno4d-tomato,4,Tomato02,T02_0324_a,3311762,0.9726315217712216,0.9497893623160527,0.9954736812263904,0.5675127460117319,0.9051880957578403,0.6822372806043101,0.8453270399491312,0.6289914330218068,0.981528130056334,0.7905755233736025,0.9466714372545554,0.009467769724998354,0.2506194587654548,0.023786129558826995,0.09238375221407819,0.37437943225445225,0.02927340886413443,0.23622511978226535,0.07663228316937831,0.5982520895167693,0.9433581129070872,0.7364064019889562,0.8959992386018433,0.5646064206557752,0.9005381795491771,0.6769582453195984,0.8399943090692742,0.6289914330218068,0.981528130056334,0.7905755233736025,0.9466714372545554,0.00918785830624302,0.24331609578224522,0.023160782689094203,0.08965680504818885,0.3758325949324306,0.031598366968466074,0.23886463742462116,0.0792986486093068,0.596798926838791,0.9410331548027555,0.7337668843466004,0.8933328731619148
semseg-ptv3-pheno4d-tomato,4,Tomato02,T02_0325_a,3455376,0.948793685194191,0.00013701555932572226,0.992352040384089,0.0073370738023306,0.000565690849950502,0.00348914772435733,0.0011304130994929764,0.7317400644468314,0.9693934261366643,0.853896604277617,0.9388283304691779,0.008815249049596918,0.23056477789971339,0.022161408772880288,0.08614576242932752,0.12670595884712638,0.011264969478399944,0.06755165197072016,0.026265156187371907,0.6387048817167964,0.8920670979953467,0.7542087071778772,0.8568308812266362,,,,,,,,,0.008465359486203528,0.22093775033455115,0.021337764688994773,0.08296521131130158,nan,nan,nan,nan,0.6336537573029285,0.884630312982065,0.7484128426339827,0.851206724422864
semseg-spunet-pheno4d-tomato,0,Tomato01,T01_0305_a,1962709,0.9608759326588872,0.9262232995000758,0.9955285658176984,0.6961827284105131,0.917944397641112,0.8480024968789014,0.8951447949187211,0.7458136539287248,0.991342371195835,0.8917337234820776,0.9759750010145692,0.0035349101675286555,0.10560709712952862,0.009445618275556896,0.035712884589615676,0.23987774148926821,0.006232548240413638,0.09100782247839767,0.025316034692241973,0.7209981911696189,0.9546433844184735,0.8698681101804895,0.9355598979666452,0.7048853439680958,0.919576144545578,0.8623575912578471,0.8987688098495212,0.7458136539287248,0.991342371195835,0.8917337234820776,0.9759750010145692,0.001907058050887829,0.03828789698320026,0.004675680398877266,0.015232517912742032,0.23552643371047688,0.005416674788180642,0.08383027528892484,0.02350402722684186,0.7253494989484103,0.9554592578707065,0.8770456573699623,0.9373719054320453
semseg-spunet-pheno4d-tomato,0,Tomato01,T01_0307_a,1921834,0.8574258615461887,0.7749033701769852,0.9399483529153921,0.5055505550555055,0.7415725963409887,0.621113122884358,0.6661806114239742,0.45566593083149376,0.9059795906188458,0.5792837672713601,0.8090708031629654,0.005130515955072083,0.11480388004374988,0.012555194673421326,0.04511315753597865,0.3768176186026891,0.03364976806627151,0.2572274164683297,0.11980015425271895,0.48060824294349963,0.8237760934799172,0.600198445077859,0.7376257072934698,0.44021944759742715,0.6676510916569982,0.578173593440769,0.618846014273618,0.45566593083149376,0.9059795906188458,0.5792837672713601,0.8090708031629654,0.004039370726087685,0.041464559374014616,0.008728121159267658,0.022498821438271983,0.40948317233172826,0.07061052040826676,0.2786971811901242,0.14346745282789697,0.44794268921446045,0.786815341137922,0.5787286803560645,0.7139584087182917
semseg-spunet-pheno4d-tomato,0,Tomato01,T01_0309_a,2177884,0.9608378480196702,0.9333045076207978,0.9883711884185425,0.46656848306332843,0.919449944515764,0.7226758558693535,0.8906609959241538,0.7140201132426266,0.9747945366168373,0.8619609732594555,0.948842330813642,0.007999507779110366,0.13702520428085244,0.01962914461927265,0.06182468855090537,0.3705435498666927,0.013715607453369527,0.16851943345526577,0.041086184650772295,0.5902942981529775,0.9471222405663007,0.7923184145644044,0.9197516633688979,0.31177547284929835,0.8699057781814054,0.5837268434435162,0.843656207366985,0.7140201132426266,0.9747945366168373,0.8619609732594555,0.948842330813642,0.006137149636987094,0.07318479772109075,0.013649487300517384,0.03937583452562212,0.4479400549737077,0.03848769062054891,0.23799393966818427,0.06458857892935677,0.5128977930459625,0.9223501573991213,0.7228439083514859,0.8962492690903134
semseg-spunet-pheno4d-tomato,0,Tomato01,T01_0311_a,2080173,0.9175233719493503,0.8479824835783547,0.9870642603203459,0.3173988516490853,0.8032266101906067,0.5360791569463438,0.7047525585307725,0.6010421755414428,0.9708284770085999,0.7801407163016257,0.9283678420841872,0.007336889768302925,0.1522229160747688,0.01670918716856723,0.058924906726507846,0.45830285835408624,0.030495828349746956,0.25941343532536554,0.10096317164187041,0.45922051359526406,0.8870275435996033,0.6581099366239848,0.8165602003074799,0.26520827090200777,0.6787034104107275,0.38038732788536883,0.536304761904762,0.6010421755414428,0.9708284770085999,0.7801407163016257,0.9283678420841872,0.006757130296374388,0.10640989956123842,0.013729146566175025,0.0442025735359511,0.484398148727625,0.09275742823968658,0.33725934985585304,0.18518706995487566,0.4331252232217253,0.8247659437096637,0.5802640220934973,0.7323363019944746
semseg-spunet-pheno4d-tomato,0,Tomato01,T01_0313_a,1924288,0.9332936675509915,0.879953057214816,0.9866342778871672,0.3902844093834337,0.8511761724944011,0.6117235180016085,0.7812168291035414,0.620812985762432,0.9655436054874853,0.7831638293168252,0.9202856096667887,0.010564426946486181,0.1900240504539861,0.02757227608341371,0.08416931353310939,0.42774496997805866,0.024933778560048303,0.23584999389177463,0.08254244816582645,0.5055486975729329,0.9083598889909432,0.6974436736592169,0.8507512193851651,0.3394440450515217,0.8329256640550353,0.5776043068640646,0.7587811634349031,0.620812985762432,0.9655436054874853,0.7831638293168252,0.9202856096667887,0.00902775468121196,0.1545132537333289,0.02437940682475804,0.07100392456846376,0.45316515214401465,0.03405903277973121,0.2529095994605466,0.09376028100014566,0.4801285154069769,0.8992346347712603,0.6803840680904449,0.8395333865508459
semseg-spunet-pheno4d-tomato,0,Tomato01,T01_0315_a,2438364,0.9574101558323702,0.9218145404343853,0.9930057712303553,0.4680614513846776,0.8897661540148587,0.6322193131064223,0.8439143683403528,0.6962714979650781,0.9812614964994978,0.8274157303370786,0.9529616503436099,0.00974423834997564,0.21227019427780267,0.023629777998690926,0.09110042635143892,0.3752436811574924,0.021896330575192025,0.2275926341106198,0.058972146490388844,0.5821664746748778,0.9355138252571782,0.7298175217217504,0.8984380093419814,0.45008319467554075,0.8782308451167379,0.6149354096620068,0.8343621399176955,0.6962714979650781,0.9812614964994978,0.8274157303370786,0.9529616503436099,0.007800722123522165,0.18399344806599835,0.0197878577603672,0.079869945586467,0.38423280951206074,0.02766398502425238,0.23623458583282753,0.06374826070171746,0.5731773463203095,0.9297461708081178,0.7211755699995427,0.8936618951306528
semseg-spunet-pheno4d-tomato,0,Tomato01,T01_0317_a,2450405,0.9063597595524358,0.8303695162331136,0.9823500028717578,0.43534065934065935,0.7740410027274073,0.5819748234836871,0.7144685462324608,0.5122046730191882,0.948190800681431,0.6678046218487395,0.8603942660982333,0.015402351856121743,0.30020384385438326,0.035858970251856324,0.12344653230792461,0.432587093372512,0.045243857848016544,0.2814700368862224,0.11892835338708863,0.47377266617992375,0.8611159017044192,0.6248897226662133,0.7874314061653471,0.44223880597014925,0.7569451104504332,0.563319854028997,0.7004309898261536,0.5122046730191882,0.948190800681431,0.6678046218487395,0.8603942660982333,0.013006829483289496,0.27820380712576087,0.031079760284524395,0.11211452800659483,0.429138020057767,0.05379180398650363,0.29079752161356753,0.1259471315902423,0.47722173949466873,0.8525679555659321,0.6155622379388682,0.7804126279621935
semseg-spunet-pheno4d-tomato,0,Tomato01,T01_0319_a,2476596,0.9592320435058187,0.9254507273099775,0.9930133597016599,0.49167762969742035,0.889112380952381,0.6968628622647147,0.8423517677287856,0.6512822930416745,0.9745853073627228,0.8158159443552702,0.9285144802027834,0.0136522064963361,0.27465642357493913,0.03136401738515285,0.11396529752935076,0.3877520821362713,0.02738319934826683,0.2028926401958263,0.07379891954003426,0.5714799613695474,0.9318488441575519,0.7563394033099924,0.8854331239657844,0.5022877136320818,0.8895161769574925,0.6973554649036433,0.8451081776591689,0.6512822930416745,0.9745853073627228,0.8158159443552702,0.9285144802027834,0.011579199837195893,0.24906888325750345,0.02687357970375467,0.10207720597142206,0.3824470401689405,0.027181301345711062,0.20264633887636196,0.07242071457484256,0.5767850033368782,0.9320507421601076,0.7565857046294567,0.8868113289309761
semseg-spunet-pheno4d-tomato,0,Tomato01,T01_0321_a,1672545,0.9641407550848983,0.9361634596310255,0.992118050538771,0.5137878011276269,0.8860640785180237,0.6904250301346889,0.8450368134445555,0.7141139016625397,0.9732890987197482,0.8348725760893713,0.9416875338386573,0.013172739746912639,0.24276237709598247,0.030229380973307147,0.1056569479445994,0.35018990368981495,0.03446416646601225,0.20149195197286818,0.07077858144329185,0.6139508513950833,0.929676588618886,0.7626488031120301,0.8933621736416064,0.5280018706886472,0.8837568223590981,0.6912157747817307,0.8442656299443967,0.7141139016625397,0.9732890987197482,0.8348725760893713,0.9416875338386573,0.011319874801574845,0.22941086786902595,0.02649016917332568,0.09649067738087765,0.34308286890930473,0.03561779454547509,0.20109657964934724,0.07116417319337132,0.6210578861755935,0.9285229605394232,0.763044175435551,0.892976581891527
semseg-spunet-pheno4d-tomato,0,Tomato01,T01_0324_a,2932759,0.9595114389530199,0.9250048505461145,0.9940180273599255,0.5349225897255454,0.8683913785882277,0.6815858425325373,0.8318310963064564,0.6294454285324976,0.9731723480550134,0.7975976124115137,0.9329436130055849,0.007458164820225596,0.22554120539737496,0.020225323662803524,0.08518190550263421,0.37732742982399836,0.03872957563139945,0.21991971148099443,0.07712408429699935,0.5821840091290216,0.9207818633216205,0.7395917274720255,0.8823873546560206,0.5096303501945525,0.8547063850567697,0.6556769410846665,0.8186509600831525,0.6466423664657227,0.9780946514655818,0.8177170741783067,0.9457073602148777,0.006650734001668736,0.2087706490714034,0.017790415100592993,0.07776568071225765,0.3813750806228824,0.04311092069184419,0.22281443132153333,0.07733227880400484,0.5781363583301375,0.9164005182611757,0.7366970076314866,0.8821791601490151
semseg-spunet-pheno4d-tomato,0,Tomato01,T01_0325_a,3011661,0.9582383418534617,0.9270452146978606,0.9894314690090626,0.4384166310693436,0.8788228981798671,0.626372583146103,0.8270730885037026,0.5572268417986336,0.9575070821529745,0.6894315616663247,0.8954254855560521,0.00940676922136987,0.22760928271807485,0.02526778412311346,0.09097405053224782,0.4604166054194731,0.04007335168704085,0.3003362694472478,0.09698905482358433,0.4978217364339886,0.9181649901664208,0.6579020724062139,0.8612492870298774,0.4571068786400126,0.8976549304923996,0.6522018414103204,0.8416068325407837,0.60399563694816,0.9746609032642719,0.7747474980932351,0.9316105091114252,0.00771235540786297,0.20156252645965134,0.020434902865893605,0.07783146907968726,0.4276870840593754,0.022080424975125856,0.24476367210168393,0.07162967102735718,0.5305512577940863,0.9361579168783358,0.7134746697517778,0.8866086708261045
semseg-spunet-pheno4d-tomato,0,Tomato02,T02_0305_a,1518307,0.931918822164075,0.8698520235336067,0.9939856207945432,0.758694109297374,0.9348534201954397,0.8611111111111112,0.9286912751677853,0.7690265486725664,0.9918120215836366,0.9073482428115016,0.9778588394977944,0.001829669493718991,0.09465740459604019,0.00485935980009313,0.028126722724719045,0.16805849317910482,-0.031413898725463185,0.04768914520276857,-0.021356235168714877,0.7638603289849701,0.9633327208895381,0.8842296769613064,0.9532750573327898,0.7665474060822898,0.9372143372624488,0.8527088036117382,0.8904741921947126,0.7690265486725664,0.9918120215836366,0.9073482428115016,0.9778588394977944,0.0013086944866881336,0.02356045253035124,0.0028505434013015815,0.009161520035144408,0.16413184478664689,-0.032594357258967754,0.051890298952455116,-0.0022476936821785864,0.7677869773774281,0.9645131794230427,0.8800285232116198,0.9341665158462535
semseg-spunet-pheno4d-tomato,0,Tomato02,T02_0307_a,2660027,0.9504357627835078,0.9202814145273261,0.9805901110396894,0.8128458829448264,0.9202814145273261,0.8404723966632299,0.897759187331939,0.5602605863192183,0.9694226034469066,0.6771404470687473,0.9141583054626533,0.0032116215361723773,0.10410458239709597,0.0077890186828930685,0.03595940943456589,0.2638825281514855,0.005583753796391422,0.19162934091751915,0.0444770163862116,0.6865532346320223,0.9448520089871164,0.7588064218659887,0.9059587463972962,0.747528720277852,0.9039361237602146,0.794469056249161,0.8548539114043355,0.5602605863192183,0.9694226034469066,0.6771404470687473,0.9141583054626533,0.0018597555588721467,0.02438133146768811,0.004007478119582996,0.010154032271101008,0.2965411094849727,0.013756399179947199,0.21463101112455374,0.06592965435001341,0.6538946532985351,0.9366793636035606,0.7358047516589541,0.8845061084334944
semseg-spunet-pheno4d-tomato,0,Tomato02,T02_0309_a,2530683,0.8551167527825092,0.7465261635415052,0.9637073420235132,0.692812875774674,0.7465261635415052,0.7870238283933005,0.7014639356622266,0.5841675447839831,0.9265355217881178,0.7396310261244277,0.8244020758122743,0.006984675678463087,0.15998487364873434,0.016540989132182892,0.06094560243222877,0.21662654250318059,0.018585910117697724,0.09178932552364505,0.09218374704525867,0.6384902102793286,0.8365308426648115,0.7633274272588642,0.7629330057372505,0.6773633111905979,0.6897505144032922,0.7696843359142347,0.6481823318892447,0.5841675447839831,0.9265355217881178,0.7396310261244277,0.8244020758122743,0.005619036441940772,0.060382908487550596,0.010975297972918774,0.027814625537848872,0.2243513247952187,0.046973734686804214,0.10045907176317803,0.11882454893174965,0.6307654279872905,0.808143018095705,0.7546576810193312,0.7362922038507596
semseg-spunet-pheno4d-tomato,0,Tomato02,T02_0311_a,2801320,0.9575221807316684,0.9243383701633331,0.9907059913000037,0.44664228723404253,0.9217674019552505,0.705189484465688,0.886280578145063,0.5462328767123288,0.9763194660043465,0.7493196998433248,0.931983443338181,0.0043925720731655075,0.11335191980923279,0.012776476803792498,0.046493081832850225,0.46108459875848273,0.008478746751869881,0.230267588577162,0.04839016999004642,0.49643758197318566,0.9490434339797985,0.7272545921545064,0.909132010741622,0.2867629067775875,0.9029580152671756,0.6128374936321956,0.865128660159716,0.5462328767123288,0.9763194660043465,0.7493196998433248,0.931983443338181,0.0027115788271243556,0.05612675453000728,0.006046792226521783,0.022915982465409164,0.5410242889867103,0.017883440095907366,0.2764435839939082,0.05896612898271991,0.4164978917449581,0.939638740635761,0.6810785967377602,0.8985560517489485
semseg-spunet-pheno4d-tomato,0,Tomato02,T02_0313_a,3583327,0.7803935833435236,0.6589868495327298,0.9018003171543173,0.5732138005976637,0.819290252197908,0.7720080552359033,0.8135420415017393,0.6199851411589896,0.8636594289987447,0.7611699677567941,0.8306888800740447,0.0021100502410190307,0.05547023757530362,0.004948473862418919,0.01900412661194471,0.18379411246519695,-0.061081257254802734,0.013804571847174874,-0.041721877444368394,0.5965994708783267,0.8414748405983263,0.7665890114963487,0.822115460787892,0.4982834722903384,0.7156281463250923,0.6700604517976455,0.6797949487371843,0.6199851411589896,0.8636594289987447,0.7611699677567941,0.8306888800740447,0.0010347925266100471,0.01401965268589777,0.0017994450408796072,0.005738521770410571,0.22125927661885958,-0.00925020431839485,0.06477837356630378,0.0251516689379091,0.559134306724664,0.7896437876619185,0.7156152097772198,0.7552419144056145
semseg-spunet-pheno4d-tomato,0,Tomato02,T02_0315_a,2136519,0.9863320931219091,0.9743465198697537,0.9983176663740643,0.6844050258684405,0.964982933477396,0.8334345028529805,0.9286523799711519,0.7867988190636862,0.9930389342279281,0.9117172232135271,0.9775971365733753,0.0043369611971623,0.11073152169486908,0.011050217667149228,0.03932097023242012,0.2507301706558457,0.007321159269247035,0.11375623008865521,0.03320733484964544,0.7356019224660634,0.979010933852662,0.8725758630332539,0.9531247582722636,0.6436376454000705,0.9625559061124016,0.8060843598357597,0.9152943094733409,0.7867988190636862,0.9930389342279281,0.9117172232135271,0.9775971365733753,0.0030741594153854937,0.08554522566848223,0.007530005583849243,0.026962081778818724,0.27111386089003076,0.008534672951744149,0.12743130159726568,0.039886370098551005,0.7152182322318783,0.9777974201701649,0.8589007915246434,0.946445723023358
semseg-spunet-pheno4d-tomato,0,Tomato02,T02_0317_a,2842484,0.8803275072222976,0.7782519116214516,0.9824031028231435,0.35389949914689856,0.7035376298225998,0.47337631327602675,0.5895222020254479,0.6209546225468139,0.9570049354620277,0.7515492535073899,0.8994441721155524,0.013275712369884932,0.2415067244002077,0.03135461800312684,0.10481044044575097,0.39290044637544136,0.05005622457998382,0.26786472383058924,0.13584432015179737,0.4874270608468562,0.8302712826423138,0.6124627833917083,0.7444831870705002,0.3472222222222222,0.6841194121720398,0.45137669394652263,0.5696787612664663,0.6209546225468139,0.9570049354620277,0.7515492535073899,0.8994441721155524,0.012213261358727086,0.2203512842992256,0.028238681378681463,0.09596078641075904,0.39623908483777953,0.05976533340526391,0.27886453349534135,0.14576604053128817,0.48408842238451805,0.8205621738170337,0.6014629737269562,0.7345614666910094
semseg-spunet-pheno4d-tomato,0,Tomato02,T02_0319_a,1542285,0.9074075472367548,0.8344331705828502,0.9803819238906594,0.4114472608340147,0.7805084638626566,0.5084179467152651,0.711207972183866,0.6954580508990542,0.9434810953283345,0.7810055056505361,0.8819303117867302,0.020175259436485474,0.3371692002450909,0.04547797586049271,0.14997682010782704,0.3539548913702203,0.04541276764125923,0.26269582105385425,0.11083840525145672,0.5534526558665345,0.8619947795954955,0.6447117261829005,0.796569141985298,0.4116922571639708,0.7636822366177974,0.5053641021149888,0.6922571362594809,0.7048998230962275,0.9583534573694821,0.7924001322994377,0.9004521507322314,0.01901399546776374,0.3061645545408274,0.04277614059658234,0.1381411347448753,0.3491115071066556,0.04638970024311495,0.25852543002954154,0.1110529037408986,0.5582960401300991,0.8610178469936398,0.6488821172072132,0.7963546434958562
semseg-spunet-pheno4d-tomato,0,Tomato02,T02_0321_a,1774166,0.8777157795500571,0.7704819402087094,0.9849496188914048,0.45429114915519747,0.8881739158482107,0.6360709413369714,0.8345605437486148,0.6701310788800124,0.9847138837812092,0.8356043471065262,0.9602555520945861,0.010540163659995739,0.2760102493227804,0.02891217619997227,0.11043047832051792,0.31550466553245216,-0.058728120264652905,0.14187813532830829,-0.019692268371543364,0.5622111140176049,0.93644389981471,0.7358376442217488,0.8974080479216004,0.43050167224080266,0.888338626617143,0.6143300569063632,0.8322254496704279,0.6701310788800124,0.9847138837812092,0.8356043471065262,0.9602555520945861,0.009083141036408093,0.2568936615852181,0.025791273195405615,0.10184841779179626,0.3273994039896495,-0.05881047564911901,0.15274857754361237,-0.018524721332449867,0.5503163755604076,0.9365262551991761,0.7249672020064447,0.896240500882507
semseg-spunet-pheno4d-tomato,0,Tomato02,T02_0324_a,3311762,0.9737332298904218,0.951734998557741,0.9957314612231026,0.5169506619960814,0.9098929361803936,0.6799161909389044,0.8519097867757363,0.6466504372914976,0.9830641519017297,0.8154337010599177,0.9520986665189283,0.009467769724998354,0.2506194587654548,0.023786129558826995,0.09238375221407819,0.3919326802466323,0.027254685849360083,0.22605828389101068,0.0717290032430895,0.5818005496437895,0.9464785440410617,0.7476749459994111,0.9020042266473323,0.5126834120865457,0.9056484061905182,0.6746440376303077,0.8470160928296445,0.6466504372914976,0.9830641519017297,0.8154337010599177,0.9520986665189283,0.00918785830624302,0.24331609578224522,0.023160782689094203,0.08965680504818885,0.3940663052014002,0.02937695084429781,0.22869436054530912,0.07417585021613537,0.5796669246890216,0.944356279046124,0.7450388693451127,0.8995573796742864
semseg-spunet-pheno4d-tomato,0,Tomato02,T02_0325_a,3455376,0.935162350274036,0.00014571093783202361,0.9893479751343764,0.008100059559261465,0.000609942055504727,0.00406756680413536,0.0012318009957058048,0.7071182053494391,0.9615137787016693,0.8130002305589408,0.9152009610914312,0.008815249049596918,0.23056477789971339,0.022161408772880288,0.08614576242932752,0.1371377105817539,0.01368498265751722,0.08621294435456617,0.03653046199253568,0.5958126238014801,0.8652496914135683,0.6816064733451197,0.8045571045370139,,,,,,,,,0.008465359486203528,0.22093775033455115,0.021337764688994773,0.08296521131130158,nan,nan,nan,nan,0.5894844525969591,0.8559803662859005,0.673400743280948,0.7967877762019511
semseg-spunet-pheno4d-tomato,1,Tomato01,T01_0305_a,1962709,0.9446186936377292,0.896139083314518,0.9930983039609406,0.5804878048780487,0.8845671267252195,0.7874634221469274,0.8527842969916791,0.6548605877920121,0.9866674429436423,0.8418781287761091,0.9633101017383642,0.0035349101675286555,0.10560709712952862,0.009445618275556896,0.035712884589615676,0.3269444973026988,0.00900140880329836,0.12994791817621087,0.03657149427270756,0.6176741963350304,0.9356172848344309,0.8146707754615183,0.9080471993650217,0.543142144638404,0.8755434782608695,0.7869767441860465,0.8433384641696596,0.6548605877920121,0.9866674429436423,0.8418781287761091,0.9633101017383642,0.001907058050887829,0.03828789698320026,0.004675680398877266,0.015232517912742032,0.34561732742252116,0.013513233035473249,0.13019125715665147,0.04129441068371731,0.599001366215208,0.931105460602256,0.8144274364810777,0.9033242829540119
semseg-spunet-pheno4d-tomato,1,Tomato01,T01_0307_a,1921834,0.7488941614578859,0.5854481909527781,0.9123401319629938,0.19475933841293439,0.5116725146198831,0.2543567652242021,0.34399280806524113,0.5094679891794409,0.8681118341384221,0.5551581325301205,0.7631283004107178,0.005130515955072083,0.11480388004374988,0.012555194673421326,0.04511315753597865,0.39678049766169826,0.059001987078733276,0.34413671258072465,0.19533360721990645,0.35211366379618764,0.6898921743791526,0.40475744887716125,0.5535605542379795,0.0,0.3142125657348464,0.105714646146083,0.19419494344644045,0.5094679891794409,0.8681118341384221,0.5551581325301205,0.7631283004107178,0.004039370726087685,0.041464559374014616,0.008728121159267658,0.022498821438271983,0.49416016686816544,0.15773196152125168,0.4184577721197842,0.2702325395293068,0.25473399458972046,0.5911621999366342,0.3304363893381017,0.4786616219285791
semseg-spunet-pheno4d-tomato,1,Tomato01,T01_0309_a,2177884,0.9604817232001451,0.9326428610093647,0.9883205853909256,0.4463832960477256,0.918624929153769,0.7185615199034981,0.8894679181594765,0.7115898463593855,0.9746937459703418,0.8618123624724945,0.9486722244512802,0.007999507779110366,0.13702520428085244,0.01962914461927265,0.06182468855090537,0.38149515199658957,0.013822385638089796,0.17029478201214887,0.04141165189476681,0.5789865712035556,0.9466593375620553,0.7901869411879963,0.9190700713053783,0.286952931461602,0.868938301586097,0.5780601026142194,0.8424054387005521,0.7115898463593855,0.9746937459703418,0.8618123624724945,0.9486722244512802,0.006137149636987094,0.07318479772109075,0.013649487300517384,0.03937583452562212,0.4612103342896514,0.03866569942192577,0.2405454906567882,0.06494289162422906,0.4992713889104937,0.9218160237782194,0.7199362325433569,0.8955388315759161
semseg-spunet-pheno4d-tomato,1,Tomato01,T01_0311_a,2080173,0.922601252463709,0.8572605261882843,0.9879419787391338,0.32610151332529796,0.8148625294579733,0.5486469072164949,0.7209698806592157,0.6039417729800458,0.9727572486549011,0.7845661735305878,0.9330376103062621,0.007336889768302925,0.1522229160747688,0.01670918716856723,0.058924906726507846,0.45757960931103714,0.02879136340727184,0.2559947120901678,0.09559750698097014,0.4650216431526719,0.8938098890564372,0.6666065403735413,0.8270037454827389,0.27426856714178544,0.6963367609254498,0.39737991266375544,0.558926487747958,0.6039417729800458,0.9727572486549011,0.7845661735305878,0.9330376103062621,0.006757130296374388,0.10640989956123842,0.013729146566175025,0.0442025735359511,0.4834960824027934,0.08805424767353354,0.3316282093665375,0.17661920343659898,0.43910517006091565,0.8345470047901755,0.5909730430971716,0.7459820490271101
semseg-spunet-pheno4d-tomato,1,Tomato01,T01_0313_a,1924288,0.9415488565019192,0.8943950417677176,0.9887026712361209,0.33432801560886033,0.8683927731882598,0.6093549874481274,0.804945399774068,0.6508575883575883,0.9709007619167559,0.8070599613152805,0.9331337507529983,0.010564426946486181,0.1900240504539861,0.02757227608341371,0.08416931353310939,0.4489560545186949,0.02190208894941137,0.23334138212021527,0.07250928123838607,0.4925928019832243,0.9196467675525078,0.708207474381704,0.8690395752635331,0.2692412292629861,0.8539485639789831,0.5742990931183688,0.7870101174555181,0.6508575883575883,0.9709007619167559,0.8070599613152805,0.9331337507529983,0.00902775468121196,0.1545132537333289,0.02437940682475804,0.07100392456846376,0.481499447691632,0.029124193554049715,0.25086932928509453,0.08147692239766102,0.4600494088102872,0.9124246629478695,0.6906795272168247,0.8600719341042582
semseg-spunet-pheno4d-tomato,1,Tomato01,T01_0315_a,2438364,0.958191456540596,0.9231808568966867,0.9932020561845054,0.49626626840196286,0.8913777827001883,0.6437063496294717,0.845554221373595,0.7326252294781013,0.9818036655431867,0.8415168613042908,0.954420894747834,0.00974423834997564,0.21227019427780267,0.023629777998690926,0.09110042635143892,0.3437457076005639,0.021600732418908475,0.2155798510737148,0.0582038984798815,0.6144457489400321,0.9365907241216875,0.7426116054668812,0.8999875580607145,0.4801835096215114,0.8800519558375381,0.6267918932278794,0.8360831076621987,0.7326252294781013,0.9818036655431867,0.8415168613042908,0.954420894747834,0.007800722123522165,0.18399344806599835,0.0197878577603672,0.079869945586467,0.35178708699078964,0.027263645850233553,0.2240370792745109,0.06293945533557965,0.6064043695498064,0.9309278106903625,0.7341543772660851,0.8952520012050164
semseg-spunet-pheno4d-tomato,1,Tomato01,T01_0317_a,2450405,0.9079177744758848,0.8332220946685532,0.9826134542832166,0.43627689181428636,0.7770966544873259,0.5764392000347056,0.715423516933101,0.5083151639519473,0.9490268200275697,0.6624137867273164,0.8619223979121892,0.015402351856121743,0.30020384385438326,0.035858970251856324,0.12344653230792461,0.435621746592768,0.044856037218437006,0.2884912810948739,0.11924481705323975,0.47229602788311686,0.8630617372574478,0.619426493381011,0.7886729574226451,0.4244319887899109,0.757069429581347,0.5473545891803441,0.697244811008132,0.5083151639519473,0.9490268200275697,0.6624137867273164,0.8619223979121892,0.013006829483289496,0.27820380712576087,0.031079760284524395,0.11211452800659483,0.4415441981049557,0.05486964967142649,0.3030335865220546,0.12833417001572434,0.46637357637092913,0.8530481248044584,0.6048841879538303,0.7795836044601605
semseg-spunet-pheno4d-tomato,1,Tomato01,T01_0319_a,2476596,0.9649876499186487,0.935918670398081,0.9940566294392165,0.4685483870967742,0.9040635740167644,0.6881210410975354,0.8625115801457703,0.6371088946577401,0.9784093257984376,0.8078066052648218,0.9394775751601774,0.0136522064963361,0.27465642357493913,0.03136401738515285,0.11396529752935076,0.4121590090413916,0.02375120001104769,0.21702382673747012,0.06399307226567486,0.5528286408772571,0.941236449907601,0.7479638231811786,0.9009945776529739,0.45751633986928103,0.9038289442817797,0.6769050908704431,0.863998916816425,0.6371088946577401,0.9784093257984376,0.8078066052648218,0.9394775751601774,0.011579199837195893,0.24906888325750345,0.02687357970375467,0.10207720597142206,0.41767503265513817,0.023868514878540026,0.22263180185101628,0.0632494039303475,0.5473126172635105,0.9411191350401087,0.7423558480676324,0.9017382459883012
semseg-spunet-pheno4d-tomato,1,Tomato01,T01_0321_a,1672545,0.9664683875952578,0.9403775138811402,0.9925592613093753,0.5607908715325595,0.886455923927011,0.6929028264906127,0.843308031989581,0.7108026731291768,0.9727734994522653,0.8272811177238153,0.9392597974200197,0.013172739746912639,0.24276237709598247,0.030229380973307147,0.1056569479445994,0.3306716152643896,0.03685367590561961,0.20637641548804375,0.07518447289045738,0.6357967723308682,0.9296147116896382,0.760091972107214,0.8912839147048004,0.5613291703835861,0.8821977405094379,0.6837716484926235,0.8383795116892486,0.7108026731291768,0.9727734994522653,0.8272811177238153,0.9392597974200197,0.011319874801574845,0.22941086786902595,0.02649016917332568,0.09649067738087765,0.33040246583887634,0.03898276761440611,0.21094200448703837,0.07764873304062359,0.6360659217563814,0.9274856199808517,0.7555263831082194,0.8888196545546342
semseg-spunet-pheno4d-tomato,1,Tomato01,T01_0324_a,2932759,0.9521070032660193,0.9110290944101991,0.9931849121218396,0.5325876713480784,0.8628215604538825,0.6723034182872327,0.8354860321268872,0.6041911612144685,0.9726524597100731,0.776480652141096,0.9336155827604642,0.007458164820225596,0.22554120539737496,0.020225323662803524,0.08518190550263421,0.3837175869847458,0.03436999318404155,0.22771496805185487,0.06755619582234362,0.5683894162812735,0.9177370100819777,0.7243920352141644,0.8845508074436756,0.506825146253134,0.8823264640762999,0.6681837376249238,0.8540734752537501,0.6219121520609383,0.9820822132014682,0.8135709389993147,0.9550037113767545,0.006650734001668736,0.2087706490714034,0.017790415100592993,0.07776568071225765,0.38773835410898316,0.01990266462713519,0.21122966495390005,0.04756840995076694,0.5643686491570361,0.9322043386388841,0.7408773383121192,0.9045385933152523
semseg-spunet-pheno4d-tomato,1,Tomato01,T01_0325_a,3011661,0.9551080778084371,0.9208238203634661,0.989392335253408,0.44915072027520964,0.8680154402634562,0.606748073936478,0.8089321087700342,0.5680852180301201,0.9575999952904146,0.6950561797752809,0.8948412808083265,0.00940676922136987,0.22760928271807485,0.02526778412311346,0.09097405053224782,0.4464901086557722,0.04230036003150173,0.30420595095255765,0.10322138301925676,0.5086179691526649,0.9128077177769354,0.6509021268558794,0.8518866947891803,0.45415692282880415,0.9070905244586747,0.6561046511627907,0.8566034649619018,0.6152884342142654,0.9770696399048349,0.7823717432796008,0.9386909307110756,0.00771235540786297,0.20156252645965134,0.020434902865893605,0.07783146907968726,0.42038539928690233,0.013027995626682332,0.23586988058724134,0.057460879971948486,0.5347226785215348,0.9420800821817548,0.7192381972211958,0.8976471978364886
semseg-spunet-pheno4d-tomato,1,Tomato02,T02_0305_a,1518307,0.9855844911415494,0.973083674663546,0.9980853076195529,0.8952164009111617,0.973083674663546,0.9414261460101867,0.9704875962360993,0.9233610341643582,0.997392315184266,0.9700361010830325,0.9929307554722766,0.001829669493718991,0.09465740459604019,0.00485935980009313,0.028126722724719045,0.07629577360378947,0.00034649621764348826,0.02985336759493984,0.0038753152873615138,0.90928871753776,0.985237994923906,0.9557311235466096,0.9817091758541879,0.9159067882472138,0.9793840039741679,0.9494210847044485,0.9631438721136767,0.9233610341643582,0.997392315184266,0.9700361010830325,0.9929307554722766,0.0013086944866881336,0.02356045253035124,0.0028505434013015815,0.009161520035144408,0.06595057993576336,-0.0028036684376675503,0.025855898247808984,0.007547177348572798,0.9196339112057861,0.988388159579217,0.9597285928937405,0.9780373137929766
semseg-spunet-pheno4d-tomato,1,Tomato02,T02_0307_a,2660027,0.9640575823161104,0.9414962094121013,0.9866189552201194,0.8293643995203015,0.9414962094121013,0.8795641931684335,0.9244690674053555,0.6177552897884084,0.9789239715017166,0.777218376337319,0.9408850542721959,0.0032116215361723773,0.10410458239709597,0.0077890186828930685,0.03595940943456589,0.24049773766175542,0.003847491859201413,0.13566629756323412,0.03138052147733461,0.723559844654355,0.960210090456909,0.8283912847528763,0.9326770608387758,0.7694228634850167,0.9316074188562596,0.8473040977713875,0.8949243098842387,0.6177552897884084,0.9789239715017166,0.777218376337319,0.9408850542721959,0.0018597555588721467,0.02438133146768811,0.004007478119582996,0.010154032271101008,0.27046850567939784,0.0087918871371222,0.15179634526175712,0.04615290023789309,0.6935890766367125,0.9552656951789882,0.8122612370543533,0.9179046820782173
semseg-spunet-pheno4d-tomato,1,Tomato02,T02_0309_a,2530683,0.8582517801527423,0.7515593060432937,0.964944254262191,0.70190356556189,0.7515593060432937,0.7944760357432982,0.7065950577027589,0.6246641934245875,0.929100706028986,0.7583073555747164,0.8309835420996461,0.006984675678463087,0.15998487364873434,0.016540989132182892,0.06094560243222877,0.19496790065950353,0.01792177411660245,0.08186008449373494,0.0894624802515398,0.6632838794932387,0.8403300060361398,0.7763916956590073,0.7687892999012025,0.6857663060940344,0.6947116957916094,0.7770162770774691,0.6529144878498924,0.6246641934245875,0.929100706028986,0.7583073555747164,0.8309835420996461,0.005619036441940772,0.060382908487550596,0.010975297972918774,0.027814625537848872,0.2030365303934314,0.046345579242444535,0.09058996382664952,0.11630276517797311,0.6552152497593109,0.8119062009102977,0.7676618163260928,0.7419490149747692
semseg-spunet-pheno4d-tomato,1,Tomato02,T02_0311_a,2801320,0.9597729605624523,0.9283348585871791,0.9912110625377256,0.487123745819398,0.9259050665705467,0.7216014897579144,0.89206130419087,0.5723240115718419,0.9775799051248153,0.7574865410497981,0.9351493611660968,0.0043925720731655075,0.11335191980923279,0.012776476803792498,0.046493081832850225,0.43004908186683233,0.008030474714771252,0.22022894515859615,0.04616762788396889,0.52972387869562,0.9517424858476811,0.7395440154038562,0.9136053326784834,0.3405204460966543,0.9085400672546158,0.6366271741870431,0.8725576872071434,0.5723240115718419,0.9775799051248153,0.7574865410497981,0.9351493611660968,0.0027115788271243556,0.05612675453000728,0.006046792226521783,0.022915982465409164,0.5033507317282042,0.016712974372736777,0.2627161029440317,0.05591943637583219,0.4564222288342481,0.9430599861897155,0.6970568576184206,0.9038535241866201
semseg-spunet-pheno4d-tomato,1,Tomato02,T02_0313_a,3583327,0.7623443569095307,0.6304086665121083,0.8942800473069531,0.4274580335731415,0.780225842040366,0.6981988799757832,0.7777573641986649,0.5346025989724993,0.8353147033091451,0.6774771189812973,0.7954902330255638,0.0021100502410190307,0.05547023757530362,0.004948473862418919,0.01900412661194471,0.28131404063671034,-0.04542591576522481,0.07450635743099054,-0.02427944170258356,0.4810303162728204,0.8077702726747555,0.6878379994785402,0.7866237986121143,0.20577617328519857,0.639943741209564,0.46730200460072296,0.5877437325905293,0.5346025989724993,0.8353147033091451,0.6774771189812973,0.7954902330255638,0.0010347925266100471,0.01401965268589777,0.0017994450408796072,0.005738521770410571,0.3921549707806818,0.024715134650176163,0.18995479511852065,0.07072737410148422,0.37018938612884894,0.7376292222593546,0.5723895617910101,0.6916169828080465
semseg-spunet-pheno4d-tomato,1,Tomato02,T02_0315_a,2136519,0.9860530434551632,0.9737635489196755,0.9983425379906509,0.6816881258941345,0.9642192853646598,0.830069262001433,0.9265435572152029,0.7871349978840457,0.9931408734255627,0.9117747149906414,0.9776330263356556,0.0043369611971623,0.11073152169486908,0.011050217667149228,0.03932097023242012,0.25164148156607313,0.007372964060051945,0.1151310549591259,0.03396475167973401,0.7344115618890901,0.9786800793951113,0.8709219884960373,0.9520882917754292,0.6467696629213483,0.9631619074022734,0.8069260845280208,0.9155468686375112,0.7871349978840457,0.9931408734255627,0.9117747149906414,0.9776330263356556,0.0030741594153854937,0.08554522566848223,0.007530005583849243,0.026962081778818724,0.2691007130524662,0.007901653041245127,0.12670264369583206,0.039463095968579776,0.716952330402697,0.9781513904139181,0.8593503997593311,0.9465899474865834
semseg-spunet-pheno4d-tomato,1,Tomato02,T02_0317_a,2842484,0.8881584216011125,0.7925537043042323,0.9837631388979927,0.4161362564827911,0.7210587722296207,0.5166708369823596,0.60719160978858,0.6735045742434905,0.9603495397761186,0.7801792542659794,0.9059192050118816,0.013275712369884932,0.2415067244002077,0.03135461800312684,0.10481044044575097,0.3433380062379716,0.04745426559824284,0.2397333759769429,0.13160301420088172,0.5448204153631409,0.8407041560028696,0.6484250456241696,0.7565554074002308,0.40423756019261636,0.7008490838831787,0.49233830151139657,0.5852847088931542,0.6735045742434905,0.9603495397761186,0.7801792542659794,0.9059192050118816,0.012213261358727086,0.2203512842992256,0.028238681378681463,0.09596078641075904,0.349287354383059,0.057559109771463834,0.25189964371242446,0.14255646464859462,0.5388710672180534,0.8305993118296486,0.636258777888688,0.7456019569525179
semseg-spunet-pheno4d-tomato,1,Tomato02,T02_0319_a,1542285,0.8836119995340708,0.7865246392343083,0.9806993598338333,0.3767250084146752,0.7520297913843114,0.47770199370409233,0.6734826625748453,0.6941578028258454,0.9524670387634366,0.7745028028707109,0.8865584210263551,0.020175259436485474,0.3371692002450909,0.04547797586049271,0.14997682010782704,0.34817059391381044,0.031363584460196714,0.2575096012466691,0.10359145773347056,0.5354414056202603,0.852248415073874,0.6261023982874017,0.7800205418006002,0.3768275162680639,0.7329105966600159,0.47434143758549174,0.6519075268051152,0.7033700635405775,0.9532946292048929,0.7842810575878305,0.8892421563293434,0.01901399546776374,0.3061645545408274,0.04277614059658234,0.1381411347448753,0.34351320962975007,0.040509386601616404,0.25430075194740964,0.11303715796684144,0.5400987899043207,0.8431026129324544,0.6293112475866611,0.7705748415672293
semseg-spunet-pheno4d-tomato,1,Tomato02,T02_0321_a,1774166,0.8819804774111597,0.7796254140083827,0.9843355408139367,0.47202127659574467,0.8183731128049678,0.6219336219336219,0.7471779872169863,0.6480164374901217,0.9706079449705833,0.7991408597018278,0.9251255880711267,0.010540163659995739,0.2760102493227804,0.02891217619997227,0.11043047832051792,0.3219616203682265,-0.01251005147661588,0.17144323659343486,0.04582868976710319,0.5600188570429332,0.8944905288877756,0.7105372408177248,0.8361517876440565,0.43587466700494737,0.8083345504113724,0.5886359666996566,0.7302932700457705,0.6480164374901217,0.9706079449705833,0.7991408597018278,0.9251255880711267,0.009083141036408093,0.2568936615852181,0.025791273195405615,0.10184841779179626,0.3400349251636252,-0.007490770279818149,0.18809206421041758,0.054271048352711126,0.5419455522475345,0.8894712476909779,0.6938884132007421,0.8277094290584486
semseg-spunet-pheno4d-tomato,1,Tomato02,T02_0324_a,3311762,0.9772259013808726,0.95819566209869,0.9962561406630551,0.5763615166823961,0.9205467968704042,0.7280742459396752,0.8676826468434704,0.641318124207858,0.984697488253379,0.8275724843661171,0.9550542843548596,0.009467769724998354,0.2506194587654548,0.023786129558826995,0.09238375221407819,0.36838608093574554,0.024603758818981025,0.19940253622797655,0.06585743578170766,0.6088398204451271,0.9526221425618916,0.7778233651528961,0.911368465599165,0.5739925891616489,0.9169539255204184,0.7245398401550012,0.8635653007869464,0.641318124207858,0.984697488253379,0.8275724843661171,0.9550542843548596,0.00918785830624302,0.24331609578224522,0.023160782689094203,0.08965680504818885,0.36957054469611916,0.026400194493973905,0.20116973912031355,0.06791610880996957,0.6076553566847535,0.9508257068868987,0.7760561622605591,0.909309792570903
semseg-spunet-pheno4d-tomato,1,Tomato02,T02_0325_a,3455376,0.9572632098971108,0.00024954769480316924,0.9931320402667199,0.011636001989060169,0.0010266175435691518,0.0056365136101182295,0.0019881990764494613,0.7494235912570322,0.9750470532010928,0.8786777738390642,0.9477653513399451,0.008815249049596918,0.23056477789971339,0.022161408772880288,0.08614576242932752,0.11616099735771535,0.008653958608430545,0.054533650256170296,0.021814018772564225,0.6692358488526717,0.9102827653097982,0.8011437879562899,0.8775713866678803,,,,,,,,,0.008465359486203528,0.22093775033455115,0.021337764688994773,0.08296521131130158,nan,nan,nan,nan,0.6656957174686576,0.9042503860496403,0.797649795634084,0.8731548525374346
semseg-spunet-pheno4d-tomato,2,Tomato01,T01_0305_a,1962709,0.9663906764715342,0.9362028030941257,0.9965785498489426,0.7279580465421174,0.928955223880597,0.8669966469742935,0.9089020122484689,0.8058294042006001,0.9933755465539681,0.9172149122807017,0.9816189896530736,0.0035349101675286555,0.10560709712952862,0.009445618275556896,0.035712884589615676,0.1994969511001754,0.0052252912542516405,0.07428489684403661,0.021130175520762906,0.7668937253713588,0.9611653852172826,0.8921057796274976,0.9452605009507713,0.7568438003220612,0.9372402327514547,0.8910533910533911,0.9205959684487292,0.8058294042006001,0.9933755465539681,0.9172149122807017,0.9816189896530736,0.001907058050887829,0.03828789698320026,0.004675680398877266,0.015232517912742032,0.1850540742102036,0.0010827868188227896,0.062256524804487734,0.015283197420632888,0.7813366022613306,0.9653078896527114,0.9041341516670465,0.9511074790509013
semseg-spunet-pheno4d-tomato,2,Tomato01,T01_0307_a,1921834,0.9092821111260332,0.851532713131005,0.9670315091210614,0.5602486452024227,0.8263467713164466,0.6552428305069697,0.7657321621946818,0.5681088229737389,0.9493715859128659,0.6942875078468299,0.8980017894422905,0.005130515955072083,0.11480388004374988,0.012555194673421326,0.04511315753597865,0.34510337703795235,0.021422932511376946,0.2345169419491333,0.07741513530754707,0.5641787340880808,0.8878591786146562,0.6747651691768999,0.8318669758184861,0.5193439865433137,0.7801632705534486,0.6225642161204605,0.7395079594790159,0.5681088229737389,0.9493715859128659,0.6942875078468299,0.8980017894422905,0.004039370726087685,0.041464559374014616,0.008728121159267658,0.022498821438271983,0.3655557063675069,0.04451468289287597,0.250856249142388,0.09052723666537998,0.5437264047585263,0.8647674282331572,0.6584258619836452,0.8187548744606532
semseg-spunet-pheno4d-tomato,2,Tomato01,T01_0309_a,2177884,0.9415308738828814,0.9015351672451605,0.9815265805206023,0.512869260017549,0.8820975145775609,0.7251605454939029,0.8427511651636744,0.7299817025355058,0.9598938149409143,0.8546293272371,0.9183459592178939,0.007999507779110366,0.13702520428085244,0.01962914461927265,0.06182468855090537,0.32010539260635396,0.020535209123643705,0.15163593751737992,0.060982311692097224,0.6214254812765274,0.9209956647592377,0.7898949363655015,0.8805485621907841,0.37870890136327184,0.8109728624406474,0.5949727024567789,0.7766218872870249,0.7299817025355058,0.9598938149409143,0.8546293272371,0.9183459592178939,0.006137149636987094,0.07318479772109075,0.013649487300517384,0.03937583452562212,0.38718557193349257,0.05609753519210048,0.21672985903594189,0.09404695063042201,0.5543453019493888,0.8854333386907809,0.7248010148469395,0.8474839232524594
semseg-spunet-pheno4d-tomato,2,Tomato01,T01_0311_a,2080173,0.9233530442582447,0.8586995655617694,0.9880065229547199,0.3825136612021858,0.8172306737038187,0.5791586384071933,0.7261987814520254,0.6259645552446367,0.972875113000327,0.7970178361028725,0.9331468730371301,0.007336889768302925,0.1522229160747688,0.01670918716856723,0.058924906726507846,0.4191139360348335,0.028300150906171773,0.23526480700321184,0.09368021701366702,0.5042391082234112,0.8950528933520729,0.6880882372550329,0.8296728272445777,0.3390770152831885,0.7035421484128652,0.4412883023932006,0.57300734236621,0.6259645552446367,0.972875113000327,0.7970178361028725,0.9331468730371301,0.006757130296374388,0.10640989956123842,0.013729146566175025,0.0442025735359511,0.4408322589943321,0.08514441355164859,0.30419997501020823,0.1702759365565747,0.4825207852639126,0.8382086307065961,0.6191530692480365,0.75307710770167
semseg-spunet-pheno4d-tomato,2,Tomato01,T01_0313_a,1924288,0.9388566120054991,0.889878595935603,0.987834628075395,0.4176509186351706,0.8634563780352117,0.606229196386115,0.7986954946249547,0.6582295988934993,0.968583138682381,0.7830118592301131,0.9268742111130561,0.010564426946486181,0.1900240504539861,0.02757227608341371,0.08416931353310939,0.40091635324116415,0.022836853646702737,0.24423608419738496,0.07607175913649367,0.5379402587643349,0.9160197583587963,0.6946205278081141,0.8627848528690054,0.37076648841354726,0.8478951396861845,0.5727134807108799,0.7797113516514016,0.6582295988934993,0.968583138682381,0.7830118592301131,0.9268742111130561,0.00902775468121196,0.1545132537333289,0.02437940682475804,0.07100392456846376,0.42435856835197583,0.030617472821216296,0.2609939420350026,0.08556383062327022,0.5144980436535233,0.9082391391842828,0.6778626699704965,0.8532927813822289
semseg-spunet-pheno4d-tomato,2,Tomato01,T01_0315_a,2438364,0.9614265467689507,0.9291974281906874,0.9936556653472138,0.49505858380030565,0.90015500048009,0.6518427012559193,0.8585833074292819,0.7094362096347274,0.9829862932469724,0.8350540152200522,0.9571920428462127,0.00974423834997564,0.21227019427780267,0.023629777998690926,0.09110042635143892,0.3591791500514341,0.019855899905419472,0.21797818853096496,0.0535388716312033,0.6022473967175166,0.9415706468635312,0.7434483582379857,0.9078876751377474,0.47096385542168673,0.8894523660552573,0.6324776190193869,0.8495495899251557,0.7094362096347274,0.9829862932469724,0.8350540152200522,0.9571920428462127,0.007800722123522165,0.18399344806599835,0.0197878577603672,0.079869945586467,0.3712265142407436,0.0252072171178358,0.22766072964923112,0.0580557303832665,0.5902000325282071,0.9362193296511149,0.7337658171197196,0.9033708163856842
semseg-spunet-pheno4d-tomato,2,Tomato01,T01_0317_a,2450405,0.9019885784776597,0.8231537845519307,0.9808233724033887,0.43731101275253076,0.7655655753092256,0.5867847322955682,0.7208839301646334,0.5107144415833806,0.9453262816656071,0.6720657674436105,0.8642886151346961,0.015402351856121743,0.30020384385438326,0.035858970251856324,0.12344653230792461,0.42797585130970395,0.04654264999024338,0.2725633286080703,0.10940230582799493,0.4740127271679557,0.8554459284874163,0.6294252498695894,0.7925862726496647,0.4440257808626673,0.7476211838594669,0.5687928177478792,0.7074805119012881,0.5107144415833806,0.9453262816656071,0.6720657674436105,0.8642886151346961,0.013006829483289496,0.27820380712576087,0.031079760284524395,0.11211452800659483,0.4246184672546357,0.055514845715122774,0.2815592858819148,0.1161040149596676,0.477370111223024,0.8464737327625369,0.6204292925957449,0.7858845635179921
semseg-spunet-pheno4d-tomato,2,Tomato01,T01_0319_a,2476596,0.9597385316126031,0.926401677079908,0.9930753861452983,0.4793645311690554,0.8916273150987366,0.6888768833663486,0.8455296111992125,0.6458700287382961,0.9751920683291129,0.8105836015585296,0.9303491043474923,0.0136522064963361,0.27465642357493913,0.03136401738515285,0.11396529752935076,0.3971212516589274,0.026328839898678402,0.21000828915016412,0.07179917383925072,0.5626172799536757,0.9334096917139247,0.749730242462439,0.8879393577733524,0.48178796717086075,0.8912643933630248,0.6835125194511247,0.8471356735558069,0.6458700287382961,0.9751920683291129,0.8105836015585296,0.9303491043474923,0.011579199837195893,0.24906888325750345,0.02687357970375467,0.10207720597142206,0.3959095336580247,0.026510300766534267,0.21269047110777606,0.07099614266095355,0.5638289979545784,0.9332282308460689,0.7470480605048271,0.8887423889516496
semseg-spunet-pheno4d-tomato,2,Tomato01,T01_0321_a,1672545,0.9688772052678236,0.9441392002232306,0.9936152103124166,0.5612909692292273,0.8926016771757695,0.7012585104188158,0.8531492701175131,0.7226792864943575,0.974467736652473,0.8329709681544955,0.9435385346319611,0.013172739746912639,0.24276237709598247,0.030229380973307147,0.1056569479445994,0.3268920774060312,0.03534249835370229,0.20176246598116798,0.07053330289308657,0.6419851278617924,0.9335347069141213,0.7671147392866556,0.898343902374737,0.5636968237587433,0.8890338143925051,0.6945760926803581,0.8500135305791088,0.7226792864943575,0.974467736652473,0.8329709681544955,0.9435385346319611,0.011319874801574845,0.22941086786902595,0.02649016917332568,0.09649067738087765,0.3256891501412732,0.037126429745334644,0.20510367485039682,0.07210117266228866,0.6431880551265504,0.931750775522489,0.7637735304174268,0.896776032605535
semseg-spunet-pheno4d-tomato,2,Tomato01,T01_0324_a,2932759,0.9593832836779663,0.9252999282223058,0.993466639133627,0.5611940298507463,0.8673080413868216,0.7026010007029732,0.8419971432698327,0.6098189365204323,0.9701916368710212,0.7805948936602203,0.9263881731512497,0.007458164820225596,0.22554120539737496,0.020225323662803524,0.08518190550263421,0.37387680049237704,0.04063344454904494,0.21778533649636955,0.07519062546742517,0.5855064831855893,0.9187498391289214,0.7415979471815968,0.8841926582105412,0.5411507647487254,0.8536588323752698,0.6809692781772341,0.8303766229121213,0.6283459921834673,0.9777313552925632,0.8182229316307529,0.9477798882373992,0.006650734001668736,0.2087706490714034,0.017790415100592993,0.07776568071225765,0.37463490521187004,0.04368818984404976,0.2097871787739729,0.07030502810320605,0.5847483784660963,0.9156950938339166,0.7495961049039934,0.8890782555747603
semseg-spunet-pheno4d-tomato,2,Tomato01,T01_0325_a,3011661,0.9662093705446682,0.9418907803198238,0.9905279607695125,0.48478893740902473,0.8970591328122262,0.6674844618907425,0.855469164788749,0.5713373423447395,0.9589867168214412,0.6978241197762421,0.8974717077334042,0.00940676922136987,0.22760928271807485,0.02526778412311346,0.09097405053224782,0.438146230667786,0.03818644572783447,0.2835550797111759,0.08973893428359148,0.5280631398768821,0.9280229248168337,0.6826542908334923,0.8764704362610767,0.4721799695780962,0.8990205433089489,0.6616038007486323,0.8579209060980071,0.6195395002596803,0.975076539701007,0.7821644540209912,0.9387004758063573,0.00771235540786297,0.20156252645965134,0.020434902865893605,0.07783146907968726,0.42034963562577987,0.029160829039690195,0.24432524315985638,0.06789867959248597,0.5458597349188883,0.937048541504978,0.7218841273848118,0.8983106909521822
semseg-spunet-pheno4d-tomato,2,Tomato02,T02_0305_a,1518307,0.984266649120136,0.9709098008590394,0.9976234973812326,0.8864329268292683,0.9709098008590394,0.9366227137388345,0.9681010490259045,0.9041860465116279,0.9967631438358316,0.9627081824764663,0.991221341515384,0.001829669493718991,0.09465740459604019,0.00485935980009313,0.028126722724719045,0.08895716244968788,0.000430176772700408,0.03460120101248554,0.004605453849491736,0.8953094866704481,0.9838364723474355,0.9496654481076504,0.9796611952706442,0.8985221674876848,0.974592994573261,0.9382863990413421,0.9548245614035088,0.9041860465116279,0.9967631438358316,0.9627081824764663,0.991221341515384,0.0013086944866881336,0.02356045253035124,0.0028505434013015815,0.009161520035144408,0.0829125421204796,-0.0014114200844104197,0.03376935836123174,0.011243697660689556,0.9013541069996563,0.9856780692045464,0.9504972907589042,0.9730229514594464
semseg-spunet-pheno4d-tomato,2,Tomato02,T02_0307_a,2660027,0.9585631667629788,0.9329843425768722,0.9841419909490855,0.813,0.9329843425768722,0.8636145503407237,0.9137533381888808,0.5512400561534861,0.975015888147442,0.7340380549682876,0.929830432842481,0.0032116215361723773,0.10410458239709597,0.0077890186828930685,0.03595940943456589,0.2764431386862358,0.004563051400821694,0.1597368641084732,0.03677128124729789,0.682120028076743,0.9540001153621571,0.7988263026545056,0.9217918855156809,0.7455558503581852,0.9201827295222385,0.8249860879243183,0.8783365570599613,0.5512400561534861,0.975015888147442,0.7340380549682876,0.929830432842481,0.0018597555588721467,0.02438133146768811,0.004007478119582996,0.010154032271101008,0.3101652135071431,0.010963857928138587,0.17905109531667596,0.054479671811757724,0.6483979532558357,0.9475993088348402,0.7795120714463029,0.9040834949512211
semseg-spunet-pheno4d-tomato,2,Tomato02,T02_0309_a,2530683,0.8500033665440698,0.7371301122954433,0.9628766207926962,0.6581862561021404,0.7371301122954433,0.7680626598465473,0.6897988823287974,0.5798464966575885,0.9249946906950639,0.7323337679269882,0.8215456849008794,0.006984675678463087,0.15998487364873434,0.016540989132182892,0.06094560243222877,0.23098699016420543,0.01894096504881615,0.09980515265730205,0.09433108292923142,0.6190163763798644,0.8310624014952537,0.7501982138867678,0.7556722836148384,0.6440855704697986,0.6795008912655971,0.7517683332325736,0.6357620930940067,0.5798464966575885,0.9249946906950639,0.7323337679269882,0.8215456849008794,0.005619036441940772,0.060382908487550596,0.010975297972918774,0.027814625537848872,0.23803733298037622,0.04775557556373933,0.10795231596428889,0.12134947754662684,0.6119660335636936,0.8022477909803305,0.7420510505797809,0.728653888997443
semseg-spunet-pheno4d-tomato,2,Tomato02,T02_0311_a,2801320,0.9644922089670198,0.93629296866398,0.9926914492700596,0.4957025083318716,0.9341092333621829,0.7446827287971053,0.9035280778978257,0.6142996108949417,0.981351527976598,0.7974480310968396,0.9460159452276925,0.0043925720731655075,0.11335191980923279,0.012776476803792498,0.046493081832850225,0.4094911493536132,0.006761828297629391,0.19342682902004737,0.03972019740426069,0.5550010596134066,0.9577303806693904,0.7710653799469724,0.9247720115627591,0.3750985027580772,0.9229012544226439,0.6804852039456145,0.8919783686345201,0.6142996108949417,0.981351527976598,0.7974480310968396,0.9460159452276925,0.0027115788271243556,0.05612675453000728,0.006046792226521783,0.022915982465409164,0.4697931521405104,0.012365817767398868,0.22552559144579276,0.04549505203591353,0.49469905682650944,0.952126391199621,0.738966617521227,0.9189971569311063
semseg-spunet-pheno4d-tomato,2,Tomato02,T02_0313_a,3583327,0.7548057503966035,0.619012496575559,0.8905990042176478,0.40514661879114305,0.7613547884765118,0.6537123846968094,0.7406183042546679,0.5261293179805138,0.822030675624287,0.642239759488914,0.7670155484300321,0.0021100502410190307,0.05547023757530362,0.004948473862418919,0.01900412661194471,0.2891677820107751,-0.036886981653796,0.10682967830374179,0.0009888240542534898,0.4656379683858284,0.7916927320503995,0.6479760720928617,0.75381692634235,0.16666666666666666,0.6075892354464587,0.3716171617161716,0.5116043119847812,0.5261293179805138,0.822030675624287,0.642239759488914,0.7670155484300321,0.0010347925266100471,0.01401965268589777,0.0017994450408796072,0.005738521770410571,0.40840775807301327,0.039995794861230616,0.24787728979406065,0.11549582018919691,0.3463979923235902,0.7148099555353729,0.5069284606025428,0.6393099302074066
semseg-spunet-pheno4d-tomato,2,Tomato02,T02_0315_a,2136519,0.9722277710208327,0.9483402787756862,0.9961152632659792,0.5103764478764479,0.9295236228190551,0.6673876472001923,0.8569523516438426,0.6832229580573952,0.984035139316906,0.8168509340449867,0.9495097628425375,0.0043369611971623,0.11073152169486908,0.011050217667149228,0.03932097023242012,0.37542806805391116,0.015448389952852137,0.23010848039824316,0.0689967137776426,0.5967997029669215,0.9567793810679805,0.7421192906225895,0.9032310572431901,0.39663629992992294,0.9134788634788635,0.5531162790697675,0.8037938614345029,0.6832229580573952,0.984035139316906,0.8168509340449867,0.9495097628425375,0.0030741594153854937,0.08554522566848223,0.007530005583849243,0.026962081778818724,0.43229814202717365,0.023470769622947918,0.2872441644634556,0.0955759588823124,0.539929628993659,0.9487570013978848,0.6849836065573771,0.8766518121385203
semseg-spunet-pheno4d-tomato,2,Tomato02,T02_0317_a,2842484,0.8858983885341299,0.7886350731600786,0.9831617039081813,0.39369307044851837,0.7196325280707724,0.5131684698608965,0.6059092112228692,0.6587206852970089,0.960224425185493,0.7778874180228321,0.9055526898181273,0.013275712369884932,0.2415067244002077,0.03135461800312684,0.10481044044575097,0.3596915106613663,0.045969911905997196,0.24037044459226564,0.13016743801363162,0.5262068778727637,0.8399284766281327,0.6455279439418643,0.7557309505204983,0.39064752711088824,0.7020925974365682,0.4959520446480863,0.5878220140515222,0.6587206852970089,0.960224425185493,0.7778874180228321,0.9055526898181273,0.012213261358727086,0.2203512842992256,0.028238681378681463,0.09596078641075904,0.3612142823301814,0.054739877223099365,0.24897865719867074,0.13921103659930523,0.5246841062039486,0.8311585113110306,0.6369197313354592,0.7466873519348247
semseg-spunet-pheno4d-tomato,2,Tomato02,T02_0319_a,1542285,0.8322290484795811,0.6943078004216444,0.9701502965375179,0.35007042837020463,0.646503570278404,0.4505588260387339,0.6236384813952024,0.6853168834230482,0.9258065338453374,0.7681966515323496,0.8669030967927259,0.020175259436485474,0.3371692002450909,0.04547797586049271,0.14997682010782704,0.3145353925829547,0.04607399641771037,0.22285130969403943,0.08695825938561696,0.5176936558966264,0.7861550520618708,0.6093777387855417,0.7452707890939642,0.35393163832295,0.7173990320199065,0.4583296548070981,0.6386997897137969,0.6943194936507304,0.9507544441082358,0.7791689152725311,0.8855957789001438,0.01901399546776374,0.3061645545408274,0.04277614059658234,0.1381411347448753,0.3081034824927409,-0.0018476895844901087,0.2134797634397665,0.07008126417261074,0.5241255659868402,0.8340767380640712,0.6187492850398146,0.7621477843069704
semseg-spunet-pheno4d-tomato,2,Tomato02,T02_0321_a,1774166,0.926848595532833,0.8626938673132394,0.9910033237524267,0.5994761281104893,0.9361521091730209,0.7898968711763678,0.9048701626755582,0.7615429090608739,0.9915699565020636,0.9100626932077543,0.9780671187712762,0.010540163659995739,0.2760102493227804,0.02891217619997227,0.11043047832051792,0.24633907694715151,-0.03701243730470927,0.076868813340772,-0.01462004519058413,0.6805095185856815,0.9638610328375423,0.849979782192061,0.9414686407234172,0.5799854967367658,0.9374749060116071,0.7804741197923972,0.9052992141849687,0.7615429090608739,0.9915699565020636,0.9100626932077543,0.9780671187712762,0.009083141036408093,0.2568936615852181,0.025791273195405615,0.10184841779179626,0.25608439263401317,-0.03767383572400229,0.08158018903275732,-0.014834570945289394,0.6707642028988199,0.9645224312568353,0.8452684065000757,0.9416831664781224
semseg-spunet-pheno4d-tomato,2,Tomato02,T02_0324_a,3311762,0.9786612576904266,0.960812158910862,0.9965103564699911,0.5503446578040374,0.9253633753701394,0.7240833798622743,0.877863879222241,0.6798013848396501,0.9859633497103892,0.8420290120853124,0.9605568346002307,0.009467769724998354,0.2506194587654548,0.023786129558826995,0.09238375221407819,0.36358823636858273,0.022997895150162262,0.19560506171663317,0.059450900779190796,0.6150730213218438,0.9556633625402643,0.7830561959737934,0.9192103569112358,0.5466623669783941,0.9220749856666425,0.7202156684422503,0.874236287499142,0.6798013848396501,0.9859633497103892,0.8420290120853124,0.9605568346002307,0.00918785830624302,0.24331609578224522,0.023160782689094203,0.08965680504818885,0.3654293817814045,0.024642090001910644,0.1975389174266452,0.06126469664074019,0.6132318759090221,0.9540191676885159,0.7811223402637814,0.9173965610496864
semseg-spunet-pheno4d-tomato,2,Tomato02,T02_0325_a,3455376,0.9468031382869233,0.0002578449844074844,0.9913654222908245,0.013349649571698742,0.0010905125408942203,0.006923999563842547,0.002176707515639729,0.720726723525231,0.9677472803813552,0.8324172591733481,0.9290696854134939,0.008815249049596918,0.23056477789971339,0.022161408772880288,0.08614576242932752,0.12877344708915112,0.011392737176491308,0.07614100426902065,0.0301884371730492,0.6206428762900154,0.8876435764097612,0.7146518096088015,0.8343472747473414,,,,,,,,,0.008465359486203528,0.22093775033455115,0.021337764688994773,0.08296521131130158,nan,nan,nan,nan,0.6159584984465774,0.8799815499422827,0.7080610988511041,0.8280006369913615
semseg-spunet-pheno4d-tomato,3,Tomato01,T01_0305_a,1962709,0.9528701417149832,0.9121586232697344,0.993581660160232,0.658837699488106,0.9024349704977978,0.8213361740983107,0.8757934828607702,0.6559594251901945,0.9875760056127222,0.8455949137148048,0.9655563659940027,0.0035349101675286555,0.10560709712952862,0.009445618275556896,0.035712884589615676,0.2954715793758329,0.00786465365972322,0.1194045978084255,0.03219521728759678,0.6573985623391503,0.94500548805526,0.8334655439065577,0.9206749244273864,0.6284801460520311,0.8878923766816144,0.8120300751879699,0.8599439775910365,0.6559594251901945,0.9875760056127222,0.8455949137148048,0.9655563659940027,0.001907058050887829,0.03828789698320026,0.004675680398877266,0.015232517912742032,0.3106503560938705,0.015135950567814915,0.12405764726359592,0.04011996992246358,0.6422197856211127,0.9377341911471683,0.8288124944513873,0.9127501717925196
semseg-spunet-pheno4d-tomato,3,Tomato01,T01_0307_a,1921834,0.8591241758695709,0.7684621275664637,0.9497862241726781,0.4713734796796203,0.7311682262776813,0.5353808353808354,0.6438955936008981,0.4513148542999289,0.9218994888019804,0.5732118758434548,0.8444444444444444,0.005130515955072083,0.11480388004374988,0.012555194673421326,0.04511315753597865,0.3977800088797963,0.03259031832974002,0.30482782025742583,0.11495415684689969,0.4613441669897746,0.8265338575398309,0.5542963556121451,0.7441700190226712,0.40876890675856786,0.6494119051883694,0.4792543595911004,0.5903219048949095,0.4513148542999289,0.9218994888019804,0.5732118758434548,0.8444444444444444,0.004039370726087685,0.041464559374014616,0.008728121159267658,0.022498821438271983,0.4290822953403225,0.073468478874396,0.33289105815229325,0.14174100119989386,0.4300418805292484,0.7856556969951749,0.5262331177172777,0.717383174669677
semseg-spunet-pheno4d-tomato,3,Tomato01,T01_0309_a,2177884,0.9640837560709643,0.9391111505366806,0.989056361605248,0.5605137711864406,0.9266948609509164,0.7636595563744596,0.9011435319872109,0.7092363501069668,0.9761723457264736,0.8684896928901977,0.9512169280135618,0.007999507779110366,0.13702520428085244,0.01962914461927265,0.06182468855090537,0.32920869542426057,0.012650152732269326,0.1480091314386356,0.03790352607057801,0.6348750606467037,0.951433603338695,0.8160746246323287,0.9261802300003863,0.4554955582651106,0.8821486031885329,0.655840581305736,0.8593252149622452,0.7092363501069668,0.9761723457264736,0.8684896928901977,0.9512169280135618,0.006137149636987094,0.07318479772109075,0.013649487300517384,0.03937583452562212,0.38171780188492554,0.03492328161346103,0.20191861897299745,0.05881268458306077,0.5823659541860388,0.9291604744575033,0.7621651370979668,0.9052710714879035
semseg-spunet-pheno4d-tomato,3,Tomato01,T01_0311_a,2080173,0.9049846046030231,0.8248536264786713,0.9851155827273749,0.2140285371382851,0.7737404297357372,0.4755716004813478,0.6619932666143984,0.5667894979272224,0.9664470916669854,0.7575675571191093,0.9180090413167148,0.007336889768302925,0.1522229160747688,0.01670918716856723,0.058924906726507846,0.5145755870702693,0.03489084390166186,0.28841502580279454,0.11498345063746651,0.39040901753275375,0.8700937607013612,0.6165695788002286,0.7900011539655566,0.14980486340438307,0.6329992692347844,0.2974393380297439,0.4729780376283637,0.5667894979272224,0.9664470916669854,0.7575675571191093,0.9180090413167148,0.006757130296374388,0.10640989956123842,0.013729146566175025,0.0442025735359511,0.5466874239372204,0.10526142415213824,0.3774811570285965,0.20949106513048388,0.35829718066580274,0.7997231804508849,0.5275034475744266,0.6954935394725392
semseg-spunet-pheno4d-tomato,3,Tomato01,T01_0313_a,1924288,0.9469150415829761,0.904403077165437,0.9894270060005154,0.5269748512991757,0.8816127458949764,0.7007134810364251,0.8268683146282515,0.6839437046004843,0.9725977841295335,0.8240271718443475,0.9360402107702082,0.010564426946486181,0.1900240504539861,0.02757227608341371,0.08416931353310939,0.3414557636331461,0.01980977657072125,0.18454471514258985,0.06546077888374624,0.60545927794983,0.9271052650122549,0.7623703264403863,0.8814542626992299,0.4987399495979839,0.8691335054678008,0.6798082045817795,0.8121398386477142,0.6839437046004843,0.9725977841295335,0.8240271718443475,0.9360402107702082,0.00902775468121196,0.1545132537333289,0.02437940682475804,0.07100392456846376,0.355573214483742,0.026049396784308954,0.19499735336991264,0.07282501687401499,0.5913418270992341,0.9208656447986672,0.7519176882130635,0.8740900247089611
semseg-spunet-pheno4d-tomato,3,Tomato01,T01_0315_a,2438364,0.9399529796401862,0.891009918845807,0.9888960404345654,0.5385952712100139,0.8507704084152303,0.637061494015683,0.7992660179791926,0.6558403728517331,0.9702551783181487,0.7637990048034056,0.9261165250925009,0.00974423834997564,0.21227019427780267,0.023629777998690926,0.09110042635143892,0.3427351576093127,0.02944018627349676,0.23952273023064197,0.07726170810433941,0.5972178220308735,0.9105127933666894,0.7004302494095442,0.8626912715358468,0.5281078382426361,0.8329048843187661,0.6214796035952984,0.7842988094785288,0.6558403728517331,0.9702551783181487,0.7637990048034056,0.9261165250925009,0.007800722123522165,0.18399344806599835,0.0197878577603672,0.079869945586467,0.34797887409300166,0.03837294832172877,0.24731367544083427,0.08474531235467131,0.5919741055471845,0.9015800313184574,0.6926393041993519,0.8552076672855149
semseg-spunet-pheno4d-tomato,3,Tomato01,T01_0317_a,2450405,0.8898675996064902,0.8024038632790038,0.9773313359339767,0.46511527315195295,0.7401044456347081,0.5899010069252666,0.7076029286440818,0.5159495045473056,0.9357876259572065,0.6646762562478538,0.8532878983238166,0.015402351856121743,0.30020384385438326,0.035858970251856324,0.12344653230792461,0.39933521075686096,0.05192156381053281,0.26257896801992997,0.10942218612254107,0.49053238884962924,0.8379460357959574,0.6272886315865602,0.7804454134839491,0.47735600175875714,0.7202147958760399,0.5744124694435705,0.6938491962882207,0.5159495045473056,0.9357876259572065,0.6646762562478538,0.8532878983238166,0.013006829483289496,0.27820380712576087,0.031079760284524395,0.11211452800659483,0.39321484645345883,0.061866388689866936,0.2703232367607781,0.11629905230047155,0.49665275315303137,0.8280012109166233,0.6195443628457121,0.7735685473060187
semseg-spunet-pheno4d-tomato,3,Tomato01,T01_0319_a,2476596,0.9523957268469543,0.91345995045417,0.9913315032397385,0.5712249150126111,0.8726900593406269,0.7329449461112729,0.8327557142408409,0.6707173255396606,0.9689692200371522,0.8285879398101843,0.9194104421683738,0.0136522064963361,0.27465642357493913,0.03136401738515285,0.11396529752935076,0.3314246065708184,0.03156608715806475,0.17162928388622567,0.07631264864234688,0.6209711202761359,0.9208296396888895,0.7807664429607286,0.8760830782046074,0.5882277507053091,0.8705240014058375,0.7364052466183905,0.8334365609157434,0.6707173255396606,0.9689692200371522,0.8285879398101843,0.9194104421683738,0.011579199837195893,0.24906888325750345,0.02687357970375467,0.10207720597142206,0.32292318872446946,0.0326491161254594,0.16989913363266695,0.07597222530489578,0.6294725381224848,0.9197466107214949,0.7824965932142873,0.8764235015420585
semseg-spunet-pheno4d-tomato,3,Tomato01,T01_0321_a,1672545,0.9602695553671008,0.9296639870754237,0.9908751236587778,0.6020290964777948,0.8742486594338447,0.7157139321950012,0.8282270606531882,0.7206310307857252,0.9685737070620551,0.8278990270838812,0.9289662231320368,0.013172739746912639,0.24276237709598247,0.030229380973307147,0.1056569479445994,0.29893949173534073,0.038858372119150886,0.18846307572765952,0.08167291347448824,0.6613300636317601,0.9214111832479499,0.7718064796394413,0.8785966418926126,0.6056307525717379,0.8688811901365396,0.7088022284122563,0.8216337907375644,0.7206310307857252,0.9685737070620551,0.8278990270838812,0.9289662231320368,0.011319874801574845,0.22941086786902595,0.02649016917332568,0.09649067738087765,0.2971386636883693,0.041542106767803455,0.19191892761903206,0.0849695484323002,0.6631308916787315,0.9187274485992973,0.7683506277480687,0.8753000069348006
semseg-spunet-pheno4d-tomato,3,Tomato01,T01_0324_a,2932759,0.9519151587043351,0.9110205524080884,0.9928097650005818,0.6150353178607467,0.8561617937109747,0.7350695281729764,0.8492704392804755,0.6522519826425258,0.9722601008026608,0.8106040691866884,0.9407527982230739,0.007458164820225596,0.22554120539737496,0.020225323662803524,0.08518190550263421,0.3182715084526988,0.037704211447517344,0.17907836002450273,0.05690353995256037,0.6336436502516363,0.9142109472568177,0.7728367986798323,0.8950116187517747,0.6073050894595347,0.8789414753368088,0.7445020310967922,0.865986118224687,0.6729967577582214,0.9813544235726074,0.8489649461772012,0.9576172256821291,0.006650734001668736,0.2087706490714034,0.017790415100592993,0.07776568071225765,0.31176423509545703,0.02176720924962705,0.1551816700673383,0.04011348675092696,0.640150923608878,0.930147949454708,0.7967334886369968,0.9118016719534081
semseg-spunet-pheno4d-tomato,3,Tomato01,T01_0325_a,3011661,0.9289285254102027,0.8764603561971026,0.9813966946233028,0.4968065031209174,0.8341864992233022,0.6867643757416375,0.8253322607326165,0.5731502999513592,0.9393430592655649,0.704293832877289,0.8826980449674161,0.00940676922136987,0.22760928271807485,0.02526778412311346,0.09097405053224782,0.39395012387406436,0.04216374616576912,0.2333994211007394,0.07491337256018638,0.5349784015361383,0.8867647792444335,0.6955291043094632,0.8540151528500163,0.4900966566312787,0.8630210300969651,0.6942278246626072,0.8440552775792233,0.6223226336482601,0.9650090674043902,0.7957761552548339,0.9309587018055873,0.00771235540786297,0.20156252645965134,0.020434902865893605,0.07783146907968726,0.3727188802704332,0.014913476659525027,0.18392653545148208,0.041421535717797386,0.5562096451397694,0.9140150487506776,0.7450019899587206,0.8875069896924053
semseg-spunet-pheno4d-tomato,3,Tomato02,T02_0305_a,1518307,0.9708037008655686,0.9440518256772674,0.9975555760538696,0.7816901408450704,0.9451650943396226,0.8795856711264566,0.9398317877938323,0.9089253187613844,0.9968596909935937,0.9640933572710951,0.991493705341953,0.001829669493718991,0.09465740459604019,0.00485935980009313,0.028126722724719045,0.12549597106234112,-0.0002086918010395511,0.0489641866667927,0.005140954297675915,0.8453077298032274,0.9710123926666081,0.9218395141987759,0.9656627465678926,0.8988877654196158,0.9751737835153923,0.9391357273280584,0.9556344276841171,0.9089253187613844,0.9968596909935937,0.9640933572710951,0.991493705341953,0.0013086944866881336,0.02356045253035124,0.0028505434013015815,0.009161520035144408,0.06689715877506841,-0.015213036388924461,0.019189158565991793,-0.0027603656474665117,0.9039065420905001,0.986016737254493,0.9516145422995768,0.9735640665130351
semseg-spunet-pheno4d-tomato,3,Tomato02,T02_0307_a,2660027,0.9515522174789294,0.9195346816624028,0.9835697532954559,0.7384642793515054,0.9195346816624028,0.8321586790173178,0.8957408218149978,0.5624261520283577,0.9741892264649091,0.7447388932190179,0.928532460447354,0.0032116215361723773,0.10410458239709597,0.0077890186828930685,0.03595940943456589,0.30110700178899785,0.0046902634152733436,0.16310343136076155,0.03941557634775339,0.6504452156899315,0.946861954063656,0.7884487861181678,0.912136641131176,0.684285308326229,0.9149957822334696,0.8084235156478502,0.8688688688688688,0.5624261520283577,0.9741892264649091,0.7447388932190179,0.928532460447354,0.0018597555588721467,0.02438133146768811,0.004007478119582996,0.010154032271101008,0.328196487301636,0.006959713129739975,0.17497101304549534,0.05285155282081788,0.6233557301772934,0.9445925043491894,0.776581204433434,0.8987006646581115
semseg-spunet-pheno4d-tomato,3,Tomato02,T02_0309_a,2530683,0.8732598158785674,0.7779231312629183,0.9685965004942165,0.7989052146355518,0.7779231312629183,0.8503217433623533,0.7390457954364129,0.7146658781785925,0.9362282422162295,0.8143183114660582,0.8469516387806555,0.006984675678463087,0.15998487364873434,0.016540989132182892,0.06094560243222877,0.1164742694714953,0.016184129138993475,0.04093978846436164,0.08026109877003318,0.7567855464070721,0.8570756867395739,0.8323200274142057,0.7929987171085342,0.7943746004687833,0.728027184212246,0.840782635279731,0.6923638038929627,0.7146658781785925,0.9362282422162295,0.8143183114660582,0.8469516387806555,0.005619036441940772,0.060382908487550596,0.010975297972918774,0.027814625537848872,0.11873957655487954,0.04113210266432965,0.04570934250567282,0.10360209454175828,0.7545202393236878,0.8321277132142377,0.8275504733728946,0.7696577213368091
semseg-spunet-pheno4d-tomato,3,Tomato02,T02_0311_a,2801320,0.9227335267452901,0.8686626487805932,0.9768044047099869,0.3956798392498326,0.8642493525051353,0.6097600917055597,0.8452542921930677,0.5375802016498625,0.9579522163418888,0.671585557299843,0.9074339680928529,0.0043925720731655075,0.11335191980923279,0.012776476803792498,0.046493081832850225,0.4561035062954425,0.011632742321778022,0.2820607022425887,0.04638939660232977,0.4666300204498476,0.9111007844235121,0.6406728245027014,0.8763441301429603,0.257542310522443,0.8280316536861531,0.500894667780031,0.8181699969658879,0.5375802016498625,0.9579522163418888,0.671585557299843,0.9074339680928529,0.0027115788271243556,0.05612675453000728,0.006046792226521783,0.022915982465409164,0.5251722706591373,0.029741591731269112,0.33649341420535306,0.05993154421591962,0.3975612560861528,0.892991935014021,0.586240112539937,0.8628019825293705
semseg-spunet-pheno4d-tomato,3,Tomato02,T02_0313_a,3583327,0.7517763627229441,0.6149643855188788,0.8885883399270096,0.5589080459770115,0.7560392714119623,0.7210128831630387,0.7504097116843702,0.6165492957746479,0.8193703375900873,0.7022600041467966,0.7753663172092453,0.0021100502410190307,0.05547023757530362,0.004948473862418919,0.01900412661194471,0.16404769184711443,-0.03592844177808063,0.0401399190680265,-0.011111651723863636,0.5877286708758297,0.7877048045010248,0.7116364436549176,0.7628880144468078,0.44353602452733776,0.6006294610239982,0.5308722639660242,0.5371399696816574,0.6165492957746479,0.8193703375900873,0.7022600041467966,0.7753663172092453,0.0010347925266100471,0.01401965268589777,0.0017994450408796072,0.005738521770410571,0.22173370257195124,0.041776463415901466,0.13521022866653376,0.09552321927749274,0.5300426601509929,0.7099998993070427,0.6165661340564104,0.6562531434454514
semseg-spunet-pheno4d-tomato,3,Tomato02,T02_0315_a,2136519,0.9820794525252503,0.9665571061659213,0.9976017988845793,0.5842181467181468,0.9543772817484625,0.7847964452984268,0.9079581581376269,0.714201532115498,0.9900942940816786,0.8783672120310693,0.9684870801310184,0.0043369611971623,0.11073152169486908,0.011050217667149228,0.03932097023242012,0.3328696131084279,0.009843664610179825,0.15049762386050225,0.04385683339092772,0.6492098394168224,0.9722357879150705,0.8315818286647481,0.9382226191343226,0.5037517053206003,0.9468265210931831,0.7303041407108831,0.8809639333656801,0.714201532115498,0.9900942940816786,0.8783672120310693,0.9684870801310184,0.0030741594153854937,0.08554522566848223,0.007530005583849243,0.026962081778818724,0.3731028338072011,0.013619044937819513,0.17774377615427417,0.057353945776901005,0.6089766187180492,0.9684604075874308,0.8043356763709761,0.9247255067483493
semseg-spunet-pheno4d-tomato,3,Tomato02,T02_0317_a,2842484,0.8936697421333349,0.8045496952628413,0.9827897890038286,0.36786088170291964,0.7376558019778805,0.49736008447729674,0.6355313785325727,0.6538195644659524,0.9628502712483731,0.7736530732059793,0.9129603862466681,0.013275712369884932,0.2415067244002077,0.03135461800312684,0.10481044044575097,0.38282951904889895,0.043416705520208154,0.25816316329169686,0.11942385974371461,0.510840223084436,0.8502530366131268,0.6355065788416381,0.7742458823896203,0.3661793557369787,0.7226178365547643,0.4792727272727273,0.6208334091860698,0.6538195644659524,0.9628502712483731,0.7736530732059793,0.9129603862466681,0.012213261358727086,0.2203512842992256,0.028238681378681463,0.09596078641075904,0.3836702820318695,0.05093568823176631,0.2672068418939816,0.126772844416966,0.5099994601014655,0.8427340539015686,0.6264629002393534,0.7668968977163689
semseg-spunet-pheno4d-tomato,3,Tomato02,T02_0319_a,1542285,0.8983356889767025,0.8163234128689143,0.9803479650844906,0.3846482605350885,0.7606101893471534,0.4894308219482889,0.6873530399731274,0.7018631072975013,0.9442359124630806,0.7764768969523639,0.8772611184990236,0.020175259436485474,0.3371692002450909,0.04547797586049271,0.14997682010782704,0.3550800050604075,0.04591263807158552,0.2653818295263761,0.11602860974062701,0.543255683916295,0.8524230509051169,0.6329538594503263,0.7823070792360755,0.38478708791208793,0.7421381054483479,0.48611984547659687,0.6666487223657767,0.7111862496477881,0.9537083090225635,0.787655708872006,0.8910074928084957,0.01901399546776374,0.3061645545408274,0.04277614059658234,0.1381411347448753,0.3503490201967645,0.050412481741246795,0.261447911802401,0.1195075813895663,0.547986668779938,0.8479232072354557,0.6368877771743015,0.7788281075871362
semseg-spunet-pheno4d-tomato,3,Tomato02,T02_0321_a,1774166,0.8970552726136175,0.8084726719978851,0.9856378732293499,0.37168968740263786,0.7240289701070999,0.4053920021640142,0.6132828919714166,0.5873567467652495,0.9526569010591478,0.6733427002171414,0.8768184027215292,0.010540163659995739,0.2760102493227804,0.02891217619997227,0.11043047832051792,0.4175320555296738,0.05871233703049372,0.35768792142303973,0.15200462526714464,0.4795232170839437,0.8383429355831238,0.5393673511905778,0.7450506473464729,0.31659899101759564,0.705064106496534,0.3421516754850088,0.5829897592764995,0.5873567467652495,0.9526569010591478,0.6733427002171414,0.8768184027215292,0.009083141036408093,0.2568936615852181,0.025791273195405615,0.10184841779179626,0.44507740372219495,0.06819476883577658,0.3893080847625424,0.16715119161460312,0.45197786889142255,0.8288605037778409,0.5077471878510751,0.7299040809990144
semseg-spunet-pheno4d-tomato,3,Tomato02,T02_0324_a,3311762,0.9643664180621045,0.9348372176861095,0.9938956184380996,0.5807362362905854,0.8781155015197568,0.6905958753362498,0.8395311874400941,0.6310968061401337,0.9758905650581211,0.78839590443686,0.9441837799608428,0.009467769724998354,0.2506194587654548,0.023786129558826995,0.09238375221407819,0.358449896846745,0.03736338477316559,0.22487052817554964,0.07250893436163608,0.6059165212153595,0.927003033288939,0.7394958898865549,0.8918574837004685,0.5784651925578239,0.8715648263027296,0.6858064151156871,0.8339233946484004,0.6310968061401337,0.9758905650581211,0.78839590443686,0.9441837799608428,0.00918785830624302,0.24331609578224522,0.023160782689094203,0.08965680504818885,0.35958541871312577,0.040638722381679204,0.227265258285831,0.07531283075748296,0.6047809993489788,0.9237276956804253,0.7371011597762736,0.8890535873046216
semseg-spunet-pheno4d-tomato,3,Tomato02,T02_0325_a,3455376,0.9487492005354154,0.0003398800708892719,0.9916860316220978,0.017053626463940826,0.0014212356290236618,0.008557457212713936,0.0027941787941787944,0.7221546637841733,0.9699244146096516,0.8367267231571262,0.9322050842021518,0.008815249049596918,0.23056477789971339,0.022161408772880288,0.08614576242932752,0.12640881072243648,0.010340130727155894,0.07337086566157347,0.02851332434832826,0.6306363136059625,0.8924622300394995,0.7270615405789504,0.8422818933455722,,,,,,,,,0.008465359486203528,0.22093775033455115,0.021337764688994773,0.08296521131130158,nan,nan,nan,nan,0.627590156284914,0.8853492360774413,0.7217244999495149,0.8366472737114139
semseg-spunet-pheno4d-tomato,4,Tomato01,T01_0305_a,1962709,0.947624170287229,0.9028021015761821,0.992446238998276,0.6481532147742818,0.8923375363724539,0.8072358900144718,0.8639566949239097,0.5620137299771167,0.9853594196526709,0.8123591284748309,0.9592194962648487,0.0035349101675286555,0.10560709712952862,0.009445618275556896,0.035712884589615676,0.34254069791152975,0.008775692274666569,0.13782666104257757,0.03603607469284986,0.6050834723756993,0.9388484780125624,0.8097975092446514,0.9115880955943791,0.6194831013916501,0.8737360970677452,0.7941055234954658,0.8438818565400844,0.5620137299771167,0.9853594196526709,0.8123591284748309,0.9592194962648487,0.001907058050887829,0.03828789698320026,0.004675680398877266,0.015232517912742032,0.3568757546028456,0.01807641192702092,0.14439184430208063,0.04607349388476245,0.5907484156843834,0.9295477583602081,0.8032323259851484,0.9015506764024666
semseg-spunet-pheno4d-tomato,4,Tomato01,T01_0307_a,1921834,0.8521355749354261,0.7680469036277024,0.9362242462431498,0.5355414398064126,0.7343887087545299,0.6345882352941177,0.6588938421594083,0.4704653371320038,0.900040402831191,0.5807625981988886,0.7963787112113637,0.005130515955072083,0.11480388004374988,0.012555194673421326,0.04511315753597865,0.3491321864662179,0.034921019142565624,0.24446015818892297,0.12449929825004014,0.5030033884692082,0.8172145557928605,0.6076754167465032,0.727636276685386,0.47256905032160423,0.6581546491991198,0.5914861837191935,0.6096534798106702,0.4704653371320038,0.900040402831191,0.5807625981988886,0.7963787112113637,0.004039370726087685,0.041464559374014616,0.008728121159267658,0.022498821438271983,0.3806183812086221,0.07303804892027077,0.2660111839763851,0.14911947942440917,0.471517193726804,0.7790975260151554,0.586124390959041,0.703016095511017
semseg-spunet-pheno4d-tomato,4,Tomato01,T01_0309_a,2177884,0.9666528766600999,0.9430973515190878,0.990208401801112,0.5324791418355185,0.9312569473202414,0.7623389345188758,0.9066311426879811,0.7463354691477223,0.978735145873956,0.8816155988857939,0.9566781591965222,0.007999507779110366,0.13702520428085244,0.01962914461927265,0.06182468855090537,0.3272455711684795,0.011656830063001111,0.14467560995776507,0.034998225717848275,0.6394073054916204,0.9549960465970988,0.8219772667023348,0.9316546509422516,0.40571663582150935,0.890418230766314,0.647775746496039,0.8682530999270606,0.7463354691477223,0.978735145873956,0.8816155988857939,0.9566781591965222,0.006137149636987094,0.07318479772109075,0.013649487300517384,0.03937583452562212,0.3906268241754841,0.03207618833996495,0.20195720396918349,0.054187247098308466,0.5760260524846158,0.934576688320135,0.7646956726909164,0.9124656295617914
semseg-spunet-pheno4d-tomato,4,Tomato01,T01_0311_a,2080173,0.9121985473514825,0.8401840711358244,0.9842130235671407,0.26726886291179597,0.7933684536721413,0.5182721589998397,0.6907379064050833,0.582088372460675,0.96925988930685,0.7729495268138801,0.9246180963572268,0.007336889768302925,0.1522229160747688,0.01670918716856723,0.058924906726507846,0.48751992966524704,0.03088437586198689,0.26658770444462265,0.10452054597032745,0.4246786176862355,0.8813141714894956,0.6456108429068599,0.8076780013811551,0.2099521817095039,0.6638016875425816,0.3571508317517026,0.5163600723763571,0.582088372460675,0.96925988930685,0.7729495268138801,0.9246180963572268,0.006757130296374388,0.10640989956123842,0.013729146566175025,0.0442025735359511,0.5161782702663931,0.09566775892676671,0.3471483680686912,0.1917094629846906,0.39602027708508947,0.8165307884247158,0.5650501792827913,0.7204890843667919
semseg-spunet-pheno4d-tomato,4,Tomato01,T01_0313_a,1924288,0.9295446143120834,0.8729245307921759,0.9861646978319908,0.3714157202293939,0.84242741645118,0.5696579554189085,0.7685652835842537,0.6623237789804236,0.964381633222837,0.7746528057592608,0.9179615629838783,0.010564426946486181,0.1900240504539861,0.02757227608341371,0.08416931353310939,0.4126748647071746,0.026140089475074846,0.2573892337229987,0.08628119102801735,0.5168697496049087,0.9034045248370085,0.6721553805890846,0.843263423284066,0.3224292800643518,0.8260719291845081,0.5358782849239281,0.7487517085553292,0.6623237789804236,0.964381633222837,0.7746528057592608,0.9179615629838783,0.00902775468121196,0.1545132537333289,0.02437940682475804,0.07100392456846376,0.43716808478969565,0.034317833108410856,0.2742790689704889,0.09618797854247951,0.4923765295223877,0.8952267812036725,0.6552655453415944,0.8333566357696038
semseg-spunet-pheno4d-tomato,4,Tomato01,T01_0315_a,2438364,0.9509592141112425,0.9101514452644527,0.9917669829580323,0.4195511601369342,0.8739212513484358,0.5878605126209815,0.8226782226099489,0.6497312515996928,0.9779522940233524,0.794810086847337,0.944713199723566,0.00974423834997564,0.21227019427780267,0.023629777998690926,0.09110042635143892,0.41631800824292897,0.025022441425348485,0.2596239143770832,0.06726350294448502,0.5346412058683135,0.925936772685894,0.6913352997341593,0.8836957111667575,0.382654787414007,0.8590296975281698,0.5609537669316019,0.8093947408686528,0.6497312515996928,0.9779522940233524,0.794810086847337,0.944713199723566,0.007800722123522165,0.18399344806599835,0.0197878577603672,0.079869945586467,0.4347661946043926,0.032468218335481414,0.27307728722177305,0.07390524381513308,0.5161930195068499,0.9184909957757611,0.6778819268894695,0.8770539702961094
semseg-spunet-pheno4d-tomato,4,Tomato01,T01_0317_a,2450405,0.9032043565916839,0.8247990245498836,0.981609688633484,0.43416370106761565,0.76673647518518,0.5818185804810665,0.7119134659662246,0.5275661330365551,0.9460473756915476,0.6747375267118833,0.8600785837609591,0.015402351856121743,0.30020384385438326,0.035858970251856324,0.12344653230792461,0.4223394395395985,0.04681243115332001,0.2749263029952089,0.11720833172809197,0.48086491705208534,0.8563919254383638,0.6282780535964749,0.7859960248635919,0.4352586074589451,0.748044167556285,0.560669561071097,0.6966166746626061,0.5275661330365551,0.9460473756915476,0.6747375267118833,0.8600785837609591,0.013006829483289496,0.27820380712576087,0.031079760284524395,0.11211452800659483,0.4217919863439338,0.05615858496776749,0.2855008127001937,0.12485672737990128,0.4814123702477501,0.8470457716239164,0.6177035438914902,0.7783476292117826
semseg-spunet-pheno4d-tomato,4,Tomato01,T01_0319_a,2476596,0.9504515298128107,0.9097784094115715,0.9911246502140497,0.3990189927565163,0.865681332111213,0.5969556782569766,0.8088828924891467,0.5933390264730999,0.967894574688857,0.7536980789712437,0.9109680057242154,0.0136522064963361,0.27465642357493913,0.03136401738515285,0.11396529752935076,0.45427252019800257,0.03366357641277573,0.27512465119870044,0.09052608070612966,0.4961790096148081,0.9167879534000349,0.6753268786141102,0.859925449106681,0.3556592923347541,0.8587841235479114,0.559366289121767,0.80175140160046,0.5933390264730999,0.967894574688857,0.7536980789712437,0.9109680057242154,0.011579199837195893,0.24906888325750345,0.02687357970375467,0.10207720597142206,0.4759523704088837,0.037112180694426455,0.2939193457663053,0.09409182615047296,0.47449915940392695,0.9133393491183842,0.6565321840465054,0.8563597036623377
semseg-spunet-pheno4d-tomato,4,Tomato01,T01_0321_a,1672545,0.9669160900775677,0.9404224650078808,0.9934097151472546,0.49699905233231545,0.8835302183313997,0.6542498232639078,0.8312134102682897,0.7111323068537948,0.9730490003410697,0.8230914174568441,0.9379022279797049,0.013172739746912639,0.24276237709598247,0.030229380973307147,0.1056569479445994,0.3628504104845126,0.038626480741333014,0.22824546971719184,0.0823582709535704,0.6040656795930551,0.9282896093362347,0.7386706203603759,0.8845578191239973,0.483980996467292,0.8782966438108986,0.6377957658779576,0.8246033981038206,0.7111323068537948,0.9730490003410697,0.8230914174568441,0.9379022279797049,0.011319874801574845,0.22941086786902595,0.02649016917332568,0.09649067738087765,0.36935943841702434,0.04124326800158362,0.23647249841016693,0.08566327703580501,0.5975566516605434,0.9256728220759841,0.7304435916674008,0.8812528130417627
semseg-spunet-pheno4d-tomato,4,Tomato01,T01_0324_a,2932759,0.9503541358299541,0.907155110397875,0.9935531612620331,0.5181945090739879,0.8757107612159973,0.7011892083777068,0.8735286834502682,0.6613498549960454,0.9784709217170797,0.8320522296132052,0.9583129301484634,0.007458164820225596,0.22554120539737496,0.020225323662803524,0.08518190550263421,0.3605819537949375,0.023263294363415565,0.18373341683449806,0.03443332903058827,0.5897721820350166,0.9270908414665385,0.766620718995456,0.9159208067993658,0.4904899731238371,0.8824778978388998,0.6774030439399302,0.8664732299617439,0.6660569105691057,0.9823001152851875,0.8354737222136263,0.9601234104556694,0.006650734001668736,0.2087706490714034,0.017790415100592993,0.07776568071225765,0.37208069398348276,0.017965129267910385,0.19391575275317585,0.03705581562124749,0.5782734418464713,0.9323890065620437,0.7564383830767782,0.9132983202087066
semseg-spunet-pheno4d-tomato,4,Tomato01,T01_0325_a,3011661,0.9422407729601145,0.8979121708392358,0.9865693750809933,0.4388672460293677,0.847320139021704,0.6028574067801828,0.7992819952504655,0.5838324886090206,0.9508680667933803,0.699890648414402,0.8900571239341005,0.00940676922136987,0.22760928271807485,0.02526778412311346,0.09097405053224782,0.43089090564092036,0.043146670052572444,0.2908667453628222,0.09757121336783148,0.5113498673191942,0.8990941029075421,0.6513740275972923,0.8446695595922831,0.43576080521018357,0.8883081905189413,0.6530521478077166,0.84873106086296,0.6310663493995905,0.9719705275377273,0.7869487010177827,0.9351316746689946,0.00771235540786297,0.20156252645965134,0.020434902865893605,0.07783146907968726,0.4088271956552275,0.012101413931780325,0.22224034854736496,0.05030940519413729,0.533413577304887,0.9301393590283342,0.7200004244127496,0.8919313677659773
semseg-spunet-pheno4d-tomato,4,Tomato02,T02_0305_a,1518307,0.975019580068189,0.9539757148452801,0.9960634452910979,0.8186728395061729,0.9539757148452801,0.8993576017130621,0.949516648764769,0.8576300085251491,0.9947680065164949,0.9416083916083916,0.9858845406136422,0.001829669493718991,0.09465740459604019,0.00485935980009313,0.028126722724719045,0.136868156052528,0.0006477193873014597,0.05453658340746215,0.007318985378983345,0.838151424015661,0.9743718606808875,0.9204829966607269,0.9677005946892057,0.8297655453618756,0.958457711442786,0.8978593272171254,0.9256455921638468,0.8576300085251491,0.9947680065164949,0.9416083916083916,0.9858845406136422,0.0013086944866881336,0.02356045253035124,0.0028505434013015815,0.009161520035144408,0.13132180312467667,-0.0015932789114514456,0.05528572065543058,0.01925451367944453,0.8436977769435123,0.9766128589796405,0.9197338594127584,0.9557650663887445
semseg-spunet-pheno4d-tomato,4,Tomato02,T02_0307_a,2660027,0.9594526398330767,0.933257055682685,0.9856482239834684,0.8092515592515592,0.933257055682685,0.8626238838190561,0.913835548990645,0.6130815292491939,0.977394514349224,0.7609151973131822,0.936588353190068,0.0032116215361723773,0.10410458239709597,0.0077890186828930685,0.03595940943456589,0.2482860955827002,0.004126854817122272,0.14768309926695755,0.03424068874272024,0.7111665442503765,0.9553257850159544,0.8117695405661192,0.9252119510903565,0.7676991150442478,0.9270246027678114,0.8380952380952381,0.8881908314518504,0.6130815292491939,0.977394514349224,0.7609151973131822,0.936588353190068,0.0018597555588721467,0.02438133146768811,0.004007478119582996,0.010154032271101008,0.2690623176863558,0.007243081274558971,0.1599474221288666,0.04706304751211754,0.6903903221467209,0.9522095585585177,0.7995052177042101,0.9123895923209592
semseg-spunet-pheno4d-tomato,4,Tomato02,T02_0309_a,2530683,0.8712502996931651,0.7740168058372626,0.9684837935490677,0.7925616547334925,0.7740168058372626,0.8461369139335241,0.7339511535862535,0.7369678235211465,0.9360869797755212,0.8204075954649788,0.847198770608435,0.006984675678463087,0.15998487364873434,0.016540989132182892,0.06094560243222877,0.10648556056584557,0.01619840688677321,0.03797804499391366,0.0806753375958209,0.7647647391273196,0.8550518928063919,0.8332722546992515,0.7905749620973442,0.7914206128133705,0.7238727140687925,0.8384230287859825,0.6870409947542258,0.7369678235211465,0.9360869797755212,0.8204075954649788,0.847198770608435,0.005619036441940772,0.060382908487550596,0.010975297972918774,0.027814625537848872,0.10705608152590662,0.04127045277100827,0.041834987567684556,0.10413041701183479,0.7641942181672585,0.8299798469221569,0.8294153121254806,0.7671198826813304
semseg-spunet-pheno4d-tomato,4,Tomato02,T02_0311_a,2801320,0.9473177287240102,0.9066734741634225,0.9879619832845978,0.48759367194004993,0.903586655531625,0.6607350096711799,0.8611005572441742,0.571544583401007,0.9692822408091811,0.6662437621585046,0.9110630533216193,0.0043925720731655075,0.11335191980923279,0.012776476803792498,0.046493081832850225,0.41774860105348177,0.01088328055360721,0.2838283428091679,0.061235923441113504,0.5295691276705284,0.936434448170403,0.6634893859148423,0.8860818052828967,0.35295560461123376,0.8790885703785373,0.5645552858088723,0.8337824183226675,0.571544583401007,0.9692822408091811,0.6662437621585046,0.9110630533216193,0.0027115788271243556,0.05612675453000728,0.006046792226521783,0.022915982465409164,0.48506763471788983,0.02313232313015101,0.33191820474032174,0.07489499290186674,0.4622500940061204,0.9241854055938592,0.6153995239836885,0.8724227358221435
semseg-spunet-pheno4d-tomato,4,Tomato02,T02_0313_a,3583327,0.7563983961859122,0.621147883313295,0.8916489090585294,0.6018799272286234,0.7664067576348278,0.7479068351347237,0.7647780983365048,0.6637900035958288,0.8264847144926432,0.7315126050420168,0.7867374660409978,0.0021100502410190307,0.05547023757530362,0.004948473862418919,0.01900412661194471,0.12356343077368614,-0.040047339877823274,0.016688676097541988,-0.019359386002839152,0.6328349654122261,0.7964457360637355,0.7397097200883702,0.7757577821887514,0.49785177228786254,0.615097751158323,0.5691166554281861,0.5583684950773559,0.6637900035958288,0.8264847144926432,0.7315126050420168,0.7867374660409978,0.0010347925266100471,0.01401965268589777,0.0017994450408796072,0.005738521770410571,0.17557750824406648,0.03560716336042913,0.1060837659508107,0.08384541562673542,0.5808208879418457,0.7207912328254831,0.6503146302351015,0.6725529805591768
semseg-spunet-pheno4d-tomato,4,Tomato02,T02_0315_a,2136519,0.981636535705909,0.9657212521065653,0.9975518193052527,0.5823235923022095,0.9532678300826123,0.7746796392975795,0.9024639085854206,0.7085377821393523,0.9898863746097145,0.8705824202982124,0.9663942842474544,0.0043369611971623,0.11073152169486908,0.011050217667149228,0.03932097023242012,0.33620584848512813,0.010059433359745573,0.159005505908013,0.047207439289471576,0.6454306872207809,0.9715771023461635,0.822631029797896,0.9344290964164375,0.49797160243407707,0.9458369246681607,0.7153985507246376,0.8735918892822658,0.7085377821393523,0.9898863746097145,0.8705824202982124,0.9663942842474544,0.0030741594153854937,0.08554522566848223,0.007530005583849243,0.026962081778818724,0.37838184341919434,0.013774886066971415,0.188646050194484,0.061643448941048895,0.6032546922867147,0.9678616496389376,0.792990485511425,0.9199930867648601
semseg-spunet-pheno4d-tomato,4,Tomato02,T02_0317_a,2842484,0.8729840099744952,0.7643810039000811,0.9815870160489093,0.3819971056439942,0.6839485058979254,0.4955543852040026,0.5975686508330849,0.6571757563069193,0.9552045342790173,0.7728409193601832,0.9041025364229337,0.013275712369884932,0.2415067244002077,0.03135461800312684,0.10481044044575097,0.35339757899903845,0.05340748988602384,0.2387863576924023,0.12214841634648588,0.5195864309754568,0.8195765200884714,0.6341976522820929,0.7508355936280093,0.3813751416698149,0.6634376876680853,0.47914076529907446,0.5801537818333848,0.6571757563069193,0.9552045342790173,0.7728409193601832,0.9041025364229337,0.012213261358727086,0.2203512842992256,0.028238681378681463,0.09596078641075904,0.35370856098612813,0.0636628990009439,0.24699316764486645,0.130855850846336,0.5192754489883671,0.8093211109735513,0.6259908423296288,0.7421281591281592
semseg-spunet-pheno4d-tomato,4,Tomato02,T02_0319_a,1542285,0.882236449742998,0.7839455581851501,0.980527341300846,0.34666335486007616,0.7337172800751415,0.46344720630681085,0.6525730540470649,0.680687436239504,0.9481752231883519,0.7701795916914369,0.8765844377014351,0.020175259436485474,0.3371692002450909,0.04547797586049271,0.14997682010782704,0.36856105419320784,0.04129019811125123,0.26542305074387407,0.11765770386874796,0.5136753955497901,0.8409462516317467,0.6168133989991239,0.76457874587425,0.34825829086960153,0.732695723459489,0.46624955939372575,0.6516505822442221,0.6896167912227699,0.9532110091743119,0.7812200978533644,0.8890381302140007,0.01901399546776374,0.3061645545408274,0.04277614059658234,0.1381411347448753,0.36329890869681225,0.03928308342609754,0.25850162111945285,0.11189209351388651,0.5189375410461857,0.8429533663169004,0.6237348286235451,0.7703443562291115
semseg-spunet-pheno4d-tomato,4,Tomato02,T02_0321_a,1774166,0.8800201574791762,0.7743295221033775,0.9857107928549749,0.3006234413965087,0.8165605095541402,0.4541059918835044,0.7479830964271994,0.6562457150692445,0.9758590860714095,0.7890932494987252,0.9409111933395005,0.010540163659995739,0.2760102493227804,0.02891217619997227,0.11043047832051792,0.40158557924629956,-0.0161896403335986,0.25842053678806143,0.03557301259582624,0.4784345782328766,0.8962097978127748,0.6215996206911147,0.8444471448833499,0.23156928724380543,0.8066261611479436,0.38522522522522523,0.7304950032143066,0.6562457150692445,0.9758590860714095,0.7890932494987252,0.9409111933395005,0.009083141036408093,0.2568936615852181,0.025791273195405615,0.10184841779179626,0.4361126563226512,-0.011222466130500375,0.292860920117201,0.04431705920227258,0.44390750115652494,0.8912426236096765,0.5871592373619752,0.8357030982769036
semseg-spunet-pheno4d-tomato,4,Tomato02,T02_0324_a,3311762,0.9735861724531709,0.9514846380389186,0.9956877068674233,0.48209825145711904,0.9070671219336868,0.6531350845975209,0.8419054679311844,0.6289876694896661,0.9824780200292393,0.7999715388583525,0.9485069042922251,0.009467769724998354,0.2506194587654548,0.023786129558826995,0.09238375221407819,0.41804321197977834,0.02881360147170786,0.24703286072523423,0.07837998634146626,0.5555429604733926,0.9447725709814631,0.7265533117279367,0.8952061861117047,0.4748554733635855,0.9023323146211999,0.6458385876418663,0.8359873690487484,0.6289876694896661,0.9824780200292393,0.7999715388583525,0.9485069042922251,0.00918785830624302,0.24331609578224522,0.023160782689094203,0.08965680504818885,0.4216646010265451,0.0311810051279513,0.2506811092030615,0.0813390357826842,0.5519215714266258,0.9424051673252196,0.7229050632501094,0.8922471366704867
semseg-spunet-pheno4d-tomato,4,Tomato02,T02_0325_a,3455376,0.9451773751130286,0.0001783441555809561,0.9915450374820483,0.010626735901461177,0.000749938215317488,0.004933841668535546,0.001514473548342684,0.7213150351776253,0.9676439248816107,0.8332082269929441,0.9307224920837547,0.008815249049596918,0.23056477789971339,0.022161408772880288,0.08614576242932752,0.12989080527927138,0.011664759270350544,0.07679065648807482,0.02974320800276592,0.6104318179198388,0.8845814717351383,0.7122654849341665,0.8367857007996654,,,,,,,,,0.008465359486203528,0.22093775033455115,0.021337764688994773,0.08296521131130158,nan,nan,nan,nan,0.6068606500045697,0.8768832027773064,0.7063644162719136,0.8308124253061453
