model,seed,plant,scan,n_points,mIoU_global,IoU_c1_global,IoU_c2_global,acc_global,O_mIoU_r1,O_IoU_c1_r1,O_IoU_c2_r1,O_band_share_r1,O_acc_r1,O_mIoU_r2,O_IoU_c1_r2,O_IoU_c2_r2,O_band_share_r2,O_acc_r2,O_mIoU_r5,O_IoU_c1_r5,O_IoU_c2_r5,O_band_share_r5,O_acc_r5,O_mIoU_r10,O_IoU_c1_r10,O_IoU_c2_r10,O_band_share_r10,O_acc_r10,J_mIoU_r1,J_IoU_c1_r1,J_IoU_c2_r1,J_band_share_r1,J_acc_r1,J_mIoU_r2,J_IoU_c1_r2,J_IoU_c2_r2,J_band_share_r2,J_acc_r2,J_mIoU_r5,J_IoU_c1_r5,J_IoU_c2_r5,J_band_share_r5,J_acc_r5,J_mIoU_r10,J_IoU_c1_r10,J_IoU_c2_r10,J_band_share_r10,J_acc_r10,I_mIoU_r1,I_IoU_c1_r1,I_IoU_c2_r1,I_band_share_r1,I_acc_r1,I_mIoU_r2,I_IoU_c1_r2,I_IoU_c2_r2,I_band_share_r2,I_acc_r2,I_mIoU_r5,I_IoU_c1_r5,I_IoU_c2_r5,I_band_share_r5,I_acc_r5,I_mIoU_r10,I_IoU_c1_r10,I_IoU_c2_r10,I_band_share_r10,I_acc_r10,O8_mIoU_r1,O8_IoU_c1_r1,O8_IoU_c2_r1,O8_band_share_r1,O8_acc_r1,O8_mIoU_r2,O8_IoU_c1_r2,O8_IoU_c2_r2,O8_band_share_r2,O8_acc_r2,O8_mIoU_r5,O8_IoU_c1_r5,O8_IoU_c2_r5,O8_band_share_r5,O8_acc_r5,O8_mIoU_r10,O8_IoU_c1_r10,O8_IoU_c2_r10,O8_band_share_r10,O8_acc_r10,O32_mIoU_r1,O32_IoU_c1_r1,O32_IoU_c2_r1,O32_band_share_r1,O32_acc_r1,O32_mIoU_r2,O32_IoU_c1_r2,O32_IoU_c2_r2,O32_band_share_r2,O32_acc_r2,O32_mIoU_r5,O32_IoU_c1_r5,O32_IoU_c2_r5,O32_band_share_r5,O32_acc_r5,O32_mIoU_r10,O32_IoU_c1_r10,O32_IoU_c2_r10,O32_band_share_r10,O32_acc_r10
semseg-ptv3-pheno4d-tomato,0,Tomato01,T01_0305_a,1962709,0.9554809813089028,0.9162822354987522,0.9946797271190534,0.9994359836328258,0.6798421998903486,0.6480279580629057,0.7116564417177914,0.001907058050887829,0.8116484103660165,0.854858318522242,0.8359702187063751,0.8737464183381088,0.004675680398877266,0.923177508989866,0.9254536472614756,0.8793840889649273,0.971523205558024,0.015232517912742032,0.9764190386995351,0.9469465989952384,0.9041859200869802,0.9897072779034966,0.03828789698320026,0.9906185128014052,0.6844440840004198,0.6572317262830482,0.7116564417177914,0.0035349101675286555,0.8411646007494955,0.8507789487864132,0.8278114792347177,0.8737464183381088,0.009445618275556896,0.9402880414261826,0.926309400845607,0.8810955961331901,0.971523205558024,0.035712884589615676,0.9842069221331355,0.948305829684235,0.9069043814649735,0.9897072779034966,0.10560709712952862,0.9946592948532391,0.6798421998903486,0.6480279580629057,0.7116564417177914,0.001907058050887829,0.8116484103660165,0.854858318522242,0.8359702187063751,0.8737464183381088,0.004675680398877266,0.923177508989866,0.9254536472614756,0.8793840889649273,0.971523205558024,0.015232517912742032,0.9764190386995351,0.9469465989952384,0.9041859200869802,0.9897072779034966,0.03828789698320026,0.9906185128014052,0.6704364055666555,0.6380903490759754,0.7027824620573356,0.0018418420662461934,0.8049792531120332,0.8510576229620245,0.8325017818959373,0.8696134640281117,0.004540153430793867,0.9208843003029963,0.9251051976620842,0.8792394655704008,0.9709709297537676,0.014988976970095923,0.9760358951697883,0.9467066230327454,0.9038199181446112,0.9895933279208797,0.03789150607655032,0.990520371117386,0.6922209122310071,0.6587608906098742,0.72568093385214,0.0020028440283302315,0.8206563215466802,0.8597066029459283,0.8407139629462268,0.8786992429456297,0.004857062356161815,0.9260463652575265,0.9259207169344066,0.8798977853492334,0.9719436485195797,0.015434279865227092,0.9767272967352194,0.947541202296635,0.9053055742108798,0.9897768303823901,0.038569650416847324,0.9906870450852697
semseg-ptv3-pheno4d-tomato,0,Tomato01,T01_0307_a,1921834,0.842412406360125,0.7465631455231854,0.9382616671970647,0.9962972868624449,0.3684412367229843,0.26883996613039796,0.4680425073155706,0.004039370726087685,0.5550689166559319,0.55493562578283,0.49727126805778493,0.612599983507875,0.008728121159267658,0.7199236914272088,0.6846537037017211,0.5582937119132123,0.8110136954902298,0.022498821438271983,0.8474525312796318,0.7621834843843518,0.620067968434998,0.9042990003337057,0.041464559374014616,0.9172271860254995,0.4181313220528863,0.368220136790202,0.4680425073155706,0.005130515955072083,0.5971602434077079,0.5818119518296561,0.551023920151437,0.612599983507875,0.012555194673421326,0.7837457001947864,0.7128909967273583,0.6147682979644868,0.8110136954902298,0.04511315753597865,0.917923875432526,0.805572916167512,0.7068468320013183,0.9042990003337057,0.11480388004374988,0.9677474913204673,0.3684412367229843,0.26883996613039796,0.4680425073155706,0.004039370726087685,0.5550689166559319,0.55493562578283,0.49727126805778493,0.612599983507875,0.008728121159267658,0.7199236914272088,0.6846537037017211,0.5582937119132123,0.8110136954902298,0.022498821438271983,0.8474525312796318,0.7621834843843518,0.620067968434998,0.9042990003337057,0.041464559374014616,0.9172271860254995,0.3684398420201749,0.26991150442477874,0.46696817961557097,0.003856212347164219,0.5547159627580623,0.5431083240906635,0.4831111111111111,0.6031055370702159,0.008361284065116966,0.7104984753251602,0.6834777319951737,0.5581161653379781,0.8088392986523693,0.022289125907856765,0.8460173685684937,0.7619309563109531,0.6200023044129508,0.9038596082089553,0.04129909242941898,0.9168955524757465,0.37703662495847484,0.2815649081209247,0.47250834179602497,0.004328157374674399,0.5628756912719404,0.5678309012434488,0.5135135135135135,0.622148288973384,0.009188618788095121,0.7298827793193272,0.6869500211758484,0.5597971169247197,0.814102925426977,0.022827153645944447,0.8496466833827216,0.7631955172331724,0.6213330271542569,0.905058007312088,0.04178144418300436,0.9178549634481986
semseg-ptv3-pheno4d-tomato,0,Tomato01,T01_0309_a,2177884,0.9621595825127776,0.935381508726381,0.988937656299174,0.9983543659809246,0.5270198676973972,0.3319688907081457,0.7220708446866485,0.006137149636987094,0.7557982941792608,0.7353566424567777,0.6026981040350025,0.868015180878553,0.013649487300517384,0.8900326302687792,0.90119431259608,0.8511316544469238,0.9512569707452361,0.03937583452562212,0.9618802182937637,0.9260823772090248,0.8761554781027429,0.9760092763153067,0.07318479772109075,0.9794903003990263,0.5977722332502596,0.47347362181387076,0.7220708446866485,0.007999507779110366,0.7960624497761452,0.7993416251578457,0.7306680694371384,0.868015180878553,0.01962914461927265,0.9161637426900585,0.9226358191791002,0.8940146676129643,0.9512569707452361,0.06182514771218302,0.9733824490523438,0.9489776982443314,0.9219461201733563,0.9760092763153067,0.13702520428085244,0.9879902823154897,0.5277379396361568,0.3319688907081457,0.7235069885641677,0.006165158474923366,0.7569077232442094,0.7365650647008147,0.6026981040350025,0.870432025366627,0.01386161981078882,0.8917155255225413,0.9012859062501855,0.8511316544469238,0.9514401580534471,0.039492002328866,0.9619923496378286,0.9260905586239545,0.8761554781027429,0.9760256391451663,0.07322749971991162,0.9795022604573586,0.511318539017905,0.3147176149485618,0.7079194630872483,0.005819410032857581,0.7424648887486193,0.7233295114030587,0.584941594718131,0.8617174280879865,0.012969928609604551,0.8842708960243566,0.9000923787093924,0.849382602285293,0.9508021551334919,0.03897406840768379,0.9614872586326739,0.9257278495903616,0.8755662136957101,0.975889485485013,0.07281655037642042,0.9793865788909487,0.5430136684180311,0.348943802311678,0.7370835345243844,0.006509529433156219,0.7695563236227693,0.7449364676781383,0.6155022347682898,0.8743707005879866,0.014350626571479473,0.8954053881103219,0.9015746050658571,0.8511655436168275,0.9519836665148866,0.039844179028818795,0.9623282935373836,0.9261952925703569,0.8761930010604454,0.9761975840802686,0.07368344686861192,0.9796290987948203
semseg-ptv3-pheno4d-tomato,0,Tomato01,T01_0311_a,2080173,0.9094118961934585,0.833049321972879,0.985774470414038,0.9966560473575996,0.4027739461013038,0.21915754759406386,0.5863903446085438,0.006757130296374388,0.6294109277177006,0.5509665380215641,0.3355600089067023,0.766373067136426,0.013729146566175025,0.791029097657481,0.7069167644701418,0.4923158452570217,0.9215176836832619,0.0442025735359511,0.9270682661040359,0.8077267931244563,0.6475349521707138,0.9679186340781989,0.10640989956123842,0.9697042254157424,0.4310182471777065,0.2756461497468692,0.5863903446085438,0.007336889768302925,0.6437557331935526,0.6344665335682129,0.50256,0.766373067136426,0.01670918716856723,0.8211059324472064,0.7990139690331857,0.6765102543831093,0.9215176836832619,0.058924906726507846,0.9432506077961068,0.8759871327599489,0.7840556314416988,0.9679186340781989,0.1522229160747688,0.978032528027791,0.4675553378192031,0.21262361838278068,0.7224870572556256,0.010081373039646221,0.7418339611844929,0.5828449312520207,0.3260140616549486,0.839675800849093,0.02013246013672901,0.8512142123737434,0.7160413365002841,0.4923158452570217,0.9397668277435465,0.056647692283286054,0.9430908797746039,0.809397393970602,0.6475349521707138,0.9712598357704901,0.11809210099352313,0.9727012196114829,0.39730697637059686,0.20865219428392942,0.5859617584572643,0.006525418799301789,0.6267128333578901,0.5472756007157116,0.33163899243194395,0.7629122089994791,0.013408980887647326,0.7878679238518624,0.7036961637071135,0.48777879621142683,0.9196135312028002,0.04317333221804148,0.9253295920185284,0.80682450650594,0.6459719142645972,0.9676770987472827,0.1056186192206129,0.9694772535900412,0.4070734090752274,0.2219965177016831,0.5921503004487716,0.007055663158785351,0.6346664849764938,0.5549230262448818,0.3373732921992067,0.7724727602905569,0.014178628412156105,0.7960941208381366,0.7097777613565107,0.4966599114313593,0.9228956112816621,0.04499145023034142,0.9283470456245325,0.8078413830366952,0.6475349521707138,0.9681478139026766,0.10713291634878445,0.9699086850194072
semseg-ptv3-pheno4d-tomato,0,Tomato01,T01_0313_a,1924288,0.9601192217043355,0.9276145868183339,0.992623856590337,0.9971890901985565,0.5729526746339265,0.44881170018281535,0.6970936490850377,0.00902775468121196,0.757022795302786,0.7907642594656277,0.7208086441268735,0.8607198748043818,0.024379926497488942,0.8975572323826576,0.9083057261503451,0.8616540487636374,0.9549574035370528,0.07100392456846376,0.9648252239592482,0.9432862795412928,0.9057073907669367,0.9808651683156491,0.1545132537333289,0.9838360329333261,0.5869563369238868,0.4768190247627359,0.6970936490850377,0.010564426946486181,0.7640808696935413,0.79530375762691,0.7298876404494382,0.8607198748043818,0.02757279575614461,0.8980549587244148,0.9104360641879612,0.8659147248388696,0.9549574035370528,0.08416931353310939,0.9666041020955015,0.9454033638651221,0.9099415594145952,0.9808651683156491,0.1900240504539861,0.9852076103275985,0.6471503757770835,0.44863594830962017,0.8456648032445467,0.01600903814813583,0.8628838537947153,0.821964932486702,0.7208086441268735,0.9231212208465304,0.038934920344563806,0.9358532874189157,0.9161827111653718,0.8616540487636374,0.970711373567106,0.10082898194033325,0.97522986846988,0.9458286326022685,0.9057073907669367,0.9859498744376003,0.20174942628130507,0.9876205489614244,0.5568761245698839,0.42449431975616514,0.6892579293836026,0.008539262314165031,0.7472005842259006,0.7771947912550554,0.7031867588932806,0.8512028236168302,0.02270190324940965,0.8899851207508298,0.9072518416365012,0.8606593024267201,0.9538443808462824,0.06953792779459207,0.9640836702513246,0.9431432387046239,0.9055387397303353,0.9807477376789127,0.15366982489107658,0.9837473157369676,0.5933338951758291,0.47515907978463046,0.7115087105670277,0.009743863704393521,0.7712533333333333,0.7970925292740405,0.7283671508506189,0.8658179076974621,0.02531014068580171,0.9013222733245729,0.9096248628935396,0.8635511895974107,0.9556985361896685,0.0721825423221472,0.9653995680345573,0.9436762645151968,0.9063322224171197,0.9810203066132739,0.15575683057837497,0.9839650875314042
semseg-ptv3-pheno4d-tomato,0,Tomato01,T01_0315_a,2438364,0.9377516490564897,0.88641888255924,0.9890844155537394,0.9949794206279292,0.5405199890423349,0.42664473684210524,0.6543952412425644,0.007800722123522165,0.7250933179117817,0.6729141596121524,0.5633292481483455,0.7824990710759594,0.0197878577603672,0.8301554404145077,0.8562001142457873,0.7802097959857933,0.9321904325057814,0.07987035569750865,0.9453461564135084,0.8971017695408201,0.8234700893880358,0.9707334496936043,0.18399344806599835,0.9742490131351654,0.555704823116924,0.4570144049912836,0.6543952412425644,0.00974423834997564,0.7509259259259259,0.6855251931889615,0.5885513153019637,0.7824990710759594,0.023629777998690926,0.8458120726161963,0.8640659750126587,0.7959415175195361,0.9321904325057814,0.09110083646248059,0.9489819345719084,0.9067694316446141,0.8428054135956239,0.9707334496936043,0.21227019427780267,0.976348166123124,0.6061048166474212,0.42664473684210524,0.7855648964527373,0.011596299814137677,0.8150728533031546,0.7135375977211924,0.5633292481483455,0.8637459472940394,0.02900182253346916,0.8841155592007579,0.8656517848386656,0.7802097959857933,0.9510937736915379,0.10475261281744645,0.958328276402075,0.9000358041876888,0.8234700893880358,0.9766015189873418,0.22459403107985518,0.9789041015846118,0.5337959678270735,0.4252357948010122,0.6423561408531349,0.007246251995190218,0.7171882958854491,0.6686394610125542,0.558623339554287,0.7786555824708215,0.019072213992660653,0.8270938608751747,0.8553962348101778,0.7793626077026887,0.9314298619176667,0.07895375751938595,0.9447999667563552,0.8967692951045395,0.8229750850418314,0.9705635051672477,0.18298375468141753,0.9741069207339622,0.5549250407407164,0.4475060337892196,0.6623440476922131,0.008497910894353755,0.7348583562569374,0.683506767323368,0.5796867918827735,0.7873267427639625,0.020817236474947955,0.8355594956658786,0.8576682380611707,0.7823890145264144,0.932947461595927,0.08107690238208898,0.9459723311161132,0.8978713656865807,0.8248377706349688,0.9709049607381925,0.18515734320224544,0.9744108832929846
semseg-ptv3-pheno4d-tomato,0,Tomato01,T01_0317_a,2450405,0.8751521108637017,0.7757304970147483,0.974573724712655,0.9814810204843689,0.4647876056389275,0.4261823234578929,0.5033928878199622,0.013006829483289496,0.6372050702811245,0.615369039640604,0.5604346420667877,0.6703034372144203,0.031079760284524395,0.7678773077024081,0.7503959235740267,0.6647533950708601,0.8360384520771935,0.11211493610239939,0.8762662570479057,0.804264574152666,0.6831745435093756,0.9253546047959564,0.27820380712576087,0.9357030534888633,0.46643610029146776,0.42947931276297335,0.5033928878199622,0.015402351856121743,0.6551057177680039,0.6263568100534067,0.5824101828923932,0.6703034372144203,0.035858970251856324,0.7812083897620321,0.7593372597038197,0.682636067330446,0.8360384520771935,0.12344694040372918,0.8825104547182598,0.8164644146805569,0.7075742245651572,0.9253546047959564,0.30020425195018785,0.9383120678826897,0.552074619506814,0.4250853833589071,0.6790638556547208,0.018274122032888442,0.7406150204336854,0.6793842043635978,0.5582138346088119,0.8005545741183837,0.04569734390845595,0.8406994293470981,0.7818631744215201,0.6643733675028338,0.8993529813402065,0.16557467030960188,0.9160736952369216,0.8150233570316902,0.6831745435093756,0.9468721705540047,0.3752595999436828,0.9523325844065171,0.45561481647739693,0.4191199417455529,0.492109691209241,0.012262054639947274,0.6283156388324957,0.6080092246903777,0.5534229703376783,0.662595479043077,0.029852208104374583,0.7620779220779221,0.7502274336349247,0.6658912503340889,0.8345636169357605,0.11071108653467487,0.8755856344019434,0.8031956761903338,0.6815447213543558,0.9248466310263119,0.2762951430477819,0.9352588861727976,0.4746891492817113,0.4377903500298974,0.5115879485335252,0.014097261473103426,0.6461614173228346,0.6244680509861779,0.5713137616413747,0.677622340330981,0.03282192127423834,0.7745035871038333,0.750729160905539,0.6640389000409269,0.837419421770151,0.11435089301564436,0.8769583806199724,0.8055342192168693,0.6850867234764115,0.9259817149573271,0.2805768842293417,0.9362468673957531
semseg-ptv3-pheno4d-tomato,0,Tomato01,T01_0319_a,2476596,0.9573350239761673,0.9221457369430738,0.992524311009261,0.9938714267486501,0.567947306472009,0.4869896052720973,0.6489050076719207,0.01157839227714169,0.736669572798605,0.7450329067172209,0.6792163300264078,0.810849483408034,0.026873983483781772,0.8649408017308733,0.8911128248393078,0.8495430530644118,0.9326825966142037,0.10207680219139496,0.9512228889688809,0.9270639717271811,0.8812724701392084,0.9728554733151539,0.24906847947747635,0.9774075046770486,0.5733791739372827,0.4978533402026447,0.6489050076719207,0.013651398936281896,0.7405424591085213,0.7512691245391183,0.6916887656702025,0.810849483408034,0.03136442116517995,0.8682879101922062,0.8912577676718265,0.8498329387294492,0.9326825966142037,0.11396489374932367,0.9519105741465748,0.9284809569836183,0.8841064406520827,0.9728554733151539,0.27465601979491205,0.977686368367509,0.6340219425107877,0.4869896052720973,0.781054279749478,0.016819860808949056,0.8187295947762627,0.7763367429044372,0.6766326566888264,0.876040829120048,0.03731411986452372,0.9015712245162966,0.8902342085948826,0.8387462053678986,0.9417222118218666,0.12085903393205835,0.9552784821544907,0.9288271664234611,0.8812724701392084,0.9763818627077137,0.28002023745495835,0.9799047436398427,0.555952508873145,0.4724668814894379,0.639438136256852,0.010914174132559368,0.7274509803921568,0.7375735838454023,0.6689864514696083,0.8061607162211961,0.025923889080011434,0.8607230191735589,0.8900755441522665,0.8479490104657507,0.9322020778387823,0.10063934529491286,0.9508030315796231,0.9269437701324147,0.8812299720460899,0.9726575682187395,0.2475510741356281,0.9772690202321378,0.5893912354007207,0.5129315836412282,0.6658508871602132,0.012490531358364464,0.7528286028318355,0.7562828171831413,0.6938706285404158,0.8186950058258669,0.028359086423461882,0.871500982430162,0.8928393512066087,0.8516039085129142,0.9340747939003032,0.10423339131614523,0.952170106607165,0.9273964099213833,0.8816143802509409,0.9731784395918257,0.2517015290342066,0.9776438447581907
semseg-ptv3-pheno4d-tomato,0,Tomato01,T01_0321_a,1672545,0.9613523498852371,0.9303503560207355,0.9923543437497387,0.9936593634251993,0.6158283752512814,0.5384699693117054,0.6931867811908575,0.011319874801574845,0.7773728410711456,0.7379399574449221,0.6593137254901961,0.8165661893996483,0.026489571282088075,0.868141293307753,0.8842283008175552,0.8312437765909296,0.9372128250441808,0.09649067738087765,0.953768937633609,0.9205279827927015,0.8707526641745243,0.9703033014108788,0.22941146576026356,0.975840563355321,0.6189857350930363,0.5447846889952153,0.6931867811908575,0.013172739746912639,0.7839052287581699,0.744615966565691,0.6726657437317336,0.8165661893996483,0.03022878308206954,0.8736525643307819,0.8871094675119071,0.8370061099796334,0.9372128250441808,0.1056569479445994,0.9546900110912424,0.9235946160720222,0.8768859307331656,0.9703033014108788,0.24276297498722008,0.9762555660637585,0.6709794035600414,0.5200592780776966,0.8218995290423862,0.018340313713532373,0.8520619396903015,0.755765407684073,0.6266570525264851,0.8848737628416609,0.04242516643797327,0.9050846979903605,0.8798333099914759,0.8079494962826097,0.9517171237003421,0.13360955908510683,0.9609116294055525,0.9173950982672201,0.8595189249473351,0.9752712715871051,0.28885321471171177,0.9788727438317603,0.6084592489633879,0.5334905660377358,0.6834279318890399,0.010352486779130008,0.7712965636731158,0.7289916394927494,0.647849131024282,0.8101341479612166,0.024984081145798767,0.8631631847225214,0.8818896018392459,0.8275187023701321,0.9362605013083597,0.09417265305268319,0.9529865149706681,0.9202477894380581,0.8703450415262483,0.9701505373498679,0.22663246728787567,0.9757316259203858,0.624762489687132,0.5445170512558709,0.7050079281183932,0.012406841071540676,0.7848296467640113,0.7458806880460063,0.6678997349823321,0.8238616411096804,0.02835678561712839,0.873091844480054,0.8831474699764381,0.8287579957356077,0.9375369442172684,0.09962960637830372,0.95370720436883,0.9205728847341902,0.8704201797784127,0.9707255896899677,0.23272497899907027,0.976102331962296
semseg-ptv3-pheno4d-tomato,0,Tomato01,T01_0324_a,2932759,0.9671326777481231,0.9384640075200468,0.9958013479761992,0.9961186718717767,0.544224641763262,0.48557341124908693,0.6028758722774371,0.006650734001668736,0.7111509869264291,0.7102509080600963,0.6329245667224761,0.7875772493977166,0.017790415100592993,0.8445232390991855,0.892481857790993,0.835940555338287,0.949023160243699,0.07776568071225765,0.959533998631987,0.931727964128886,0.8814293911535973,0.9820265371041746,0.20877133102310827,0.9841378724627455,0.5539976697293729,0.5140505487196542,0.5939447907390917,0.007458164820225596,0.7193343391395784,0.7217160911796645,0.6609821823593292,0.78245,0.020225323662803524,0.8479499629105132,0.897307341950663,0.8475991316007918,0.9470155523005342,0.08518190550263421,0.9593424012681232,0.9367320199295079,0.8922698516696562,0.9811941881893596,0.22554188734907982,0.9839143712393795,0.6719731717768151,0.4845558086560364,0.859390534897594,0.015531450078236909,0.8758068057080132,0.7755015114882525,0.6304710389903088,0.9205319839861963,0.03994463916059929,0.9300201454570287,0.9006994323679354,0.8283208902662347,0.9730779744696361,0.13952697783895643,0.9761729622995169,0.9340007406902991,0.8807253646864486,0.9872761166941497,0.2877495218666109,0.9883635501836711,0.5330377884582814,0.474977790938703,0.5910977859778598,0.006076189690322321,0.7015151515151515,0.7054168700343566,0.6280711798101236,0.7827625602585895,0.016725547513450643,0.8410666231754057,0.8922155699360825,0.8359112797315045,0.9485198601406605,0.07521074864999136,0.9592156862745098,0.9314598850309622,0.8812150299349878,0.9817047401269366,0.20527019097034568,0.9838839350972081,0.5520156384379581,0.48732138432311883,0.6167098925527973,0.007533520483612871,0.7190639992758215,0.7171314594850411,0.6411619283065513,0.7931009906635308,0.019658621796063026,0.8489436986158809,0.8947305062365087,0.8383882604279761,0.9510727520450413,0.08064215300336645,0.960977404187667,0.9322593926523034,0.8822530976455469,0.9822656876590599,0.21145003731980705,0.9843388181870957
semseg-ptv3-pheno4d-tomato,0,Tomato01,T01_0325_a,3011661,0.9732869433472342,0.9538476252550442,0.9927262614394241,0.9937456440150468,0.5102601419933502,0.40107133747130347,0.6194489465153971,0.00771235540786297,0.6967322512593103,0.7068603993946103,0.6347111738904171,0.7790096248988037,0.020434902865893605,0.8403230261768194,0.8833491053501179,0.8355944084780009,0.931103802222235,0.07783113703700384,0.9489720606993998,0.9365896497311046,0.8979733183819528,0.9752059810802564,0.2015618623742845,0.9796157064819879,0.4999375399334414,0.4143444849802065,0.5855305948866764,0.00940676922136987,0.6899046946699612,0.6904363199202759,0.6459989762839106,0.7348736635566412,0.02526778412311346,0.8187994428237273,0.8801436777057768,0.8480600568499308,0.9122272985616229,0.0909737184895644,0.9393828791672446,0.9375688511100189,0.9072830578512396,0.9678546443687981,0.22760828659002458,0.9751648117593683,0.5767916274483551,0.39416729339015627,0.7594159615065539,0.011572351602653817,0.7919775048777689,0.7495587658540256,0.6325925925925926,0.8665249391154586,0.030349033307533618,0.8914672705987899,0.8955052421520795,0.8356079660248217,0.9554025182793373,0.10924104671807351,0.9636440453864321,0.9392450369860726,0.8979733183819528,0.9805167555901925,0.24664462567334106,0.9833416351422302,0.4930828991979873,0.3794729542302358,0.6066928441657388,0.007028347480011861,0.6829498748051211,0.6866416245997402,0.6057021658441082,0.7675810833553723,0.018741485180436973,0.8287298690714526,0.8790830155283309,0.8289422732162065,0.9292237578404553,0.07514623989884651,0.947299118485297,0.935823087568963,0.8969425254789544,0.9747036496589717,0.19776262999056002,0.9792358552974005,0.5340772933871878,0.43410561155408456,0.6340489752202911,0.008738699342323056,0.7141500113990424,0.726668806203365,0.6624100537144015,0.7909275586923287,0.02236871945414839,0.851663277272255,0.8879139034208199,0.8422153106296228,0.9336124962120168,0.08167187475615616,0.9509123137969167,0.936948251386331,0.8982110265221895,0.9756854762504724,0.2049536783854491,0.9799417092884418
semseg-ptv3-pheno4d-tomato,0,Tomato02,T02_0305_a,1518307,0.9708099820683497,0.9456500864221241,0.9959698777145752,0.9998136081833252,0.8373087028126438,0.8258706467661692,0.8487467588591184,0.0013086944866881336,0.9119275289380976,0.916490857946554,0.8945147679324894,0.9384669479606188,0.0028505434013015815,0.9595656192236599,0.9540479044595368,0.9229074889867841,0.9851883199322895,0.009161520035144408,0.9874191229331416,0.9756203181484875,0.9567260138476755,0.9945146224492994,0.02356045253035124,0.9951079056245108,0.8230849041253359,0.7974230493915533,0.8487467588591184,0.001829669493718991,0.8981281497480201,0.9111464460656953,0.8838259441707718,0.9384669479606188,0.00485935980009313,0.9616427216047709,0.9628422676196351,0.9404962153069807,0.9851883199322895,0.028126064096391575,0.99337298613713,0.9700823544357118,0.9456500864221241,0.9945146224492994,0.09465674596771272,0.9980308660014751,0.8373087028126438,0.8258706467661692,0.8487467588591184,0.0013086944866881336,0.9119275289380976,0.916490857946554,0.8945147679324894,0.9384669479606188,0.0028505434013015815,0.9595656192236599,0.9540479044595368,0.9229074889867841,0.9851883199322895,0.009161520035144408,0.9874191229331416,0.9756203181484875,0.9567260138476755,0.9945146224492994,0.02356045253035124,0.9951079056245108,0.8323857627249012,0.8251748251748252,0.8395967002749771,0.0012625905037650488,0.9087115284298383,0.9155277070430801,0.8943236714975845,0.9367317425885756,0.0027971945067762974,0.9587944431363316,0.9539655117163275,0.9229074889867841,0.9850235344458708,0.009075898352572965,0.987300435413643,0.9755940195820656,0.9567260138476755,0.9944620253164557,0.02336088814712703,0.9950661140714426,0.8468483894924042,0.8326959847036329,0.8610007942811755,0.001402878337516721,0.9178403755868545,0.918751539668596,0.8955847255369929,0.9419183538001992,0.0029730482702114923,0.9612317235268055,0.9541910119565324,0.923009238891333,0.9853727850217319,0.009261631540920249,0.987555113070687,0.9756287173703864,0.9567260138476755,0.9945314208930971,0.02362499810644356,0.9951212712573181
semseg-ptv3-pheno4d-tomato,0,Tomato02,T02_0307_a,2660027,0.9623056517143136,0.9388584388584389,0.9857528645701883,0.9995135387723508,0.6191660290742158,0.7383320581484315,0.5,0.0018597555588721467,0.7926015767131595,0.7994541174811385,0.8419652855543113,0.7569429494079656,0.004007478119582996,0.8940900562851782,0.913535826124096,0.8903457653457654,0.9367258869024268,0.010154032271101008,0.9582006664198445,0.9528534448593344,0.9281669529808487,0.97753993673782,0.02438133146768811,0.9825919358569116,0.6532651072124757,0.8065302144249513,0.5,0.0032116215361723773,0.8605876155917125,0.816134062621894,0.8753251758358224,0.7569429494079656,0.0077890186828930685,0.9375452483227955,0.928998134495263,0.9212703820880993,0.9367258869024268,0.03595940943456589,0.9864719350151067,0.9581991877981295,0.9388584388584389,0.97753993673782,0.1041049583331297,0.995327204050238,0.6191660290742158,0.7383320581484315,0.5,0.0018597555588721467,0.7926015767131595,0.7994541174811385,0.8419652855543113,0.7569429494079656,0.004007478119582996,0.8940900562851782,0.913535826124096,0.8903457653457654,0.9367258869024268,0.010154032271101008,0.9582006664198445,0.9528534448593344,0.9281669529808487,0.97753993673782,0.02438133146768811,0.9825919358569116,0.6045994970000731,0.7306460224239189,0.4785529715762274,0.00175637314959585,0.7840325342465754,0.7925798939093773,0.8402433847460026,0.744916403072752,0.003896201053598328,0.8910652257815516,0.9125729750729751,0.8903457653457654,0.9348001848001848,0.00995591398132425,0.957368878148246,0.9526359586448696,0.9281669529808487,0.9771049643088904,0.02402231255547406,0.9823317683881064,0.627226788939493,0.742133726647001,0.5123198512319851,0.0019435892943943803,0.7970986460348163,0.804110045163102,0.8432815102720711,0.7649385800541328,0.00408943217493657,0.8962125390696819,0.9138639531110413,0.8903457653457654,0.9373821408763172,0.01022433230940889,0.958488068536971,0.9529110108291807,0.9281669529808487,0.9776550686775126,0.024478698900424693,0.9826611788555457
semseg-ptv3-pheno4d-tomato,0,Tomato02,T02_0309_a,2530683,0.8617260625185085,0.7569684824193842,0.9664836426176328,0.9963100870397438,0.6973329523466116,0.7313689644047747,0.6632969402884485,0.005619036441940772,0.8243319268635725,0.7952272007613184,0.8056597969855429,0.7847946045370938,0.010975297972918774,0.8862646264626463,0.7534780043363167,0.6690921690921691,0.8378638395804644,0.027814625537848872,0.8778945872993323,0.820212849347576,0.7083155929649887,0.9321101057301632,0.060382908487550596,0.9417184739218638,0.693453960192333,0.7236109800962174,0.6632969402884485,0.006984675678463087,0.8342385155012446,0.7962166723135438,0.8076387400899936,0.7847946045370938,0.016540989132182892,0.9142140468227424,0.7758143119010861,0.7137647842217079,0.8378638395804644,0.06094560243222877,0.9414720489645604,0.8445392940747737,0.7569684824193842,0.9321101057301632,0.15998487364873434,0.9769358635219613,0.6973329523466116,0.7313689644047747,0.6632969402884485,0.005619036441940772,0.8243319268635725,0.7952272007613184,0.8056597969855429,0.7847946045370938,0.010975297972918774,0.8862646264626463,0.7534780043363167,0.6690921690921691,0.8378638395804644,0.027814625537848872,0.8778945872993323,0.820212849347576,0.7083155929649887,0.9321101057301632,0.060382908487550596,0.9417184739218638,0.6800088728821987,0.7011244105912223,0.658893335173175,0.005155130057774917,0.8105166334508662,0.7946891404728034,0.8030322334055293,0.7863460475400774,0.010699878254210425,0.8858113597754634,0.7540018118018526,0.6703182256509161,0.8376853979527888,0.027674347201921377,0.8779610194902548,0.8197355544875519,0.7076933175790994,0.9317777913960044,0.0601047227171479,0.9414487265459613,0.7015271640579417,0.7329327670154356,0.6701215611004478,0.00588378710411379,0.8268636668905306,0.793815938517894,0.8021296014602981,0.7855022755754898,0.011200138460644814,0.8852667231160034,0.7531042737865848,0.6670756959889562,0.8391328515842135,0.02820029217408897,0.8783454305972032,0.8204963997492616,0.7083538003078232,0.9326389991906998,0.06079149383782955,0.9421101895426536
semseg-ptv3-pheno4d-tomato,0,Tomato02,T02_0311_a,2801320,0.9751275881178485,0.9554921540656205,0.9947630221700765,0.999276055573801,0.62065518494842,0.5511976836009476,0.6901126862958924,0.0027115788271243556,0.7755397577672459,0.8089180351775582,0.7715580434492869,0.8462780269058297,0.006046792226521783,0.8988133892201429,0.9417778303829107,0.9227614798792303,0.9607941808865913,0.022915982465409164,0.9733001012539917,0.9657326901953358,0.944871506223666,0.9865938741670056,0.05612675453000728,0.9890987031654466,0.6723741673012134,0.6546356483065344,0.6901126862958924,0.0043925720731655075,0.8359203575782203,0.8348499407493886,0.8234218545929474,0.8462780269058297,0.012776476803792498,0.9433377105976363,0.9467563234072662,0.932718465927941,0.9607941808865913,0.046493081832850225,0.9844289860413692,0.9702828653631215,0.9539718565592374,0.9865938741670056,0.11335191980923279,0.9936133024705938,0.62065518494842,0.5511976836009476,0.6901126862958924,0.0027115788271243556,0.7755397577672459,0.8089180351775582,0.7715580434492869,0.8462780269058297,0.006046792226521783,0.8988133892201429,0.9417778303829107,0.9227614798792303,0.9607941808865913,0.022915982465409164,0.9733001012539917,0.9657326901953358,0.944871506223666,0.9865938741670056,0.05612675453000728,0.9890987031654466,0.6052258302781017,0.5345345345345346,0.6759171260216689,0.0025769994145617065,0.7638177032830031,0.8039965090495602,0.7655587470934209,0.8424342710056996,0.005881156026444676,0.8959635811836115,0.9403243317376015,0.92093731260667,0.959711350868533,0.022313766367283994,0.9725795098227427,0.9656190455625171,0.9447791488127839,0.9864589423122502,0.055653406251338654,0.9890059844903561,0.6374667019136743,0.5733233233233234,0.7016100805040252,0.0028575814258992188,0.7870081199250468,0.8131605867380932,0.7766193144793432,0.8497018589968433,0.006198149443833621,0.9012843402637793,0.9437280419843301,0.9261302417790803,0.9613258421895801,0.023491782445418587,0.9739545344031121,0.9658314554887559,0.9449812217121947,0.9866816892653172,0.056449816515071465,0.9891610912264283
semseg-ptv3-pheno4d-tomato,0,Tomato02,T02_0313_a,3583327,0.7522393370626893,0.6142355193671233,0.8902431547582553,0.9948782235056973,0.3351954330125878,0.14330874604847207,0.5270821199767035,0.0010347925266100471,0.5614886731391586,0.5100653981946784,0.37275149900066623,0.6473792973886906,0.0017994450408796072,0.7079714640198511,0.6441645952728943,0.5177548682703322,0.7705743222754564,0.005738521770410571,0.8157370033555416,0.7108604190263001,0.6006541107477162,0.821066727304884,0.01401965268589777,0.8589087724187352,0.46070148153401924,0.3943208430913349,0.5270821199767035,0.0021100502410190307,0.7263589472292025,0.6496726057880813,0.651965914187472,0.6473792973886906,0.004948473862418919,0.8687119332280623,0.7562883188977672,0.742002315520078,0.7705743222754564,0.01900412661194471,0.9378248994096743,0.7887372471475875,0.7564077669902912,0.821066727304884,0.05547023757530362,0.9621015455204057,0.3351954330125878,0.14330874604847207,0.5270821199767035,0.0010347925266100471,0.5614886731391586,0.5100653981946784,0.37275149900066623,0.6473792973886906,0.0017994450408796072,0.7079714640198511,0.6441645952728943,0.5177548682703322,0.7705743222754564,0.005738521770410571,0.8157370033555416,0.7108604190263001,0.6006541107477162,0.821066727304884,0.01401965268589777,0.8589087724187352,0.3307218740852229,0.13752030319436925,0.5239234449760766,0.001004373868195674,0.5573770491803278,0.503939349200284,0.3674637925227349,0.6404149058778332,0.0017589798530806705,0.7020466444550214,0.6420282450974983,0.5159717767799872,0.7680847134150095,0.005657033254291333,0.8138720339401115,0.7097248281861053,0.6000339673913043,0.8194156889809063,0.01387760592321047,0.8578064671814671,0.347014700361916,0.1580271766482134,0.5360022240756186,0.0010925600705712875,0.572669220945083,0.5251446796038483,0.39418158567774936,0.6561077735299472,0.0018787009949133863,0.7185086155674391,0.6464752890970719,0.5195336723303982,0.7734169058637456,0.005934708163670243,0.8178312799774288,0.7140130417070705,0.6056648481842729,0.8223612352298679,0.014311002038050113,0.860338136931807
semseg-ptv3-pheno4d-tomato,0,Tomato02,T02_0315_a,2136519,0.9829347587290328,0.9680634772126163,0.9978060402454493,0.9991692093540943,0.6132014256166799,0.49585585585585584,0.7305469953775039,0.0030741594153854937,0.7869975639464069,0.809364568372047,0.7341389728096677,0.8845901639344262,0.007530005583849243,0.912481352560915,0.9272741526460604,0.8846279908226811,0.9699203144694396,0.026962081778818724,0.9755576772849579,0.9710090572244263,0.9510788367325667,0.9909392777162861,0.08554522566848223,0.9922962865693854,0.6571767314581916,0.5838064675388793,0.7305469953775039,0.0043369611971623,0.818044463630477,0.8352346858072909,0.7858792076801555,0.8845901639344262,0.011050217667149228,0.9253674446185777,0.9392221650681563,0.9085240156668728,0.9699203144694396,0.03932097023242012,0.9788715629091774,0.9736717756627605,0.956404273609235,0.9909392777162861,0.11073152169486908,0.9924972525150055,0.6793024006052555,0.49585585585585584,0.8627489453546552,0.00541488280703331,0.8790733857723226,0.8376945385620566,0.7341389728096677,0.9412501043144454,0.013037094451301393,0.9494507072592805,0.938668811462156,0.8964782001323433,0.9808594227919686,0.04013725129521432,0.9835809408307484,0.971898652416233,0.9511924570160843,0.9926048478163817,0.10195790442303579,0.9935363922234719,0.5925968788576386,0.46735395189003437,0.7178398058252428,0.0028869389881391178,0.7738326848249028,0.8036301411629476,0.7255895536932372,0.8816707286326582,0.007311893786107215,0.9098706951734733,0.9258062282472183,0.8821461454758517,0.9694663110185848,0.026516029110904234,0.9751465085080845,0.9709051463546918,0.9509424758719208,0.9908678168374627,0.08493863148420398,0.9922412700511922,0.6342089730245731,0.5140381282495667,0.7543798177995795,0.0033657552308217244,0.8050340703657349,0.8149290406145155,0.7389208232894493,0.8909372579395817,0.007907722795818806,0.9166617342408997,0.9282410510785559,0.885686449622473,0.9707956525346387,0.02767164719808249,0.9761844353106341,0.971154257290546,0.9512195121951219,0.9910890023859702,0.08680615524598657,0.9924081892345104
semseg-ptv3-pheno4d-tomato,0,Tomato02,T02_0317_a,2842484,0.8875183143852683,0.7913874009280215,0.983649227842515,0.9916013599372943,0.5157232064199265,0.3750472351681572,0.6563991776716959,0.012213261358727086,0.7141663786150478,0.6115495969007052,0.456973293768546,0.7661259000328643,0.028238681378681463,0.8039318283749439,0.7451611809406149,0.584967023383419,0.9053553384978107,0.09596078641075904,0.916254532256468,0.8296574302727273,0.6992867892429497,0.9600280713025049,0.2203512842992256,0.96331255138941,0.5230138034440202,0.3896284292163445,0.6563991776716959,0.013275712369884932,0.7205321178715285,0.6256972654410422,0.4852686308492201,0.7661259000328643,0.03135461800312684,0.8133856942496493,0.7562151044842103,0.6070748704706097,0.9053553384978107,0.10481044044575097,0.9203247829968918,0.8399027589031628,0.7197774465038207,0.9600280713025049,0.2415067244002077,0.9652239908285614,0.5292411135712375,0.3750472351681572,0.6834349919743178,0.013075535341623735,0.7330158473915032,0.6222953180004486,0.456973293768546,0.7876173422323511,0.030621808249404393,0.8191907355069966,0.7498612479210263,0.5874182711411335,0.9123042247009189,0.10277982215555127,0.9218107136744823,0.8310682992189671,0.6992867892429497,0.9628498091949845,0.23565796676428083,0.9656955097678002,0.5070849385474199,0.36513352142247885,0.649036355672361,0.011617303738561062,0.706983223305675,0.6055386558134028,0.44952084585734997,0.7615564657694558,0.027347911193167665,0.799745291756715,0.7436268997898365,0.5830428036871407,0.9042109958925325,0.09486069226774892,0.9152833407506304,0.8295512287589843,0.6992553038334184,0.9598471536845502,0.21944046123038863,0.9631602742097871,0.5219577999092314,0.3817855002995806,0.6621300995188822,0.012940442232920221,0.7194899817850637,0.6168905412814087,0.4644272757809876,0.7693538067818299,0.029087234967725414,0.8071601354620223,0.7471855722147047,0.5879159527459644,0.9064551916834449,0.0971154103242094,0.9172320856079899,0.8300483423403444,0.6998916010395853,0.9602050836411036,0.22130186132973836,0.9634701381613775
semseg-ptv3-pheno4d-tomato,0,Tomato02,T02_0319_a,1542285,0.8855280147671822,0.7902395322519804,0.980816497282384,0.9844879513189845,0.4331511860654089,0.23211446740858505,0.6341879047222327,0.019015292244948242,0.6706107000375081,0.5454687723234815,0.3548975522843932,0.7360399923625697,0.04277873415095135,0.7695105870227503,0.7443539969364421,0.6136165918502279,0.8750914020226565,0.1381411347448753,0.8957677197692593,0.8244970147375212,0.7018871976591232,0.9471068318159194,0.3061658513180119,0.9529643473564947,0.4294814009279249,0.23260232760668198,0.6263604742491679,0.020176556213669976,0.6779034642329198,0.5426064705784905,0.35917921116811036,0.7260337299888708,0.04548056941486171,0.7714130930656934,0.7527842737989927,0.6371053275679204,0.8684632200300649,0.14997682010782704,0.8965833286498031,0.8337899129677705,0.7229218829801811,0.9446579429553599,0.3371704970222754,0.9539934578558613,0.47377661980615715,0.23211446740858505,0.7154387722037293,0.023904142230521595,0.7379770526487103,0.5754273583977736,0.3542063592870147,0.7966483575085325,0.05405875049034387,0.8170532780003358,0.7593003652363074,0.6157493122004395,0.9028514182721753,0.1712874079693442,0.9159379802705793,0.8282214878932797,0.7018871976591232,0.9545557781274362,0.3507931413454712,0.9589481408368961,0.4175181030715096,0.2127280441238863,0.6223081620191329,0.017553175969421995,0.6572842789598109,0.5337445770827864,0.3376905352711804,0.7297986188943925,0.04080892960769248,0.7625160870048777,0.7402839388619598,0.6084955564959796,0.8720723212279398,0.13490891761250354,0.893289693753965,0.8234103753632027,0.7009881795417217,0.9458325711846839,0.29961582975909123,0.9519360821306534,0.44170647430575005,0.24056078925895705,0.642852159352543,0.020689431590140604,0.6791500830486696,0.553834894500942,0.36743004596403517,0.7402397430378489,0.045070139435966765,0.774294715944239,0.7510079831848138,0.6239883512241373,0.8780276151454903,0.14195041772435055,0.8985602572535263,0.8323581168895107,0.7169149980243955,0.9478012357546258,0.31235212687667974,0.9538959097929156
semseg-ptv3-pheno4d-tomato,0,Tomato02,T02_0321_a,1774166,0.9494478756896689,0.9071276858483576,0.9917680655309804,0.9929606361524231,0.6139997388361875,0.5539344654388902,0.6740650122334848,0.009080886455946062,0.766308733163677,0.750496359683378,0.6719026675044268,0.8290900518623291,0.025783382163788508,0.8722236796082546,0.8689817720680758,0.7943453047611937,0.9436182393749579,0.10178190766816633,0.9525800485108928,0.9156590922855088,0.8546310832025118,0.9766871013685058,0.25688689784383195,0.9786532385466035,0.6259191416876205,0.5777732711417563,0.6740650122334848,0.010537909079533708,0.7754065040650406,0.7630038880863074,0.6969177243102856,0.8290900518623291,0.028904285168355158,0.877420487119986,0.8751431193765129,0.806667999378068,0.9436182393749579,0.110363968196888,0.9540152397295254,0.919227884067464,0.8617686667664223,0.9766871013685058,0.2760034855813943,0.9792311650969212,0.6906098601570979,0.5193407332660612,0.8618789870481346,0.02012494884920577,0.8789525276571909,0.7931049126496921,0.6598799708340345,0.9263298544653498,0.05348033949472597,0.9350252416133554,0.8814876381831884,0.7939500982611508,0.9690251781052259,0.17095130895305174,0.9716712386579447,0.9196681812754818,0.8546478966326294,0.9846884659183341,0.3758058716038973,0.9854081488791766,0.5949039018226869,0.5318701537652779,0.657937649880096,0.008173981465094021,0.7520342021790097,0.7411042065887739,0.6654573569644344,0.8167510562131132,0.023808369679049198,0.8644412878787879,0.8663776233613352,0.7915996835846794,0.9411555631379909,0.0968832679692881,0.9507408937266926,0.9154602228086872,0.8545902751352514,0.9763301704821231,0.25341484393230396,0.9783785587188613,0.6315604532440404,0.5701678863538527,0.6929530201342282,0.01039699780065676,0.7797896562940475,0.7605117102051584,0.6804191224623445,0.8406042979479722,0.027983289049615424,0.8798718955828146,0.8732463664705417,0.8009293814557099,0.9455633514853734,0.1056992412209455,0.9542414999360096,0.9159589676335061,0.8547203114432292,0.9771976238237831,0.26204143242515077,0.9790516342048375
semseg-ptv3-pheno4d-tomato,0,Tomato02,T02_0324_a,3311762,0.9710455551396193,0.947378185950509,0.9947129243287295,0.99533420577928,0.6036138949559707,0.5640720699292383,0.6431557199827032,0.00918785830624302,0.7516760878138556,0.7469789125326654,0.6915011533507085,0.8024566717146222,0.023160480735028664,0.8605251492790279,0.9035614394663798,0.8553514799154334,0.9517713990173261,0.08965680504818885,0.9617441617663898,0.9385631119404512,0.8977360635291517,0.9793901603517505,0.2433157938281797,0.9820278876749184,0.6047234159262553,0.5662911118698076,0.6431557199827032,0.009467769724998354,0.7497368840695264,0.749166702044795,0.6958767323749677,0.8024566717146222,0.02378582760476145,0.8603709392812258,0.9057295196773173,0.8596876403373085,0.9517713990173261,0.09238375221407819,0.9618895712740192,0.9409321776501806,0.9024741949486106,0.9793901603517505,0.25061915681138924,0.9821889634947849,0.6782812759348398,0.5459254143646409,0.8106371375050387,0.015637597146171734,0.8433034679848613,0.7930170370177498,0.6895593726661687,0.8964747013693308,0.03810207376013131,0.9144747790941871,0.9124256881702307,0.8553514799154334,0.9694998964250281,0.13037953814313952,0.9736929868036481,0.9399362701355682,0.8956668135187866,0.98420572675235,0.3129168098432194,0.9857291186194039,0.5834557858954244,0.5380466567028397,0.6288649150880091,0.008388887848824885,0.7365560434813908,0.7397712333330623,0.6815624702030957,0.7979799964630289,0.021881403313402353,0.8563188253801783,0.901108633901668,0.8522931199654582,0.9499241478378777,0.08659921818053351,0.9603934503967977,0.9391929870445851,0.8989363398609428,0.9794496342282274,0.2391705684164502,0.982098940000707,0.6222963838142577,0.582016080511951,0.6625766871165644,0.010192761436359256,0.7663526484180591,0.7556928157000307,0.6992872334310514,0.8120983979690098,0.024634016574862565,0.8667843396827731,0.9059210135588798,0.858509222039835,0.9533328050779246,0.09251087487567042,0.9629243995900435,0.9392047757866115,0.8986808540514397,0.9797286975217834,0.24832219223482846,0.9823026712581957
semseg-ptv3-pheno4d-tomato,0,Tomato02,T02_0325_a,3455376,0.9519893514634773,0.9134536898122603,0.9905250131146943,0.9916813683952195,0.6240471871551885,0.5093457943925234,0.7387485799178537,0.008465359486203528,0.7904003281939079,0.7301604130566208,0.6129518721185747,0.847368953994667,0.021337764688994773,0.8739454767394548,0.846689511865172,0.7571738527545311,0.9362051709758131,0.08296521131130158,0.9450250456961866,0.8929008482014561,0.8158787427204455,0.9699229536824667,0.22093775033455115,0.9725866262871304,0.6287548968705424,0.5187612138232311,0.7387485799178537,0.008815249049596918,0.7926789231779383,0.7360873558719553,0.6248057577492435,0.847368953994667,0.022161408772880288,0.8761230672795653,0.8522842444471777,0.7683633179185423,0.9362051709758131,0.08614576242932752,0.946409734400301,0.8996442128218063,0.8293654719611459,0.9699229536824667,0.23056419909150264,0.973490183083423,0.6736170976192322,0.5093457943925234,0.8378884008459411,0.012515859344974324,0.8582329410132494,0.7591557917019082,0.6126517957109637,0.9056597876928526,0.0319704715203208,0.9157599348239341,0.8567473539349295,0.757153110828358,0.9563415970415011,0.11498748616648376,0.960329704901529,0.8957341293867036,0.8158787427204455,0.9755895160529618,0.2666022453128111,0.977282077613055,0.6111742148404925,0.49382163323782235,0.7285267964431626,0.007657053819902668,0.7813137803310908,0.7253871905149061,0.6071235590778098,0.8436508219520023,0.020202432383624822,0.8709728250748492,0.8466304480978312,0.7573295013461506,0.9359313948495117,0.08147130731937711,0.944830452481937,0.8925275812819483,0.8153174415860278,0.9697377209778688,0.21910842698450184,0.9724317199003569,0.6271188354009885,0.5128644939965694,0.7413731768054074,0.009357592343061941,0.7927568503742191,0.7392426510747849,0.6281790234359405,0.8503062787136294,0.022770025606475244,0.8774641263869648,0.8460303406174584,0.756088723652289,0.9359719575826279,0.08601755641064822,0.9448562190678379,0.8938828452926644,0.8173418275543451,0.9704238630309837,0.22491676737929533,0.9730175559592986
semseg-ptv3-pheno4d-tomato,1,Tomato01,T01_0305_a,1962709,0.9474871404977134,0.9021251122418438,0.992849168753583,0.9993335741569432,0.5946025531354873,0.5668498168498168,0.6223552894211577,0.001907058050887829,0.7472615549024847,0.810237049382929,0.78844008033921,0.8320340184266478,0.004675680398877266,0.8966982674076496,0.9022671435999774,0.8427339084273391,0.9618003787726156,0.015232517912742032,0.9682911328895876,0.9302294583885196,0.87428722981037,0.9861716869666691,0.03828789698320026,0.9873848938095492,0.6169566140284222,0.6115579386356866,0.6223552894211577,0.0035349101675286555,0.8120495820121072,0.8164736302178901,0.8009132420091324,0.8320340184266478,0.009445618275556896,0.9294460326878472,0.9117011628282716,0.8616019468839277,0.9618003787726156,0.035712884589615676,0.9813393443090707,0.9387307902918451,0.8912898936170213,0.9861716869666691,0.10560709712952862,0.9936895733225265,0.5946025531354873,0.5668498168498168,0.6223552894211577,0.001907058050887829,0.7472615549024847,0.810237049382929,0.78844008033921,0.8320340184266478,0.004675680398877266,0.8966982674076496,0.9022671435999774,0.8427339084273391,0.9618003787726156,0.015232517912742032,0.9682911328895876,0.9302294583885196,0.87428722981037,0.9861716869666691,0.03828789698320026,0.9873848938095492,0.5863696313306852,0.5580188679245283,0.6147203947368421,0.0018418420662461934,0.7408022130013832,0.8053744723682382,0.7841530054644809,0.8265959392719956,0.004540153430793867,0.8936146335989227,0.9018062182836537,0.8425510712506228,0.9610613653166845,0.014988976970095923,0.9677759271219281,0.9299187222054051,0.8738187142286703,0.9860187301821399,0.03789150607655032,0.9872529245663574,0.6090115251899026,0.578479324144064,0.6395437262357414,0.0020028440283302315,0.7588399898244721,0.8164356640218788,0.7943154697331308,0.8385558583106267,0.004857062356161815,0.9005559634952272,0.9028732381196525,0.8433834462250124,0.9623630300142926,0.015434279865227092,0.9687056415673588,0.930993038779903,0.875721027792344,0.9862650497674621,0.038569650416847324,0.9874770478593413
semseg-ptv3-pheno4d-tomato,1,Tomato01,T01_0307_a,1921834,0.8393992574330427,0.7451304287975773,0.9336680860685082,0.9961463893343546,0.35157462100529846,0.2497387669801463,0.4534104750304507,0.004039370726087685,0.5375499162694835,0.5325489955648921,0.4931506849315068,0.5719473061982773,0.008728121159267658,0.6978061285322523,0.6779974349631394,0.5617998506348021,0.7941950192914766,0.022498821438271983,0.8371608964129605,0.7580662792916162,0.6193230968858131,0.8968094616974192,0.041464559374014616,0.9116429073386206,0.4074961979672027,0.3615819209039548,0.4534104750304507,0.005130515955072083,0.5988843813387424,0.56185421071689,0.5517611152355028,0.5719473061982773,0.012555194673421326,0.7747938165692735,0.706731480445656,0.6192679415998354,0.7941950192914766,0.04511315753597865,0.9145790080738178,0.8017744940545384,0.7067395264116576,0.8968094616974192,0.11480388004374988,0.9664330973467371,0.35157462100529846,0.2497387669801463,0.4534104750304507,0.004039370726087685,0.5375499162694835,0.5325489955648921,0.4931506849315068,0.5719473061982773,0.008728121159267658,0.6978061285322523,0.6779974349631394,0.5617998506348021,0.7941950192914766,0.022498821438271983,0.8371608964129605,0.7580662792916162,0.6193230968858131,0.8968094616974192,0.041464559374014616,0.9116429073386206,0.34769951078963957,0.24475524475524477,0.45064377682403434,0.003856212347164219,0.5336661719066252,0.5232714193274219,0.4817320703653586,0.5648107682894852,0.008361284065116966,0.6901487335864086,0.6767074781362985,0.5616361598804632,0.7917787963921337,0.022289125907856765,0.8356289102623962,0.7577961058537375,0.6192613421294544,0.8963308695780206,0.04129909242941898,0.9112889000881945,0.36510005972203946,0.2704598597038192,0.4597402597402597,0.004328157374674399,0.5498918009136812,0.5450906273585675,0.5094626723728007,0.5807185823443343,0.009188618788095121,0.7079109802367065,0.6804060964445984,0.5631863018797693,0.7976258910094275,0.022827153645944447,0.8395030772737634,0.7590745875320193,0.6205130969063275,0.8976360781577111,0.04178144418300436,0.912313037846993
semseg-ptv3-pheno4d-tomato,1,Tomato01,T01_0309_a,2177884,0.9590659826740016,0.9302573363431151,0.987874629004888,0.9982267191457396,0.5070572731461702,0.30112589559877173,0.7129886506935688,0.006137149636987094,0.7445757893161754,0.7105070876989743,0.5639965965722621,0.8570175788256866,0.013649487300517384,0.8793352844215696,0.891705625077692,0.8366426814828308,0.9467685686725532,0.03937583452562212,0.9581720229488315,0.9189200268868842,0.8641030498200417,0.9737370039537268,0.07318479772109075,0.9774951690215072,0.5814530278546685,0.44991740501576816,0.7129886506935688,0.007999507779110366,0.7897485937320629,0.782420122443559,0.7078226660614314,0.8570175788256866,0.01962914461927265,0.9096608187134503,0.9161304520950455,0.8854923355175379,0.9467685686725532,0.06182514771218302,0.9713178064286139,0.9447326898096293,0.915728375665532,0.9737370039537268,0.13702520428085244,0.9870587249727737,0.5077894449556254,0.30112589559877173,0.7144529943124791,0.006165158474923366,0.7457362031727117,0.7117998560770427,0.5639965965722621,0.8596031155818231,0.01386161981078882,0.881181887442446,0.8918051811861358,0.8366426814828308,0.9469676808894408,0.039492002328866,0.9582950621446593,0.9189289622970688,0.8641030498200417,0.9737548747740958,0.07322749971991162,0.9775082925238743,0.496259856833698,0.2914741705165897,0.7010455431508064,0.005819410032857581,0.7337857030140446,0.6973969207978974,0.5445079365079365,0.8502859050878584,0.012969928609604551,0.8730130633341594,0.8904987778146802,0.8347233101414551,0.9462742454879053,0.03897406840768379,0.9577408371720408,0.9185312945765487,0.8634564141606396,0.9736061749924578,0.07281655037642042,0.9773813577491077,0.5191159129685362,0.31193940601953357,0.7262924199175389,0.006509529433156219,0.7565070184101008,0.720934463737662,0.5780496412186802,0.8638192862566438,0.014350626571479473,0.8852306904716196,0.8921191751118908,0.8366798706916178,0.9475584795321638,0.039844179028818795,0.9586636858117452,0.9190434477746119,0.8641442260349202,0.9739426695143035,0.07368344686861192,0.9776474693719855
semseg-ptv3-pheno4d-tomato,1,Tomato01,T01_0311_a,2080173,0.9117211798241025,0.8373387058089893,0.9861036538392158,0.9967396942465843,0.4083421950482907,0.22722497373555456,0.5894594163610269,0.006757130296374388,0.6336795674445077,0.554053152085734,0.3418113457923256,0.7662949583791424,0.013729146566175025,0.7915893413634931,0.7145723865771563,0.5059604647653538,0.9231843083889586,0.0442025735359511,0.9287866099685695,0.8126477559482042,0.6566514603324419,0.9686440515639665,0.10640989956123842,0.9704180238625532,0.43646988460392966,0.2834803528468324,0.5894594163610269,0.007336889768302925,0.6487354213078234,0.6365950678703205,0.5068951773614986,0.7662949583791424,0.01670918716856723,0.8220265838080442,0.8041056225206915,0.6850269366524243,0.9231843083889586,0.058924906726507846,0.9446701584349046,0.8791453873402475,0.7896467231165286,0.9686440515639665,0.1522229160747688,0.9785820306331913,0.4691041187188001,0.2177477347907378,0.7204605026468623,0.010081373039646221,0.7406418387296743,0.5859299313521169,0.3321156119050177,0.8397442507992162,0.02013246013672901,0.8515723871152606,0.7235195058527257,0.5059604647653538,0.9410785469400977,0.056647692283286054,0.9444317149961388,0.8142820033025533,0.6566514603324419,0.9719125462726645,0.11809210099352313,0.973344405907544,0.4025155471645006,0.2166172106824926,0.5884138836465086,0.006525418799301789,0.6304700162074555,0.5498881864187838,0.3373683030710603,0.7624080697665072,0.013408980887647326,0.7880471802961316,0.7114382618268547,0.5015604780391262,0.9213160456145832,0.04317333221804148,0.9270889007660787,0.8117701028090714,0.6551324590509295,0.9684077465672132,0.1056186192206129,0.9701963997178035,0.41226974148153117,0.2295177222545032,0.5950217607085592,0.007055663158785351,0.6386182462356067,0.5582907499305401,0.34405778069599474,0.7725237191650854,0.014178628412156105,0.7967722248592934,0.7173548393860185,0.5101735487731897,0.9245361299988475,0.04499145023034142,0.9300352601773694,0.8127598628707072,0.6566514603324419,0.9688682654089725,0.10713291634878445,0.9706176661955083
semseg-ptv3-pheno4d-tomato,1,Tomato01,T01_0313_a,1924288,0.9540497808598745,0.9169572534500169,0.9911423082697322,0.9967946585958027,0.5346793482702448,0.38583098968796037,0.6835277068525292,0.00902775468121196,0.7360119732903523,0.7549286994586077,0.6682760244936411,0.8415813744235744,0.024379926497488942,0.8799079166133776,0.8901688302315578,0.8335796458894781,0.9467580145736376,0.07100392456846376,0.9579673868493471,0.931566775485583,0.8860442657521828,0.9770892852189832,0.1545132537333289,0.9805534628423829,0.5594431590452686,0.43535861123800823,0.6835277068525292,0.010564426946486181,0.7568006296423828,0.7670408149322328,0.692500255440891,0.8415813744235744,0.02757279575614461,0.8865581062233782,0.8965552419320932,0.846352469290549,0.9467580145736376,0.08416931353310939,0.9621587246706099,0.936809224649719,0.8965291640804549,0.9770892852189832,0.1900240504539861,0.9831319172676332,0.6108026926953678,0.38583098968796037,0.8357743957027753,0.01600903814813583,0.8511328961890541,0.7898260510060227,0.6682760244936411,0.9113760775184043,0.038934920344563806,0.9248017938656202,0.8994139621694665,0.8335796458894781,0.9652482784494548,0.10082898194033325,0.970400569001773,0.9346001173604723,0.8860442657521828,0.9831559689687619,0.20174942628130507,0.985106536432575,0.5174744145812868,0.3592439960210317,0.675704833141542,0.008539262314165031,0.7255963972736125,0.739068315624462,0.6470367121914548,0.8310999190574692,0.02270190324940965,0.8710312464232575,0.8889159832997333,0.8323750036484633,0.9454569629510033,0.06953792779459207,0.9570812563989508,0.9313944388888984,0.8858395198230927,0.9769493579547041,0.15366982489107658,0.9804467290035678,0.5503152727281071,0.40621476005513096,0.6944157854010833,0.009743863704393521,0.7472533333333333,0.7622942903980037,0.6773750214739735,0.8472135593220339,0.02531014068580171,0.8843216162943496,0.8916390952166726,0.8357053040695016,0.9475728863638436,0.0721825423221472,0.9586105111591072,0.9320384760977836,0.8868027956694532,0.9772741565261139,0.15575683057837497,0.9807087257816436
semseg-ptv3-pheno4d-tomato,1,Tomato01,T01_0315_a,2438364,0.9519448712064722,0.9121561835194005,0.9917335588935439,0.9961728437591763,0.5818748346643597,0.49051724137931035,0.6732324279494091,0.007800722123522165,0.7514326270963672,0.7105695796533908,0.6174546614901877,0.8036844978165939,0.0197878577603672,0.8509222797927462,0.8837671295532676,0.8221458939828681,0.9453883651236672,0.07987035569750865,0.9563960503817657,0.9207408118639635,0.8636973478939157,0.9777842758340114,0.18399344806599835,0.9805257186671809,0.591452249346849,0.5096720707442889,0.6732324279494091,0.00974423834997564,0.7759680134680135,0.7200919571930111,0.6364994165694282,0.8036844978165939,0.023629777998690926,0.8648339060710195,0.8895621153755343,0.8337358656274014,0.9453883651236672,0.09110083646248059,0.9590928120934379,0.92776283096037,0.8777413860867287,0.9777842758340114,0.21227019427780267,0.9819703550286712,0.6456126925156541,0.49051724137931035,0.8007081436519979,0.011596299814137677,0.832791059555807,0.7478800537728232,0.6174546614901877,0.8783054460554588,0.02900182253346916,0.8982847123039722,0.8914309985249493,0.8221458939828681,0.9607161030670306,0.10475261281744645,0.9667534501321328,0.9229746411322328,0.8636973478939157,0.98225193437055,0.22459403107985518,0.9840461469354067,0.5735150147270848,0.48712737127371275,0.6599026581804568,0.007246251995190218,0.7429396117493916,0.7066487751938945,0.6131842840703601,0.8001132663174289,0.019072213992660653,0.8482098699064616,0.8830718245910478,0.8213977385188772,0.9447459106632184,0.07895375751938595,0.9559417820671314,0.9204809450019016,0.8633071013971244,0.9776547886066788,0.18298375468141753,0.980418260750682,0.5960585222672143,0.5099514803445886,0.6821655641898401,0.008497910894353755,0.7611601756671975,0.7206069308846816,0.6326530612244898,0.8085608005448734,0.020817236474947955,0.8560283687943262,0.8850133500867037,0.8239925604463733,0.9460341397270342,0.08107690238208898,0.9569184855459167,0.9213451493998901,0.8647753478509851,0.9779149509487951,0.18515734320224544,0.980648133587017
semseg-ptv3-pheno4d-tomato,1,Tomato01,T01_0317_a,2450405,0.9042509562055252,0.8269362344424888,0.9815656779685615,0.9864740726532961,0.4760101072251204,0.4507158858478621,0.5013043286023787,0.013006829483289496,0.6461157128514057,0.6264982846438026,0.5798265811002792,0.6731699881873261,0.031079760284524395,0.7747577404868825,0.7824420644132821,0.7046440771858554,0.8602400516407088,0.11211493610239939,0.8951832182493894,0.8484425511544115,0.7510820134859651,0.9458030888228578,0.27820380712576087,0.9534187457460042,0.4780072367649575,0.45471014492753625,0.5013043286023787,0.015402351856121743,0.6650415982194903,0.637557430981865,0.6019448737764039,0.6731699881873261,0.035858970251856324,0.788969943893751,0.7904029783035957,0.7205659049664828,0.8602400516407088,0.12344694040372918,0.9002132266649036,0.8580931458250524,0.7703832028272469,0.9458030888228578,0.30020425195018785,0.9549442512594783,0.5653049620338693,0.4495773826872632,0.6810325413804752,0.018274122032888442,0.7469572790817124,0.6907463163145666,0.5775630703166935,0.8039295623124398,0.04569734390845595,0.8453789617510739,0.8093071423353806,0.7042250633093082,0.9143892213614528,0.16557467030960188,0.928882864008873,0.8562662311753009,0.7510820134859651,0.9614504488646365,0.3752595999436828,0.9654663537559078,0.46539296225762783,0.4423420207068904,0.4884439038083653,0.012262054639947274,0.636103437947216,0.619663665977729,0.5737245091350163,0.6656028228204417,0.029852208104374583,0.7693916609706083,0.7819055121774755,0.7051834631170728,0.8586275612378782,0.11071108653467487,0.8943517381960802,0.847562981552725,0.7496925066229343,0.9454334564825156,0.2762951430477819,0.9530969595368038,0.48591029335485736,0.4614445850659917,0.510376001643723,0.014097261473103426,0.6550775822139879,0.6345379673895797,0.588931608994524,0.6801443257846355,0.03282192127423834,0.7806582366618176,0.7832379959180076,0.7045982727300405,0.8618777191059745,0.11435089301564436,0.8961014396551109,0.8494850496900461,0.7527107026016513,0.9462593967784408,0.2805768842293417,0.9538127229912425
semseg-ptv3-pheno4d-tomato,1,Tomato01,T01_0319_a,2476596,0.9575929953599926,0.922502477346328,0.9926835133736572,0.9938738494288127,0.6139198184799364,0.5564124725749617,0.6714271643849109,0.01157839227714169,0.7673234524847428,0.7570982578149763,0.6989856593214411,0.8152108563085115,0.026873983483781772,0.8706953542881183,0.8894257653229337,0.8484278838094782,0.9304236468363892,0.10207680219139496,0.9499254360114397,0.9291008935107776,0.8848156035560965,0.9733861834654587,0.24906847947747635,0.9779035798470272,0.6044717225175023,0.5375162806500935,0.6714271643849109,0.013651398936281896,0.7584371025466592,0.7566743793113739,0.6981379023142364,0.8152108563085115,0.03136442116517995,0.8693564375555184,0.8878752806628114,0.8453269144892336,0.9304236468363892,0.11396489374932367,0.9496855568743467,0.9291296361042436,0.8848730887430284,0.9733861834654587,0.27465601979491205,0.977695189146913,0.677986931453762,0.5564124725749617,0.7995613903325622,0.016819860808949056,0.8398309967351641,0.7864252409540109,0.694322840664304,0.8785276412437178,0.03731411986452372,0.9047959139505692,0.8896586586363372,0.8388857318747929,0.9404315853978815,0.12085903393205835,0.9545334576154537,0.9308333149023105,0.8848156035560965,0.9768510262485245,0.28002023745495835,0.9803459856351218,0.60255873934082,0.5438522870331515,0.6612651916484886,0.010914174132559368,0.7587125416204218,0.7519454550917595,0.6916842334811368,0.812206676702382,0.025923889080011434,0.8678722178091366,0.8880438934420851,0.8464101161164812,0.9296776707676891,0.10063934529491286,0.9493185365286086,0.9289831865141207,0.8847747062304506,0.9731916667977908,0.2475510741356281,0.9777681361770981,0.6311264347439096,0.5755647073505553,0.6866881621372639,0.012490531358364464,0.7801124975754833,0.7671820633049367,0.7117138103161398,0.8226503162937335,0.028359086423461882,0.8766551812512459,0.8913055332651207,0.8506559388419612,0.9319551276882804,0.10423339131614523,0.9509614788645098,0.929424124344689,0.8851446435944755,0.9737036050949024,0.2517015290342066,0.9781347304860891
semseg-ptv3-pheno4d-tomato,1,Tomato01,T01_0321_a,1672545,0.9650955326218288,0.9369743447106661,0.9932167205329915,0.9943074775267631,0.6192548739962533,0.5570532915360502,0.6814564564564565,0.011319874801574845,0.7758939417947499,0.7286225955028629,0.654065540767252,0.8031796502384738,0.026489571282088075,0.8602866493623744,0.8806457875752904,0.8269046504891147,0.9343869246614662,0.09649067738087765,0.9518418688230009,0.9221564064391337,0.8734720017820845,0.9708408110961828,0.22941146576026356,0.9763044662380344,0.6175164146610848,0.5535763728657129,0.6814564564564565,0.013172739746912639,0.7802741466957154,0.7335444516300353,0.663909253021597,0.8031796502384738,0.03022878308206954,0.8657212365750905,0.8830658078905786,0.8317446911196911,0.9343869246614662,0.1056569479445994,0.9526302089227914,0.924735685469517,0.8786305598428511,0.9708408110961828,0.24276297498722008,0.9765560349923159,0.6802780869582291,0.5411084043848965,0.8194477695315617,0.018340313713532373,0.8524857375713122,0.7518384863040992,0.6246862148160017,0.8789907577921966,0.04242516643797327,0.9009132162687787,0.8808995324951581,0.8100279402776565,0.9517711247126596,0.13360955908510683,0.9610369269873091,0.9257178845852692,0.8734476805702511,0.9779880886002872,0.28885321471171177,0.9811765192912734,0.615412475668055,0.5564697926059513,0.6743551587301587,0.010352486779130008,0.7725093849263645,0.7192887617995871,0.6425664917143362,0.7960110318848379,0.024984081145798767,0.8548591667264939,0.8774829220219875,0.8220740842553776,0.9328917597885974,0.09417265305268319,0.950662823475633,0.921341460456121,0.8722231595523311,0.9704597613599107,0.22663246728787567,0.976013908345271,0.627830334530335,0.5619400077911959,0.6937206612694741,0.012406841071540676,0.7830466001638475,0.7372578899379845,0.6628838097258313,0.8116319701501377,0.02835678561712839,0.8658809142278823,0.8796540868868123,0.8244692492886846,0.93483892448494,0.09962960637830372,0.9518468509016713,0.9224417067009565,0.873526587528007,0.9713568258739058,0.23272497899907027,0.9766418407010531
semseg-ptv3-pheno4d-tomato,1,Tomato01,T01_0324_a,2932759,0.9665808786800685,0.9375077839294408,0.9956539734306962,0.9959546624867573,0.5597371946311906,0.5199154035953472,0.5995589856670341,0.006650734001668736,0.7206870033324788,0.7324497445075213,0.6662807267545422,0.7986187622605003,0.017790415100592993,0.856367992333493,0.8892180306462192,0.8325964664797261,0.9458395948127122,0.07776568071225765,0.9573329007138222,0.9286514052813186,0.8765398270151779,0.9807629835474595,0.20877133102310827,0.9830746264756417,0.5659454629676403,0.5435339308578745,0.588356995077406,0.007458164820225596,0.7245005257623555,0.7403488985142845,0.6888976689055709,0.791800128122998,0.020225323662803524,0.8566154157394295,0.8932700929858397,0.8434240257529328,0.9431161602187464,0.08518190550263421,0.9564843205853861,0.9333388568191501,0.8871223497537463,0.979555363884554,0.22554188734907982,0.9825023433011822,0.6876545317378591,0.5152838427947598,0.8600252206809584,0.015531450078236909,0.8781558726673985,0.793000563507295,0.6610701188530023,0.9249310081615877,0.03994463916059929,0.9345187284460682,0.8982280284182098,0.8249326926353815,0.9715233642010382,0.13952697783895643,0.9748924117605371,0.930818293383745,0.8753065213528402,0.98633006541465,0.2877495218666109,0.9875269581703994,0.5496523456369088,0.5096144647469626,0.589690226526855,0.006076189690322321,0.7123456790123457,0.7233266960268896,0.6554317679687868,0.7912216240849924,0.016725547513450643,0.8505667454945772,0.8875543323133477,0.8304030533811602,0.9447056112455352,0.07521074864999136,0.9564864558540179,0.9283667247316691,0.8763171098845961,0.9804163395787423,0.20527019097034568,0.9828025541188822,0.572994905304028,0.5279418808877535,0.6180479297203023,0.007533520483612871,0.7323707793971214,0.7453549151432582,0.6830165790537809,0.8076932512327356,0.019658621796063026,0.8640337183890103,0.8904200118522413,0.8334094870623276,0.9474305366421549,0.08064215300336645,0.9583770253357237,0.9291982499162013,0.8773769095147377,0.981019590317665,0.21145003731980705,0.9832890416878987
semseg-ptv3-pheno4d-tomato,1,Tomato01,T01_0325_a,3011661,0.975026539048721,0.9579513075859735,0.9921017705114686,0.9932495722460131,0.5633816011816508,0.49222294232015557,0.6345402600431461,0.00771235540786297,0.730141645498773,0.7391748124565463,0.6838322920804594,0.7945173328326331,0.020434902865893605,0.8577417415465609,0.8947255817464896,0.853041224588969,0.9364099389040104,0.07783113703700384,0.9535539524148787,0.9428845444114091,0.9083582382048895,0.9774108506179289,0.2015618623742845,0.981511804901192,0.5455754139198621,0.5010767060221282,0.5900741218175959,0.00940676922136987,0.7146840804800565,0.7027937240284389,0.6928469384364929,0.7127405096203848,0.02526778412311346,0.8120844174616941,0.8837017301636779,0.8640025820024864,0.9034008783248695,0.0909737184895644,0.93454679504493,0.9408953547049337,0.9166459194343475,0.9651447899755199,0.22760828659002458,0.973341269389726,0.6360833184038618,0.49102957814772913,0.7811370586599944,0.011572351602653817,0.8192930104441639,0.7795926563559943,0.6814044681080692,0.8777808446039194,0.030349033307533618,0.9031082810910165,0.9060465708317053,0.8530531260123096,0.9590400156511009,0.10924104671807351,0.9669085128435821,0.9453127394576699,0.9083582382048895,0.9822672407104505,0.24664462567334106,0.9848911565541659,0.5505098386927563,0.4776711001497402,0.6233485772357723,0.007028347480011861,0.7198469315443852,0.7214549245886572,0.6592510490064128,0.7836588001709015,0.018741485180436973,0.8474921602324469,0.890997950532198,0.8473068640835456,0.9346890369808504,0.07514623989884651,0.9520623909153172,0.9421663669689713,0.9073948775496733,0.9769378563882694,0.19776262999056002,0.981156626829686,0.5817397069310517,0.5147630707187095,0.6487163431433939,0.008738699342323056,0.7439775058895053,0.7559532663230575,0.7065624384155554,0.8053440942305595,0.02236871945414839,0.8673831401131118,0.8985487732108975,0.8584732373379919,0.9386243090838032,0.08167187475615616,0.9552055551941716,0.9432114068567072,0.9085712889909378,0.9778515247224766,0.2049536783854491,0.981808048913651
semseg-ptv3-pheno4d-tomato,1,Tomato02,T02_0305_a,1518307,0.9650762643813999,0.9454617050600512,0.9846908237027487,0.9994882457895538,0.8454238350630354,0.8316326530612245,0.8592150170648464,0.0013086944866881336,0.9169602415702064,0.9206541604750058,0.8990208078335373,0.9422875131164743,0.0028505434013015815,0.9618761552680222,0.9562778749432852,0.9265033407572383,0.9860524091293322,0.009161520035144408,0.988138030194105,0.9768877571805868,0.9589450111968151,0.9948305031643586,0.02356045253035124,0.9953874538745388,0.8204664525828567,0.7817178881008668,0.8592150170648464,0.001829669493718991,0.900287976961843,0.911135091046972,0.8799826689774697,0.9422875131164743,0.00485935980009313,0.9624559501219843,0.9630996704246488,0.9401469317199654,0.9860524091293322,0.028126064096391575,0.9935134881978269,0.9701461041122049,0.9454617050600512,0.9948305031643586,0.09465674596771272,0.9980726144254721,0.8454238350630354,0.8316326530612245,0.8592150170648464,0.0013086944866881336,0.9169602415702064,0.9206541604750058,0.8990208078335373,0.9422875131164743,0.0028505434013015815,0.9618761552680222,0.9562778749432852,0.9265033407572383,0.9860524091293322,0.009161520035144408,0.988138030194105,0.9768877571805868,0.9589450111968151,0.9948305031643586,0.02356045253035124,0.9953874538745388,0.8408781830848131,0.8309426229508197,0.8508137432188065,0.0012625905037650488,0.9139280125195618,0.91975194733643,0.8988350705088902,0.9406688241639698,0.0027971945067762974,0.961149046385684,0.9562003883273371,0.9265033407572383,0.985897435897436,0.009075898352572965,0.9880261248185777,0.9768629848013175,0.9589450111968151,0.99478095840582,0.02336088814712703,0.9953480504102173,0.8544401939182966,0.8383937316356513,0.8704866562009419,0.001402878337516721,0.9225352112676056,0.9227845779388337,0.9000605693519079,0.9455085865257595,0.0029730482702114923,0.963447053610988,0.9564136594021744,0.9266014234875445,0.9862258953168044,0.009261631540920249,0.9882662494666477,0.9768956690166983,0.9589450111968151,0.9948463268365817,0.02362499810644356,0.9954000557568999
semseg-ptv3-pheno4d-tomato,1,Tomato02,T02_0307_a,2660027,0.9588493465431527,0.9324632178452776,0.9852354752410277,0.9994650430239994,0.6235617047851061,0.7407881269191402,0.5063352826510721,0.0018597555588721467,0.7952294319789771,0.7926385028011802,0.837160751565762,0.7481162540365985,0.004007478119582996,0.8902439024390244,0.9106212116126378,0.8868143561961884,0.934428067029087,0.010154032271101008,0.9566827101073676,0.9512381456319359,0.9257519989846428,0.976724292279229,0.02438133146768811,0.9819597563796161,0.6478081206863882,0.7892809587217043,0.5063352826510721,0.0032116215361723773,0.8518084981856491,0.8048797118505793,0.86164316966456,0.7481162540365985,0.0077890186828930685,0.9313190791061344,0.9236759108857343,0.9129237547423816,0.934428067029087,0.03595940943456589,0.9851233102986838,0.9545937550622533,0.9324632178452776,0.976724292279229,0.1041049583331297,0.9948613689053235,0.6235617047851061,0.7407881269191402,0.5063352826510721,0.0018597555588721467,0.7952294319789771,0.7926385028011802,0.837160751565762,0.7481162540365985,0.004007478119582996,0.8902439024390244,0.9106212116126378,0.8868143561961884,0.934428067029087,0.010154032271101008,0.9566827101073676,0.9512381456319359,0.9257519989846428,0.976724292279229,0.02438133146768811,0.9819597563796161,0.6074485381645036,0.7322097378277154,0.482687338501292,0.00175637314959585,0.7857448630136986,0.7855248479275656,0.8353967360720315,0.7356529597830999,0.003896201053598328,0.8871092242377461,0.9096233943143104,0.8868143561961884,0.9324324324324325,0.00995591398132425,0.9558207151757732,0.9510127613352806,0.9257519989846428,0.9762735236859182,0.02402231255547406,0.9816901408450704,0.631762523918729,0.7446965959546127,0.5188284518828452,0.0019435892943943803,0.7998065764023211,0.7974557826824074,0.8385093167701864,0.7564022485946283,0.00408943217493657,0.8924434638720353,0.9109612546371957,0.8868143561961884,0.9351081530782029,0.01022433230940889,0.9569805493252932,0.9512978021285878,0.9257519989846428,0.976843605272533,0.024478698900424693,0.9820315139601314
semseg-ptv3-pheno4d-tomato,1,Tomato02,T02_0309_a,2530683,0.8588178812386966,0.753199268738574,0.9644364937388193,0.9962085334275371,0.6495983743768943,0.7048453712098318,0.5943513775439568,0.005619036441940772,0.7939521800281294,0.7659245050268495,0.7845590839334199,0.747289926120279,0.010975297972918774,0.8682268226822683,0.7427041218035672,0.6583136682024198,0.8270945754047145,0.027814625537848872,0.8702656627361841,0.8130554108399525,0.6982019452265165,0.9279088764533885,0.060382908487550596,0.9382043060009162,0.6560584726547622,0.7177655677655678,0.5943513775439568,0.006984675678463087,0.8256392849060874,0.7738339791265052,0.8003780321327313,0.747289926120279,0.016540989132182892,0.9089345437171524,0.7684188097204474,0.7097430440361804,0.8270945754047145,0.06094560243222877,0.9398057497049938,0.8405540725959812,0.753199268738574,0.9279088764533885,0.15998487364873434,0.976301093434699,0.6495983743768943,0.7048453712098318,0.5943513775439568,0.005619036441940772,0.7939521800281294,0.7659245050268495,0.7845590839334199,0.747289926120279,0.010975297972918774,0.8682268226822683,0.7427041218035672,0.6583136682024198,0.8270945754047145,0.027814625537848872,0.8702656627361841,0.8130554108399525,0.6982019452265165,0.9279088764533885,0.060382908487550596,0.9382043060009162,0.63134248196848,0.6739741427768409,0.5887108211601191,0.005155130057774917,0.7777096428023915,0.7648566432558943,0.7813243820567592,0.7483889044550294,0.010699878254210425,0.867346185094911,0.7431647190775866,0.659486640648454,0.8268427975067193,0.027674347201921377,0.8702934247162133,0.8125642423808478,0.6975730178577154,0.9275554669039802,0.0601047227171479,0.937918293821414,0.6546813483150078,0.7062651772705196,0.603097519359496,0.00588378710411379,0.796910678307589,0.7653035976598124,0.7813923607055251,0.7492148346140995,0.011200138460644814,0.8675910245554614,0.7424768444594305,0.6563934181560389,0.8285602707628221,0.02820029217408897,0.8708208390550122,0.8133559481286099,0.6982405630198336,0.9284713332373861,0.06079149383782955,0.9386196406749695
semseg-ptv3-pheno4d-tomato,1,Tomato02,T02_0311_a,2801320,0.9732262210246858,0.9517081260364842,0.9947443160128873,0.9992203675410164,0.6123268853304986,0.528234649122807,0.6964191215381902,0.0027115788271243556,0.7734333859926277,0.8067775119812123,0.7656271278768896,0.847927896085535,0.006046792226521783,0.8984001416848693,0.9413333342159425,0.9218828015069674,0.9607838669249174,0.022915982465409164,0.9731910584936522,0.9654583550747946,0.9443600271572209,0.9865566829923683,0.05612675453000728,0.9890541821165306,0.6502041210592129,0.6039891205802357,0.6964191215381902,0.0043925720731655075,0.8225111743193824,0.8259827905730501,0.8040376850605653,0.847927896085535,0.012776476803792498,0.9389790729513006,0.9437500973440773,0.9267163277632373,0.9607838669249174,0.046493081832850225,0.9832312157368591,0.9683012143232657,0.9500457456541629,0.9865566829923683,0.11335191980923279,0.9931220180452549,0.6123268853304986,0.528234649122807,0.6964191215381902,0.0027115788271243556,0.7734333859926277,0.8067775119812123,0.7656271278768896,0.847927896085535,0.006046792226521783,0.8984001416848693,0.9413333342159425,0.9218828015069674,0.9607838669249174,0.022915982465409164,0.9731910584936522,0.9654583550747946,0.9443600271572209,0.9865566829923683,0.05612675453000728,0.9890541821165306,0.5964530704706718,0.5099658314350797,0.6829403095062638,0.0025769994145617065,0.7616013298240754,0.8017586235078158,0.7593343588309327,0.844182888184699,0.005881156026444676,0.8955386949924128,0.9398645759070607,0.9200241646916678,0.9597049871224538,0.022313766367283994,0.972467524156908,0.9653439424795629,0.9442663298681953,0.9864215550909307,0.055653406251338654,0.9889610847770729,0.6298842075680007,0.5524057217165149,0.7073626934194864,0.0028575814258992188,0.7850093691442849,0.8110982418019006,0.7709303873286304,0.8512660962751707,0.006198149443833621,0.900881184127167,0.9433136079801578,0.9253135442433711,0.9613136717169447,0.023491782445418587,0.9738481643569171,0.9655579799112056,0.9444713322363114,0.9866446275860998,0.056449816515071465,0.9891168249712269
semseg-ptv3-pheno4d-tomato,1,Tomato02,T02_0313_a,3583327,0.7648045918666666,0.6345616210875917,0.8950475626457416,0.995138596058914,0.5732256334229797,0.5100200400801603,0.6364312267657992,0.0010347925266100471,0.7362459546925566,0.716734681842307,0.6683870967741935,0.7650822669104205,0.0017994450408796072,0.8405707196029777,0.7376228474254805,0.6543054682589566,0.8209402265920042,0.005738521770410571,0.8662646500996937,0.7465515103688766,0.6539367429340511,0.839166277803702,0.01401965268589777,0.8764655532774648,0.6184755787208546,0.6005199306759099,0.6364312267657992,0.0021100502410190307,0.8170876868139135,0.7761249742394074,0.7871676815683945,0.7650822669104205,0.004948473862418919,0.9191856530566208,0.814602595824109,0.8082649650562139,0.8209402265920042,0.01900412661194471,0.9536697112984228,0.8133266756133298,0.7874870734229577,0.839166277803702,0.05547023757530362,0.9667401191338646,0.5732256334229797,0.5100200400801603,0.6364312267657992,0.0010347925266100471,0.7362459546925566,0.716734681842307,0.6683870967741935,0.7650822669104205,0.0017994450408796072,0.8405707196029777,0.7376228474254805,0.6543054682589566,0.8209402265920042,0.005738521770410571,0.8662646500996937,0.7465515103688766,0.6539367429340511,0.839166277803702,0.01401965268589777,0.8764655532774648,0.5661875812836221,0.5017994858611825,0.6305756767060617,0.001004373868195674,0.7307585440400111,0.7126216676804284,0.6657971959569612,0.7594461394038958,0.0017589798530806705,0.8373790258607012,0.736350650310529,0.6536171291017357,0.8190841715193224,0.005657033254291333,0.865127522075872,0.7456482579459351,0.6535863078482153,0.837710208043655,0.01387760592321047,0.8755630630630631,0.5913223267539814,0.5309352517985612,0.6517094017094017,0.0010925600705712875,0.750191570881226,0.7244233977725525,0.6776193428394296,0.7712274527056753,0.0018787009949133863,0.845513963161022,0.7373808233823782,0.6526161009680186,0.8221455457967378,0.005934708163670243,0.8666886109282422,0.7489417446932312,0.6577144423129625,0.8401690470734998,0.014311002038050113,0.8775374895185352
semseg-ptv3-pheno4d-tomato,1,Tomato02,T02_0315_a,2136519,0.9859807578651281,0.9735974188922746,0.9983640968379817,0.9993105607766652,0.7173141404646233,0.6537414965986394,0.780886784330607,0.0030741594153854937,0.845006090133983,0.8590615795873315,0.8079809628409299,0.9101421963337331,0.007530005583849243,0.9347961213326703,0.9462700026789703,0.9152049147199095,0.9773350906380313,0.026962081778818724,0.9817897751931256,0.9784945929725064,0.9637626088158077,0.9932265771292051,0.08554522566848223,0.9942605146386969,0.73117109169582,0.6814553990610329,0.780886784330607,0.0043369611971623,0.8535506151521692,0.8685782071716059,0.8270142180094787,0.9101421963337331,0.011050217667149228,0.9381591765852005,0.9511197502642106,0.92490440989039,0.9773350906380313,0.03932097023242012,0.9824663730508273,0.9786173935345484,0.9640082099398916,0.9932265771292051,0.11073152169486908,0.9937737763124525,0.7741082314547048,0.6537414965986394,0.8944749663107702,0.00541488280703331,0.9120062235283949,0.8816142015569837,0.8079809628409299,0.9552474402730375,0.013037094451301393,0.9623393408487111,0.9547229277096735,0.9238088320743754,0.9856370233449716,0.04013725129521432,0.987767334468363,0.9791607122625656,0.9638462864035844,0.994475138121547,0.10195790442303579,0.9951844285812657,0.7028753522516659,0.6361350574712644,0.7696156470320673,0.0028869389881391178,0.8357652399481194,0.8548823787319294,0.8020007550018875,0.9077640024619713,0.007311893786107215,0.9328511074126232,0.9451975152264975,0.9134059765560508,0.9769890538969443,0.026516029110904234,0.9814834427734237,0.9784175797737094,0.9636621865040875,0.9931729730433311,0.08493863148420398,0.9942195257696738,0.7317950344040334,0.6626229508196722,0.8009671179883946,0.0033657552308217244,0.8569044639132248,0.8633124314501888,0.8113309352517986,0.9152939276485789,0.007907722795818806,0.9379106244451021,0.9469871870083377,0.9159724447292534,0.9780019292874219,0.02767164719808249,0.9822567277278801,0.9786025454780867,0.9638662119802969,0.9933388789758765,0.08680615524598657,0.994343885303268
semseg-ptv3-pheno4d-tomato,1,Tomato02,T02_0317_a,2842484,0.8538290713308585,0.7286531013708736,0.9790050412908433,0.9891299300189552,0.538032612238318,0.39919328605816146,0.6768719384184745,0.012213261358727086,0.7339843299919345,0.631701962969027,0.48439748674927163,0.7790064391887825,0.028238681378681463,0.8170005481636518,0.7390621434492908,0.5742964524704373,0.9038278344281442,0.09596078641075904,0.9148724002536964,0.7900822645983695,0.6288230331153765,0.9513414960813625,0.2203512842992256,0.9550471385578235,0.5360257556309053,0.3951795728433361,0.6768719384184745,0.013275712369884932,0.7313440746237015,0.6375069919930081,0.4960075447972336,0.7790064391887825,0.03135461800312684,0.8201178120617111,0.7468828696077423,0.5899379047873405,0.9038278344281442,0.10481044044575097,0.9175421754687468,0.8013605560170476,0.6513796159527326,0.9513414960813625,0.2415067244002077,0.957024176995946,0.5507938329359481,0.39919328605816146,0.7023943798137346,0.013075535341623735,0.7515268921354965,0.6419215799984309,0.48439748674927163,0.7994456732475902,0.030621808249404393,0.8312423887318766,0.7438481984439438,0.5768333576323079,0.9108630392555797,0.10277982215555127,0.9205202806777341,0.7917836784340082,0.6288230331153765,0.9547443237526401,0.23565796676428083,0.9579669599644102,0.5299895277962755,0.3894886942350784,0.6704903613574726,0.011617303738561062,0.7277269698988553,0.6259367574561677,0.47722366148531953,0.774649853427016,0.027347911193167665,0.813098178450139,0.7376204536978672,0.5725258330109962,0.9027150743847382,0.09486069226774892,0.913929684023142,0.7899536849179446,0.6287838835565869,0.9511234862793023,0.21944046123038863,0.9548605544475725,0.5444520515151007,0.4067848977321881,0.6821192052980133,0.012940442232920221,0.7390098686893402,0.637099741760062,0.49202445605765616,0.7821750274624679,0.029087234967725414,0.820125786163522,0.7408175483478396,0.5768047897217521,0.9048303069739271,0.0971154103242094,0.9157577096819768,0.7905649375264744,0.6295750559136956,0.9515548191392532,0.22130186132973836,0.9552402284725943
semseg-ptv3-pheno4d-tomato,1,Tomato02,T02_0319_a,1542285,0.894061153127903,0.804719859953892,0.9834024463019141,0.9865770593632176,0.472121413699971,0.27511981838056,0.669123009019382,0.019015292244948242,0.7060388038326457,0.5895956487680062,0.4124911158493248,0.7667001816866875,0.04277873415095135,0.7995362020097913,0.760554971894712,0.6359364670990334,0.8851734766903905,0.1381411347448753,0.9043571317934974,0.8361465738545353,0.7208591898519158,0.9514339578571548,0.3061658513180119,0.9568462181937547,0.4700929300414124,0.27545210984594776,0.664733750236877,0.020176556213669976,0.714666752361977,0.5907821371258266,0.41644293825095724,0.7651213360006959,0.04548056941486171,0.8070398038321168,0.7722655263705556,0.6585259777190459,0.8860050750220653,0.14997682010782704,0.9104998984034206,0.8464738688073761,0.74085358113083,0.952094156483922,0.3371704970222754,0.9601894568020415,0.5092521252938669,0.27511981838056,0.7433844322071737,0.023904142230521595,0.7661594379797652,0.6169868385639022,0.4124911158493248,0.8214825612784796,0.05405875049034387,0.8413654136781251,0.774364514521109,0.6379996446971042,0.9107293843451137,0.1712874079693442,0.9228652327632545,0.8395686630277841,0.7208591898519158,0.9582781362036523,0.3507931413454712,0.9623361668542743,0.4617247707285078,0.2625371387413343,0.6609124027156814,0.017553175969421995,0.6974364657210402,0.5778422412351764,0.39507892293407615,0.7606055595362766,0.04080892960769248,0.7929741495733965,0.7566429800034916,0.6309116267275263,0.8823743332794569,0.13490891761250354,0.9020656708383797,0.8351315002623902,0.72,0.9502630005247806,0.29961582975909123,0.9559028160997894,0.47948128400785583,0.282987876417677,0.6759746915980347,0.020689431590140604,0.7127142812372684,0.5970124606703611,0.423756696334416,0.7702682250063062,0.045070139435966765,0.8034699543957071,0.7669313175477956,0.645980645945899,0.8878819891496924,0.14195041772435055,0.9069237374844697,0.8436387478748517,0.7352054474101412,0.9520720483395624,0.31235212687667974,0.9577008984173905
semseg-ptv3-pheno4d-tomato,1,Tomato02,T02_0321_a,1774166,0.9633212544750863,0.9329348241294225,0.9937076848207501,0.993817376727995,0.5858240090838484,0.4840133779264214,0.6876346402412753,0.009080886455946062,0.7198808267643225,0.7599516600488159,0.6620963025537722,0.8578070175438597,0.025783382163788508,0.864069604756908,0.8991633435697439,0.8376643143766431,0.9606623727628447,0.10178190766816633,0.9588986476757966,0.938394875780862,0.8937083615376394,0.9830813900240846,0.25688689784383195,0.9815012287168685,0.600632720142892,0.5136308000445088,0.6876346402412753,0.010537909079533708,0.7311189559264014,0.7723905593674931,0.6869741011911267,0.8578070175438597,0.028904285168355158,0.868430802831458,0.9023243554470481,0.8439863381312516,0.9606623727628447,0.110363968196888,0.9593930665359237,0.9395444090324694,0.8960074280408542,0.9830813900240846,0.2760034855813943,0.9817021867520564,0.671762795755913,0.47183098591549294,0.8716946055963332,0.02012494884920577,0.8630163842599076,0.79373195774408,0.6520570733892124,0.9354068420989476,0.05348033949472597,0.9289862251404362,0.9065553125803677,0.8359062163431001,0.9772044088176353,0.17095130895305174,0.9744177305338679,0.9413036071152203,0.8937216136788673,0.9888856005515734,0.3758058716038973,0.9873549288930351,0.5680047769211877,0.4662152215515972,0.6697943322907781,0.008173981465094021,0.7056957661012274,0.74980293622853,0.6519883476729219,0.8476175247841381,0.023808369679049198,0.8553267045454546,0.8963052531078891,0.8339815471965933,0.9586289590191849,0.0968832679692881,0.9569659136525741,0.9381971973755296,0.8935718617343845,0.9828225330166749,0.25341484393230396,0.9812477758007118,0.6019796349920605,0.49676491732566497,0.707194352658456,0.01039699780065676,0.7352813618128592,0.7717665137856118,0.6745455673428873,0.8689874602283362,0.027983289049615424,0.8736479545591879,0.90208432426119,0.8425457065188423,0.9616229420035377,0.1056992412209455,0.9600059724414487,0.9386801644930047,0.8939086835929165,0.983451645393093,0.26204143242515077,0.9818651122272292
semseg-ptv3-pheno4d-tomato,1,Tomato02,T02_0324_a,3311762,0.9788510695673549,0.9612233582642209,0.9964787808704888,0.9969091981851352,0.6470380319966107,0.6127406327807129,0.6813354312125086,0.00918785830624302,0.7870053897725778,0.7876380880068874,0.7405567819475104,0.8347193940662645,0.023160480735028664,0.8867565382910485,0.9206187176633277,0.880866907770942,0.9603705275557134,0.08965680504818885,0.9691737223917393,0.955598708296268,0.9251915670782547,0.9860058495142814,0.2433157938281797,0.9880268650937449,0.6471605432965963,0.6129856553806842,0.6813354312125086,0.009467769724998354,0.7841492584914687,0.788846112149616,0.7429728302329676,0.8347193940662645,0.02378582760476145,0.8859507699338606,0.9221028339489874,0.8838351403422613,0.9603705275557134,0.09238375221407819,0.9691096344863427,0.9570524320515508,0.9280990145888202,0.9860058495142814,0.25061915681138924,0.9880167375308889,0.7072759636708502,0.5871741154562383,0.8273778118854621,0.015637597146171734,0.8610102726500347,0.8236595925244687,0.7349012687498099,0.9124179162991277,0.03810207376013131,0.9291754170464002,0.9279245003672167,0.880866907770942,0.9749820929634915,0.13037953814313952,0.9788019991384621,0.956265011948582,0.923308925390857,0.9892210985063071,0.3129168098432194,0.9904323626419224,0.6262368283473645,0.5865110418462762,0.6659626148484529,0.008388887848824885,0.7722986106111871,0.7789470672062551,0.7292518331062229,0.8286423013062874,0.021881403313402353,0.8817928407805039,0.918583736862074,0.8783223836654581,0.9588450900586899,0.08659921818053351,0.9680853289446156,0.9564169974559131,0.9266778429280735,0.9861561519837527,0.2391705684164502,0.988172852100051,0.6660486869185458,0.6314025582304642,0.7006948156066275,0.010192761436359256,0.8009242801279772,0.7951565479789678,0.7475559991779938,0.8427570967799419,0.024634016574862565,0.8918266284229365,0.9225762363962897,0.8834929915690011,0.9616594812235784,0.09251087487567042,0.9701247494891864,0.9561491354723055,0.9260055554683699,0.9862927154762412,0.24832219223482846,0.9882573104535107
semseg-ptv3-pheno4d-tomato,1,Tomato02,T02_0325_a,3455376,0.9568387646047862,0.9202191946382464,0.9934583345713259,0.9942330443922746,0.6461833019391907,0.5457602690367523,0.746606334841629,0.008465359486203528,0.8027417866055861,0.7788240322458397,0.6851113112855488,0.8725367532061308,0.021337764688994773,0.8976400379764004,0.8657963560343521,0.7867757528251356,0.9448169592435687,0.08296521131130158,0.9530166459696661,0.9021621927983672,0.8298934918264619,0.9744308937702726,0.22093775033455115,0.9768254296766014,0.6491652363863317,0.5517241379310345,0.746606334841629,0.008815249049596918,0.8034799737360473,0.7823862437686406,0.6922357343311506,0.8725367532061308,0.022161408772880288,0.8984930004178855,0.8703179408469015,0.7958189224502344,0.9448169592435687,0.08614576242932752,0.9539920582128963,0.9082423195909867,0.8420537454117007,0.9744308937702726,0.23056419909150264,0.9775093324095063,0.6950102664125304,0.5457602690367523,0.8442602637883085,0.012515859344974324,0.8665803408328902,0.8034844695080167,0.6848604381940574,0.9221085008219759,0.0319704715203208,0.9316013397302435,0.8745407895838633,0.78676290477979,0.9623186743879365,0.11498748616648376,0.9660982822626314,0.9045723822883807,0.8298934918264619,0.9792512727502996,0.2666022453128111,0.9807948450463575,0.6310845266294922,0.5278771485908734,0.7342919046681111,0.007657053819902668,0.7922745483407665,0.7735205847266602,0.6784930340904001,0.8685481353629203,0.020202432383624822,0.8945807727018781,0.8668174731929408,0.7886739417989418,0.9449610045869399,0.08147130731937711,0.9531923811959618,0.9017887132652495,0.8293703935164519,0.974207033014047,0.21910842698450184,0.9766359090320723,0.6566735154686241,0.5589803520560952,0.754366678881153,0.009357592343061941,0.8097049545370198,0.7869350589424492,0.6982034019838267,0.8756667159010717,0.022770025606475244,0.9009265496511141,0.8656958004592126,0.7862344709410253,0.9451571299773998,0.08601755641064822,0.9532640475333336,0.9030791459126488,0.8312568670538377,0.97490142477146,0.22491676737929533,0.9772289789132907
semseg-ptv3-pheno4d-tomato,2,Tomato01,T01_0305_a,1962709,0.9303858882359893,0.8708793243943996,0.989892452077579,0.9991119417091378,0.4757070292486987,0.417890520694259,0.5335235378031383,0.001907058050887829,0.6505476890195031,0.7402981076765578,0.7065763600611754,0.7740198552919401,0.004675680398877266,0.8536558788275035,0.8636134995931094,0.780698889614631,0.9465281095715878,0.015232517912742032,0.9550791049269157,0.9023202836322984,0.8241456069137095,0.9804949603508873,0.03828789698320026,0.9821285995635279,0.5203786670497172,0.5072337962962963,0.5335235378031383,0.0035349101675286555,0.7545402133179591,0.7570322990106233,0.7400447427293065,0.7740198552919401,0.009445618275556896,0.9059819839257781,0.8823502221131463,0.8181723346547047,0.9465281095715878,0.035712884589615676,0.9751333923017662,0.9186193056048839,0.8567436508588806,0.9804949603508873,0.10560709712952862,0.9915909222485961,0.4757070292486987,0.417890520694259,0.5335235378031383,0.001907058050887829,0.6505476890195031,0.7402981076765578,0.7065763600611754,0.7740198552919401,0.004675680398877266,0.8536558788275035,0.8636134995931094,0.780698889614631,0.9465281095715878,0.015232517912742032,0.9550791049269157,0.9023202836322984,0.8241456069137095,0.9804949603508873,0.03828789698320026,0.9821285995635279,0.4657527018413675,0.4056906837999082,0.5258147198828268,0.0018418420662461934,0.6417704011065007,0.7339202377573866,0.7007575757575758,0.7670828997571973,0.004540153430793867,0.8492873975984738,0.8629770599302643,0.7804479319928069,0.9455061878677217,0.014988976970095923,0.954349230089398,0.9018893241937755,0.8234984886318832,0.9802801597556678,0.03789150607655032,0.981941643135673,0.49042939578641104,0.4315245478036176,0.5493342437692045,0.0020028440283302315,0.6642075807682524,0.7484640629071119,0.7145589798087141,0.7823691460055097,0.004857062356161815,0.859120948284905,0.8644484862429076,0.781590502520735,0.9473064699650803,0.015434279865227092,0.9556663255537583,0.9033762206690548,0.826126359399275,0.9806260819388344,0.038569650416847324,0.9822591511340669
semseg-ptv3-pheno4d-tomato,2,Tomato01,T01_0307_a,1921834,0.8367669868245292,0.7348794063079778,0.9386545673410807,0.996282197109636,0.3996016869550006,0.22644975072159537,0.5727536231884058,0.004039370726087685,0.6202499033878656,0.5499708351899271,0.4388812585840929,0.6610604117957614,0.008728121159267658,0.7320853702158102,0.6681873711761317,0.5201014125316914,0.8162733298205719,0.022498821438271983,0.8467818404680959,0.7486729597095887,0.5918807367707756,0.9054651826484018,0.041464559374014616,0.9168632667402872,0.4638982109243108,0.3550427986602159,0.5727536231884058,0.005130515955072083,0.6484787018255578,0.5868008650462377,0.512541318296714,0.6610604117957614,0.012555194673421326,0.7922002569522152,0.7021576519951568,0.5880419741697417,0.8162733298205719,0.04511315753597865,0.9175893886966552,0.798386267985395,0.6913073533223884,0.9054651826484018,0.11480388004374988,0.9676160519230943,0.3996016869550006,0.22644975072159537,0.5727536231884058,0.004039370726087685,0.6202499033878656,0.5499708351899271,0.4388812585840929,0.6610604117957614,0.008728121159267658,0.7320853702158102,0.6681873711761317,0.5201014125316914,0.8162733298205719,0.022498821438271983,0.8467818404680959,0.7486729597095887,0.5918807367707756,0.9054651826484018,0.041464559374014616,0.9168632667402872,0.38939556133511005,0.21311475409836064,0.5656763685718594,0.003856212347164219,0.6113884765888544,0.5375780648399149,0.4215048164540484,0.6536513132257813,0.008361284065116966,0.7234426535565375,0.667060387843414,0.5198927458511486,0.8142280298356794,0.022289125907856765,0.845340367914838,0.7484218209190001,0.5918052988293284,0.9050383430086719,0.04129909242941898,0.916530175129142,0.40904993906458037,0.24206930209858468,0.5760305760305761,0.004328157374674399,0.6265929309930272,0.5639766557053474,0.45973749556580346,0.6682158158448914,0.009188618788095121,0.7412650772976952,0.6705247645683146,0.5218677829099307,0.8191817462266984,0.022827153645944447,0.8489856393891042,0.7497682007231983,0.5933337425572401,0.9062026588891563,0.04178144418300436,0.9174938042517156
semseg-ptv3-pheno4d-tomato,2,Tomato01,T01_0309_a,2177884,0.955933607625836,0.9250760945914306,0.9867911206602413,0.9980898890850017,0.49158804818072166,0.2842063333997212,0.6989697629617221,0.006137149636987094,0.7311087834804728,0.6888799936481882,0.5324644266411575,0.8452955606552188,0.013649487300517384,0.8684697413126115,0.8825823362549379,0.8230288766180863,0.9421357958917895,0.03937583452562212,0.9544055226456458,0.912018231551853,0.8526252308620105,0.9714112322416957,0.07318479772109075,0.9754686676537757,0.5690382823916882,0.4391068018216542,0.6989697629617221,0.007999507779110366,0.780851796579038,0.767029046226158,0.6887625317970971,0.8452955606552188,0.01962914461927265,0.9026900584795322,0.9096656839237545,0.8771955719557195,0.9421357958917895,0.06182514771218302,0.9691046283643278,0.9404646208189512,0.9095180093962068,0.9714112322416957,0.13702520428085244,0.9860601491161933,0.4923531666998606,0.2842063333997212,0.7005,0.006165158474923366,0.7323303790869145,0.6902685826087354,0.5324644266411575,0.8480727385763134,0.01386161981078882,0.8704826261220975,0.8826902584343657,0.8230288766180863,0.942351640250645,0.039492002328866,0.9545396412003395,0.9120279449648354,0.8526252308620105,0.9714306590676604,0.07322749971991162,0.9754829728933228,0.4844646615362638,0.2807268272764394,0.6882024957960882,0.005819410032857581,0.7220293514281205,0.6751543024133732,0.512170765197853,0.8381378396288933,0.012969928609604551,0.8616490246751868,0.8812812252437264,0.8209624982828884,0.9415999522045645,0.03897406840768379,0.9539355097135991,0.9115983026834756,0.8519275922138908,0.9712690131530605,0.07281655037642042,0.9753446079729611,0.5017166767907935,0.29148069085969336,0.7119526627218935,0.006509529433156219,0.7424701982083657,0.6999497616246857,0.5472965149936321,0.8526030082557394,0.014350626571479473,0.8748960133102963,0.8830305146767126,0.8230689171455722,0.9429921122078528,0.039844179028818795,0.9549414584677791,0.9121522315944962,0.8526696559779946,0.9716348072109978,0.07368344686861192,0.9756346822538231
semseg-ptv3-pheno4d-tomato,2,Tomato01,T01_0311_a,2080173,0.9257794768691434,0.8631302419743565,0.9884287117639304,0.9972699386060678,0.5083680801505602,0.3794795539033457,0.6372566063977747,0.006757130296374388,0.7031161070005691,0.632054814656074,0.4645288820557874,0.7995807472563607,0.013729146566175025,0.8292657305928078,0.7592167674746272,0.5829565483945129,0.9354769865547414,0.0442025735359511,0.9408150170203048,0.8426859652079728,0.7115445775469098,0.9738273528690358,0.10640989956123842,0.9754146129902281,0.5279167621892147,0.41857691798065455,0.6372566063977747,0.007336889768302925,0.7124885336128948,0.6970705258762178,0.5945603044960749,0.7995807472563607,0.01670918716856723,0.8528971747511365,0.8346161304081724,0.7337552742616034,0.9354769865547414,0.058924906726507846,0.9536688041509619,0.8982873148127444,0.8227472767564531,0.9738273528690358,0.1522229160747688,0.982065371861677,0.5607969451958005,0.36384374108925005,0.7577501493023509,0.010081373039646221,0.7872299842639836,0.660540079407485,0.45542635658914726,0.8656538022258228,0.02013246013672901,0.8792234771603906,0.766793524129217,0.5829565483945129,0.9506304998639209,0.056647692283286054,0.9538175615468826,0.8440553554148591,0.7115445775469098,0.9765661332828083,0.11809210099352313,0.9778467099799717,0.5040867759687598,0.3715170278637771,0.6366565240737426,0.006525418799301789,0.7008987770738176,0.6294997640179483,0.4623608017817372,0.7966387262541594,0.013408980887647326,0.826909977413688,0.7565369715463814,0.5791834209712341,0.9338905221215287,0.04317333221804148,0.939404061998931,0.8419418740671619,0.7102544989883931,0.9736292491459307,0.1056186192206129,0.975230422612139,0.514035357079348,0.3842499280161244,0.6438207861425717,0.007055663158785351,0.70859167404783,0.6349483392071694,0.4650505489727144,0.8048461294416244,0.014178628412156105,0.8331525055943582,0.7615964022135214,0.586568411456355,0.9366243929706879,0.04499145023034142,0.9418527620472272,0.8427799428456791,0.7115445775469098,0.9740153081444485,0.10713291634878445,0.9755805344282157
semseg-ptv3-pheno4d-tomato,2,Tomato01,T01_0313_a,1924288,0.9419570857008965,0.8951635598558046,0.9887506115459883,0.9959346002261615,0.4803990295992723,0.2968921892189219,0.6639058699796226,0.00902775468121196,0.7056758001381533,0.6972041967493046,0.5877304882291546,0.8066779052694546,0.024379926497488942,0.8484460928507481,0.8612362056329522,0.7895084984613615,0.9329639128045429,0.07100392456846376,0.9464327536741027,0.9133619225000504,0.8557283190525676,0.9709955259475334,0.1545132537333289,0.975252919334876,0.5110202805116812,0.35813469104373985,0.6639058699796226,0.010564426946486181,0.7271385705150278,0.7132129549438484,0.6197480046182421,0.8066779052694546,0.02757279575614461,0.8572317086961438,0.8697526592554378,0.8065414057063326,0.9329639128045429,0.08416931353310939,0.9519405307286715,0.9202593421054777,0.8695231582634221,0.9709955259475334,0.1900240504539861,0.9786058671829919,0.5432335967279353,0.28013494226028285,0.8063322511955877,0.01600903814813583,0.8199052132701422,0.7389922777329516,0.5877304882291546,0.8902540672367487,0.038934920344563806,0.9051013053575718,0.8727847705667997,0.7895084984613615,0.9560610426722378,0.10082898194033325,0.9622778625324702,0.9171874245931331,0.8557283190525676,0.9786465301336986,0.20174942628130507,0.9810470243982855,0.4608703932954004,0.2655656240865244,0.6561751625042764,0.008539262314165031,0.6941942551119766,0.6781329395920448,0.5618836291913215,0.7943822499927681,0.02270190324940965,0.8372896875357674,0.8596711899222669,0.7879964081916404,0.9313459716528933,0.06953792779459207,0.9453034503889814,0.913144871090265,0.8554704380278924,0.9708193041526375,0.15366982489107658,0.9751170930488156,0.5016213402465552,0.32678479712378017,0.6764578833693304,0.009743863704393521,0.7203733333333333,0.7061017916578057,0.5988716502115656,0.8133319331040458,0.02531014068580171,0.8540160972404731,0.8631069614007636,0.79222215918761,0.9339917636139171,0.0721825423221472,0.947264218862491,0.9139560542849493,0.8566837420385267,0.9712283665313719,0.15575683057837497,0.9754505023004728
semseg-ptv3-pheno4d-tomato,2,Tomato01,T01_0315_a,2438364,0.953430276318423,0.9146909035420681,0.9921696490947781,0.9963315567323008,0.5417916112596571,0.4313342025206432,0.6522490199986711,0.007800722123522165,0.7248304505546501,0.6950617573376643,0.5915531187231964,0.7985703959521323,0.0197878577603672,0.8440621761658031,0.8857823824817583,0.8239816186733664,0.9475831462901504,0.07987035569750865,0.9579107895642173,0.9235065959902289,0.8680273409492854,0.9789858510311724,0.18399344806599835,0.9815376591187203,0.5516530561481667,0.4510570922976623,0.6522490199986711,0.00974423834997564,0.7519360269360269,0.7043804360713042,0.6101904761904762,0.7985703959521323,0.023629777998690926,0.8579263424624249,0.8908933641730916,0.8342035820560328,0.9475831462901504,0.09110083646248059,0.9601192057153919,0.9298198101053127,0.8806537691794529,0.9789858510311724,0.21227019427780267,0.9827180481923986,0.6079982129199941,0.4313342025206432,0.784662223319345,0.011596299814137677,0.8148960248974395,0.7328878933636043,0.5915531187231964,0.874222668004012,0.02900182253346916,0.8936040838836489,0.893108324413646,0.8239816186733664,0.9622350301539255,0.10475261281744645,0.9679083879808162,0.9256158214919554,0.8680273409492854,0.9832043020346255,0.22459403107985518,0.9848751556673886,0.5311648520754835,0.4252416145537237,0.6370880895972432,0.007246251995190218,0.713905710566529,0.6892182050331681,0.5849098722026899,0.7935265378636465,0.019072213992660653,0.8400602085797226,0.8849773687207512,0.8230468665673639,0.9469078708741385,0.07895375751938595,0.9574221631224094,0.9232525311533625,0.8676414189837008,0.9788636433230241,0.18298375468141753,0.9814357850289457,0.5587873925775826,0.45499050854231193,0.6625842766128534,0.008497910894353755,0.7367405048018918,0.7059036791766522,0.608254293770828,0.8035530645824763,0.020817236474947955,0.8494680851063829,0.887294996162802,0.8262518807349171,0.9483381115906871,0.08107690238208898,0.9585270239510357,0.9241011667533379,0.8690931504251351,0.9791091830815405,0.18515734320224544,0.9816537130023191
semseg-ptv3-pheno4d-tomato,2,Tomato01,T01_0317_a,2450405,0.9087702601617467,0.8346010034834297,0.9829395168400635,0.9873257685974359,0.4694964199866889,0.4337146535928292,0.5052781863805486,0.013006829483289496,0.6412211345381527,0.6184075829400381,0.5641970085363729,0.6726181573437032,0.031079760284524395,0.7700701173875364,0.7836439811308771,0.7038315137825741,0.86345644847918,0.11211493610239939,0.8969085674141967,0.8562060413385244,0.7624920246488827,0.9499200580281661,0.27820380712576087,0.9568556809913864,0.4665558291706622,0.42783347196077576,0.5052781863805486,0.015402351856121743,0.6537014466641937,0.6278152063629202,0.5830122553821372,0.6726181573437032,0.035858970251856324,0.7819936496375286,0.790578186087112,0.717699923695044,0.86345644847918,0.12344694040372918,0.9009338997338799,0.8645210899790234,0.7791221219298807,0.9499200580281661,0.30020425195018785,0.9577813061599572,0.5568516661156517,0.43260064213386024,0.6811026900974432,0.018274122032888442,0.7434735032046271,0.6820456343655357,0.5619592969931335,0.8021319717379377,0.04569734390845595,0.8421908070407316,0.8097927863418328,0.703434292761439,0.9161512799222266,0.16557467030960188,0.9300610019101608,0.8634233013963054,0.7624920246488827,0.9643545781437282,0.3752595999436828,0.9680143724348531,0.46026325399096535,0.426665974673033,0.4938605333088976,0.012262054639947274,0.6323426631610477,0.6111168398528004,0.5574464808255044,0.6647871988800964,0.029852208104374583,0.7643062200956938,0.7827954950509729,0.7039730865569028,0.861617903545043,0.11071108653467487,0.8958814834474191,0.8553527257623152,0.7611261382004857,0.9495793133241447,0.2762951430477819,0.956557637345189,0.4803391136169842,0.446494973144195,0.5141832540897735,0.014097261473103426,0.6509668828161186,0.6272472112232383,0.5747338537970191,0.6797605686494576,0.03282192127423834,0.7764929687791413,0.7850507120991643,0.7045807533806872,0.8655206708176415,0.11435089301564436,0.8981784829732411,0.8572165818585764,0.7640924441877441,0.9503407195294086,0.2805768842293417,0.957220589155044
semseg-ptv3-pheno4d-tomato,2,Tomato01,T01_0319_a,2476596,0.9624559991081396,0.9312765858952664,0.9936354123210127,0.994605095057894,0.5991395445980878,0.5345289079229122,0.6637501812732634,0.01157839227714169,0.7574193548387097,0.763946425740051,0.7076216197257199,0.8202712317543822,0.026873983483781772,0.8747520884668549,0.8961581651951691,0.857548452293589,0.9347678780967491,0.10207680219139496,0.9531611571065217,0.937750212264808,0.8986655724531754,0.9768348520764407,0.24906847947747635,0.9807827612257272,0.5914444686270623,0.5191387559808612,0.6637501812732634,0.013651398936281896,0.750303173711142,0.7633784964497272,0.7064857611450723,0.8202712317543822,0.03136442116517995,0.8732829537700992,0.8943754283169767,0.8539829785372044,0.9347678780967491,0.11396489374932367,0.952707753901752,0.9371975959403887,0.8975603398043365,0.9768348520764407,0.27465601979491205,0.980357594397041,0.6639616144699508,0.5345289079229122,0.7933943210169895,0.016819860808949056,0.8330132513923565,0.7961118467276245,0.7076216197257199,0.8846020737295291,0.03731411986452372,0.9097952646842401,0.9028113341599677,0.857548452293589,0.9480742160263466,0.12085903393205835,0.9604401992523027,0.9392592273216771,0.8986655724531754,0.979852882190179,0.28002023745495835,0.9829069195685057,0.5873062135909384,0.5207584408261084,0.6538539863557683,0.010914174132559368,0.7484646688864225,0.7586152128736292,0.7000911244760343,0.8171393012712241,0.025923889080011434,0.8718439948289021,0.8947973682176799,0.8555687218265554,0.9340260146088043,0.10063934529491286,0.9525643648969079,0.9376472883295435,0.8986291763941268,0.9766654002649601,0.2475510741356281,0.9806649659752986,0.6195536499428715,0.5582417582417583,0.6808655416439847,0.012490531358364464,0.7725803323204241,0.7743627288369668,0.7207967702112041,0.8279286874627295,0.028359086423461882,0.8808554261468804,0.8979296249768773,0.8596522419372045,0.9362070080165503,0.10423339131614523,0.9541302528821123,0.9380348769408274,0.8989583866073407,0.9771113672743141,0.2517015290342066,0.9809837927499707
semseg-ptv3-pheno4d-tomato,2,Tomato01,T01_0321_a,1672545,0.9735048636670347,0.9519882793335888,0.9950214480004806,0.9956939873067691,0.6611431129985267,0.5865650969529086,0.7357211290441448,0.011319874801574845,0.8105952569587492,0.7873625377822563,0.7225938648827819,0.8521312106817307,0.026489571282088075,0.8960162509874732,0.9075586333249854,0.8646089010327421,0.9505083656172286,0.09649067738087765,0.9637450816370791,0.9416793710274436,0.9045820166618788,0.9787767253930084,0.22941146576026356,0.9826766153854173,0.6539427784398585,0.5721644278355722,0.7357211290441448,0.013172739746912639,0.8075526506899056,0.7867513135704239,0.7213714164591172,0.8521312106817307,0.03022878308206954,0.8959235744377856,0.9075377129800405,0.8645670603428524,0.9505083656172286,0.1056569479445994,0.9631838656375201,0.9425437152454621,0.9063107050979157,0.9787767253930084,0.24276297498722008,0.982410253379044,0.7106273697773949,0.5717821782178217,0.8494725613369681,0.018340313713532373,0.8757946210268949,0.8025833807565323,0.6958792803250146,0.9092874811880503,0.04242516643797327,0.9260971278784633,0.9079913651563191,0.8519828412357962,0.963999889076842,0.13360955908510683,0.9709533356006229,0.94423744729738,0.9045040645735788,0.9839708300211814,0.28885321471171177,0.9862290942208976,0.6531091466458634,0.5801886792452831,0.7260296140464438,0.010352486779130008,0.8044470112619116,0.779224725319728,0.7120005098464087,0.8464489407930472,0.024984081145798767,0.8917605954004834,0.9050173817073393,0.86066296499297,0.9493717984217084,0.09417265305268319,0.9628526804987683,0.9410546185966225,0.9036100873501843,0.9784991498430607,0.22663246728787567,0.9824641936615723,0.6721676633249443,0.5963460505104783,0.7479892761394102,0.012406841071540676,0.8188039130644307,0.7959044543480991,0.7321377577245988,0.8596711509715994,0.02835678561712839,0.9010289280593742,0.9084793239280055,0.865107790578305,0.9518508572777059,0.09962960637830372,0.9644912533381342,0.941888545789637,0.9046244849320182,0.9791526066472558,0.23272497899907027,0.9829232638737241
semseg-ptv3-pheno4d-tomato,2,Tomato01,T01_0324_a,2932759,0.9699416821608304,0.9439110230301374,0.9959723412915233,0.9962775666190096,0.5642837315764155,0.5288200822181405,0.5997473809346905,0.006650734001668736,0.7238144065624199,0.7328200313169924,0.6681112634325388,0.797528799201446,0.017790415100592993,0.8561571633924293,0.8996595811322903,0.8478245675345099,0.9514945947300707,0.07776568071225765,0.9618140203798867,0.9351530975827116,0.8876296233846006,0.9826765717808225,0.20877133102310827,0.9847617741018756,0.5671259846513457,0.5482091461464662,0.5860428231562252,0.007458164820225596,0.7254148950761212,0.7369598282281395,0.6896402254009536,0.7842794310553255,0.020225323662803524,0.8523501247555466,0.9020918457207749,0.8572618673373154,0.9469218241042345,0.08518190550263421,0.959374424581095,0.9390130957479151,0.8970315103530985,0.9809946811427318,0.22554188734907982,0.9837178363015149,0.6942294886129303,0.5262424928192184,0.8622164844066423,0.015531450078236909,0.8805049396267838,0.7942471473714166,0.6635628952916374,0.9249313994511956,0.03994463916059929,0.9346126267627275,0.9058272132028549,0.837723083295937,0.9739313431097728,0.13952697783895643,0.9770234042605187,0.9372687099187085,0.8868080517613228,0.9877293680760942,0.2877495218666109,0.9888055456807678,0.5510162063735251,0.5155273622419996,0.5865050505050505,0.006076189690322321,0.7128507295173961,0.7228097032040488,0.6562645769194888,0.7893548294886088,0.016725547513450643,0.8497716708798826,0.897036290026622,0.8441907561067402,0.9498818239465037,0.07521074864999136,0.9605848350901054,0.9349008769627654,0.8874355351039289,0.9823662188216018,0.20527019097034568,0.9845184781597587,0.575059729251808,0.5333280494570817,0.6167914090465343,0.007533520483612871,0.7335023083190007,0.7445584457910819,0.6830278179771667,0.8060890736049972,0.019658621796063026,0.863235855274569,0.9017363010232268,0.850022382149375,0.9534502198970786,0.08064215300336645,0.9631676419849136,0.935653752160142,0.8883997990478697,0.9829077052724142,0.21145003731980705,0.9849548160714171
semseg-ptv3-pheno4d-tomato,2,Tomato01,T01_0325_a,3011661,0.9728382237652944,0.9542297656583775,0.9914466818722112,0.9926475788609674,0.5755875730416753,0.5003326126725428,0.6508425334108077,0.00771235540786297,0.7412924613596246,0.7520359207820893,0.6969596462133776,0.807112195350801,0.020434902865893605,0.8663861040248282,0.8975013531456488,0.8562605891676232,0.9387421171236745,0.07783113703700384,0.9551196453940043,0.9442992070498593,0.9104639773484892,0.9781344367512294,0.2015618623742845,0.9820801402223261,0.5489511400424038,0.4980201035638136,0.599882176520994,0.00940676922136987,0.7157077303212143,0.707353697658347,0.6992751168620012,0.7154322784546929,0.02526778412311346,0.8115456385187522,0.8809660733383304,0.8649399934736104,0.8969921532030504,0.0909737184895644,0.9295245673073413,0.9400580583288347,0.9173776927650856,0.9627384238925838,0.22760828659002458,0.9712857724306653,0.6459318766749728,0.5002910118899143,0.7915727414600312,0.011572351602653817,0.8275565247331573,0.7913114065414959,0.6963996465910764,0.8862231664919155,0.030349033307533618,0.9097712278859094,0.9083857326293618,0.8562723720523541,0.9604990932063697,0.10924104671807351,0.9680240245351781,0.9463615203558626,0.9099921024054757,0.9827309383062495,0.24664462567334106,0.9852707960312866,0.5630625058459972,0.4854140242797608,0.6407109874122335,0.007028347480011861,0.7316577691689895,0.7356082650173366,0.6740228770057799,0.7971936530288933,0.018741485180436973,0.8571124851620219,0.8938079642999344,0.8505416191562144,0.9370743094436543,0.07514623989884651,0.9536663499988953,0.9435961599544725,0.909515134878846,0.977677185030099,0.19776262999056002,0.981735880482342,0.595542221667541,0.5255813953488372,0.6655030479862449,0.008738699342323056,0.7558325100691542,0.7662156780334884,0.7163534023519952,0.8160779537149817,0.02236871945414839,0.8743301616518473,0.9012318212989723,0.8616110295359747,0.9408526130619698,0.08167187475615616,0.9567016847720029,0.944616564626167,0.9106726634056662,0.978560465846668,0.2049536783854491,0.9823669787493257
semseg-ptv3-pheno4d-tomato,2,Tomato02,T02_0305_a,1518307,0.976922374582732,0.9561957379636937,0.9976490112017702,0.999853784511301,0.9018327067669173,0.8947368421052632,0.9089285714285714,0.0013086944866881336,0.9486663311524912,0.9504078462412756,0.9371534195933456,0.9636622728892056,0.0028505434013015815,0.9764325323475046,0.9728408867541003,0.954341987466428,0.9913397860417728,0.009161520035144408,0.992667145938174,0.9856749972094974,0.9745508982035929,0.996799096215402,0.02356045253035124,0.9971486078497148,0.8662289915966386,0.8235294117647058,0.9089285714285714,0.001829669493718991,0.9200863930885529,0.933507235704507,0.9033521985198084,0.9636622728892056,0.00485935980009313,0.9699105448631066,0.9716283075757921,0.9519168291098116,0.9913397860417728,0.028126064096391575,0.9948014237542151,0.9764974170895478,0.9561957379636937,0.996799096215402,0.09465674596771272,0.9984553083121113,0.9018327067669173,0.8947368421052632,0.9089285714285714,0.0013086944866881336,0.9486663311524912,0.9504078462412756,0.9371534195933456,0.9636622728892056,0.0028505434013015815,0.9764325323475046,0.9728408867541003,0.954341987466428,0.9913397860417728,0.009161520035144408,0.992667145938174,0.9856749972094974,0.9745508982035929,0.996799096215402,0.02356045253035124,0.9971486078497148,0.898763162293164,0.894300518134715,0.9032258064516129,0.0012625905037650488,0.94679186228482,0.9498303543558215,0.937037037037037,0.962623671674606,0.0027971945067762974,0.9759830468566046,0.97279255966728,0.954341987466428,0.9912431318681318,0.009075898352572965,0.9925979680696662,0.9856596331147229,0.9745508982035929,0.996768368025853,0.02336088814712703,0.9971242493444981,0.9077700896112524,0.899009900990099,0.9165302782324058,0.001402878337516721,0.952112676056338,0.9517653422501966,0.9378048780487804,0.9657258064516129,0.0029730482702114923,0.977403633141338,0.9729255968893469,0.9544032185963344,0.9914479751823594,0.009261631540920249,0.9927464087612003,0.9856799041136848,0.9745508982035929,0.9968089100237767,0.02362499810644356,0.9971563981042654
semseg-ptv3-pheno4d-tomato,2,Tomato02,T02_0307_a,2660027,0.9520283081368937,0.921875,0.9821816162737873,0.9993740665038362,0.5367767149811311,0.6944111297673303,0.3791423001949318,0.0018597555588721467,0.7424701839498686,0.7529500413279857,0.8098828598357345,0.6960172228202368,0.004007478119582996,0.8675422138836772,0.8936966762807063,0.8665280272237451,0.9208653253376674,0.010154032271101008,0.9477230655312847,0.9418300002984065,0.91175,0.971910000596813,0.02438133146768811,0.9782283555624085,0.5677813909652278,0.756420481735524,0.3791423001949318,0.0032116215361723773,0.8212571696125482,0.7689262517634954,0.8418352807067541,0.6960172228202368,0.0077890186828930685,0.919638978715189,0.9102336756934357,0.899602026049204,0.9208653253376674,0.03595940943456589,0.9825933321484951,0.9468925002984065,0.921875,0.971910000596813,0.1041049583331297,0.9939874766179646,0.5367767149811311,0.6944111297673303,0.3791423001949318,0.0018597555588721467,0.7424701839498686,0.7529500413279857,0.8098828598357345,0.6960172228202368,0.004007478119582996,0.8675422138836772,0.8936966762807063,0.8665280272237451,0.9208653253376674,0.010154032271101008,0.9477230655312847,0.9418300002984065,0.91175,0.971910000596813,0.02438133146768811,0.9782283555624085,0.5161123614236892,0.684421105276319,0.34780361757105943,0.00175637314959585,0.7298801369863014,0.7444336035363084,0.807891156462585,0.6809760506100316,0.003896201053598328,0.8637591663450406,0.8924924728403318,0.8665280272237451,0.9184569184569185,0.00995591398132425,0.946682777630933,0.9415579980532122,0.91175,0.9713659961064244,0.02402231255547406,0.9779029733959311,0.5510803394126543,0.7009519387044346,0.401208740120874,0.0019435892943943803,0.7508704061895551,0.7587117552442417,0.8114064378255643,0.706017072662919,0.00408943217493657,0.8701967273395845,0.8941070529906856,0.8665280272237451,0.9216860787576262,0.01022433230940889,0.9480825091002684,0.9419019960020583,0.91175,0.9720539920041167,0.024478698900424693,0.9783149553091501
semseg-ptv3-pheno4d-tomato,2,Tomato02,T02_0309_a,2530683,0.8491827591531423,0.735797007156799,0.9625685111494857,0.9959884347427157,0.6041291720340755,0.6386694386694387,0.5695889053987122,0.005619036441940772,0.7555555555555555,0.7375214460718231,0.7480902255639098,0.7269526665797366,0.010975297972918774,0.8492169216921692,0.7269123372509366,0.6338134950720242,0.820011179429849,0.027814625537848872,0.8627645972439267,0.801046136236952,0.6777206761692363,0.9243715963046677,0.060382908487550596,0.9347490347490347,0.6109496152777931,0.6523103251568739,0.5695889053987122,0.006984675678463087,0.7931093007467753,0.7462443916777614,0.7655361167757861,0.7269526665797366,0.016540989132182892,0.8956282847587196,0.7539923996962175,0.687973619962586,0.820011179429849,0.06094560243222877,0.9361943540334816,0.8300843017307333,0.735797007156799,0.9243715963046677,0.15998487364873434,0.9749253465918775,0.6041291720340755,0.6386694386694387,0.5695889053987122,0.005619036441940772,0.7555555555555555,0.7375214460718231,0.7480902255639098,0.7269526665797366,0.010975297972918774,0.8492169216921692,0.7269123372509366,0.6338134950720242,0.820011179429849,0.027814625537848872,0.8627645972439267,0.801046136236952,0.6777206761692363,0.9243715963046677,0.060382908487550596,0.9347490347490347,0.5813803249614847,0.5987424312994877,0.5640182186234818,0.005155130057774917,0.7358577341713936,0.7355863698671301,0.7435275080906149,0.7276452316436455,0.010699878254210425,0.8478100302828865,0.7273357019224252,0.6349549960123049,0.8197164078325456,0.027674347201921377,0.8627543371171557,0.8005227167634461,0.6770421714063614,0.9240032621205307,0.0601047227171479,0.9344470303604065,0.6111525860311607,0.6428857715430861,0.5794194005192354,0.00588378710411379,0.7606447280053727,0.737323780886656,0.745254388574829,0.729393173198483,0.011200138460644814,0.8489627434377646,0.7267723764594296,0.6319664703217037,0.8215782825971554,0.02820029217408897,0.8634223579855954,0.8013600956880531,0.6777623372006593,0.9249578541754471,0.06079149383782955,0.9351875926262968
semseg-ptv3-pheno4d-tomato,2,Tomato02,T02_0311_a,2801320,0.96779214159658,0.9420092445794163,0.9935750386137437,0.9990729370439649,0.5244654448262696,0.3685185185185185,0.6804123711340206,0.0027115788271243556,0.7306477093206951,0.7608899755611824,0.6958904109589041,0.8258895401634607,0.006046792226521783,0.8754944211582738,0.9276318483122206,0.902464967858299,0.9527987287661422,0.022915982465409164,0.9671469740634006,0.9572661234415105,0.930904563771582,0.9836276831114389,0.05612675453000728,0.9865864439766201,0.5904525880901721,0.5004928050463237,0.6804123711340206,0.0043925720731655075,0.7940674522551808,0.7916236451634832,0.7573577501635056,0.8258895401634607,0.012776476803792498,0.9274398591824761,0.9321725251460139,0.9115463215258856,0.9527987287661422,0.046493081832850225,0.9800601956358164,0.961810144527206,0.9399926059429733,0.9836276831114389,0.11335191980923279,0.9918213740217614,0.5244654448262696,0.3685185185185185,0.6804123711340206,0.0027115788271243556,0.7306477093206951,0.7608899755611824,0.6958904109589041,0.8258895401634607,0.006046792226521783,0.8754944211582738,0.9276318483122206,0.902464967858299,0.9527987287661422,0.022915982465409164,0.9671469740634006,0.9572661234415105,0.930904563771582,0.9836276831114389,0.05612675453000728,0.9865864439766201,0.5121425941510624,0.35244845360824745,0.6718367346938775,0.0025769994145617065,0.7215680842221914,0.7545606228997211,0.6872312027287557,0.8218900430706866,0.005881156026444676,0.8719878603945371,0.9258117009709323,0.900099474207759,0.9515239277341057,0.022313766367283994,0.966260318679209,0.9571253952720864,0.9307866496012602,0.9834641409429125,0.055653406251338654,0.9864723578122294,0.5417612492308005,0.39598487052662207,0.687537627934979,0.0028575814258992188,0.7406620861961274,0.7663161485069543,0.7031667839549613,0.8294655130589472,0.006198149443833621,0.8785348154120831,0.9301254572296797,0.9068257123923128,0.9534252020670465,0.023491782445418587,0.9679522246535376,0.9573893805252829,0.9310446297204512,0.9837341313301146,0.056449816515071465,0.9866632096829271
semseg-ptv3-pheno4d-tomato,2,Tomato02,T02_0313_a,3583327,0.7603799645823689,0.6273353205424241,0.8934246086223137,0.9950456656621067,0.3602493626005048,0.2007042253521127,0.5197944998488969,0.0010347925266100471,0.5714670981661273,0.5343723435538245,0.4178525226390686,0.6508921644685803,0.0017994450408796072,0.7208436724565757,0.6464705157860693,0.5237196426324399,0.7692213889396988,0.005738521770410571,0.8159315275008511,0.7303876520841239,0.629928767737955,0.8308465364302928,0.01401965268589777,0.8686625395624739,0.4718290681062667,0.4238636363636364,0.5197944998488969,0.0021100502410190307,0.7317815103822246,0.6604968698097355,0.6701015751508906,0.6508921644685803,0.004948473862418919,0.8736183171667042,0.7566664014029405,0.7441114138661823,0.7692213889396988,0.01900412661194471,0.9379423771623249,0.8019239615622392,0.7730013866941856,0.8308465364302928,0.05547023757530362,0.9645868550269661,0.3602493626005048,0.2007042253521127,0.5197944998488969,0.0010347925266100471,0.5714670981661273,0.5343723435538245,0.4178525226390686,0.6508921644685803,0.0017994450408796072,0.7208436724565757,0.6464705157860693,0.5237196426324399,0.7692213889396988,0.005738521770410571,0.8159315275008511,0.7303876520841239,0.629928767737955,0.8308465364302928,0.01401965268589777,0.8686625395624739,0.35218817064361174,0.18998451213216314,0.5143918291550603,0.001004373868195674,0.5640455682133926,0.528492728927507,0.41320693036940176,0.6437785274856123,0.0017589798530806705,0.7152149769950817,0.6443507107646733,0.522003804692454,0.7666976168368926,0.005657033254291333,0.8140693601697006,0.7293180762262108,0.629371023143195,0.8292651293092267,0.01387760592321047,0.8676399613899614,0.3745050117000395,0.2181030332209918,0.5309069901790873,0.0010925600705712875,0.5851851851851851,0.5431408606959683,0.42945929148539463,0.656822429906542,0.0018787009949133863,0.7272727272727273,0.6487265831642857,0.525328100085858,0.7721250662427133,0.005934708163670243,0.8180193736480768,0.7334214601744893,0.634689178818112,0.8321537415308666,0.014311002038050113,0.8700493360113882
semseg-ptv3-pheno4d-tomato,2,Tomato02,T02_0315_a,2136519,0.9851675191483544,0.9721624336346678,0.998172604662041,0.9992735847422841,0.7100711239620188,0.6447457627118645,0.7753964852121732,0.0030741594153854937,0.8404384896467723,0.843197785635903,0.7858187134502924,0.9005768578215134,0.007530005583849243,0.927150671307807,0.9400354627128802,0.9053311793214863,0.9747397461042739,0.026962081778818724,0.9796545438763996,0.9759820615441802,0.9595261940118106,0.9924379290765498,0.08554522566848223,0.9935875339909941,0.7290432579979881,0.682690030783803,0.7753964852121732,0.0043369611971623,0.855385279516512,0.8588816210078765,0.8171863841942395,0.9005768578215134,0.011050217667149228,0.9349400652293617,0.9477315219258153,0.9207232977473566,0.9747397461042739,0.03932097023242012,0.9815260088084752,0.977240291088852,0.9620426531011543,0.9924379290765498,0.11073152169486908,0.9934398512131203,0.7681678539430844,0.6447457627118645,0.8915899451743043,0.00541488280703331,0.9094130866972081,0.8680303552816546,0.7858187134502924,0.9502419971130169,0.013037094451301393,0.9579234580311625,0.949454294838054,0.9149306815707339,0.983977908105374,0.04013725129521432,0.9863329990437764,0.9767253260622211,0.959619625137817,0.9938310269866251,0.10195790442303579,0.994619781026924,0.695548918230577,0.6270579813886901,0.7640398550724637,0.0028869389881391178,0.8310635538261998,0.8385656103099417,0.779159600527605,0.8979716200922783,0.007311893786107215,0.9249775956983741,0.938839653303607,0.9033242596716984,0.9743550469355157,0.026516029110904234,0.9793122925933772,0.9758960973236148,0.9594140665581605,0.9923781280890692,0.08493863148420398,0.9935417389914754,0.7206209903316165,0.6480392156862745,0.7932027649769585,0.0033657552308217244,0.8502294534835211,0.847887143357913,0.7895492907164662,0.9062249959993599,0.007907722795818806,0.9306303640130216,0.9408343182642531,0.906187464980389,0.9754811715481172,0.02767164719808249,0.9801762487102722,0.9761025445581515,0.9596418732782369,0.992563215838066,0.08680615524598657,0.9936806802434986
semseg-ptv3-pheno4d-tomato,2,Tomato02,T02_0317_a,2842484,0.8736390304565613,0.7654424771011752,0.9818355838119476,0.9905765520579887,0.5384106748175211,0.40408895725181054,0.6727323923832318,0.012213261358727086,0.7321696047931789,0.6333042847950836,0.48862608695652177,0.7779824826336454,0.028238681378681463,0.8168385907210843,0.7414167489733743,0.5786381550138666,0.904195342932882,0.09596078641075904,0.915334332965498,0.8105844478628519,0.6654459539279386,0.9557229417977653,0.2203512842992256,0.9593067718270283,0.5363485429022197,0.3999646934212075,0.6727323923832318,0.013275712369884932,0.7297805808776765,0.6402774500412155,0.5025724174487856,0.7779824826336454,0.03135461800312684,0.8210042075736326,0.7494086684583474,0.5946219939838128,0.904195342932882,0.10481044044575097,0.9181262209571632,0.8202114485338381,0.6846999552699108,0.9557229417977653,0.2415067244002077,0.960980598095499,0.5514061531771334,0.40408895725181054,0.6987233491024561,0.013075535341623735,0.7498318400731832,0.6436061360612129,0.48862608695652177,0.7985861851659041,0.030621808249404393,0.8310930355460582,0.7461756767544541,0.5811372086696291,0.9112141448392789,0.10277982215555127,0.920951565976382,0.8121401522523048,0.6654459539279386,0.9588343505766712,0.23565796676428083,0.9619499174446969,0.5314877639121536,0.39643191233462516,0.6665436154896821,0.011617303738561062,0.7264550905456968,0.6279445586626461,0.4819848744292237,0.7739042428960685,0.027347911193167665,0.8132010908716683,0.7399907517030622,0.5768962862484878,0.9030852171576367,0.09486069226774892,0.9143969737427682,0.8104671723555776,0.665410819538706,0.9555235251724493,0.21944046123038863,0.959137868012492,0.5442808246549323,0.4106000609198903,0.6779615883899743,0.012940442232920221,0.7369708832884757,0.6387446861610586,0.49624212878326224,0.7812472435388551,0.029087234967725414,0.8200290275761973,0.7431597347013212,0.5811207302495743,0.9051987391530683,0.0971154103242094,0.9162177729316172,0.8110194590220763,0.6661208556570036,0.955918062387149,0.22130186132973836,0.959481564970503
semseg-ptv3-pheno4d-tomato,2,Tomato02,T02_0319_a,1542285,0.8907236268286107,0.7990380654000556,0.9824091882571658,0.9857516606852819,0.46777161089134034,0.2643521282948051,0.6711910934878755,0.019015292244948242,0.7059365090189927,0.5876599369323441,0.4080007159477358,0.7673191579169525,0.04277873415095135,0.7994755748215288,0.7539276405286038,0.6252441449997312,0.8826111360574764,0.1381411347448753,0.9018366321994996,0.8315475277654113,0.7128578293402897,0.9502372261905329,0.3061658513180119,0.9557089761645083,0.463906448802652,0.2647358586716494,0.6630770389336547,0.020176556213669976,0.7113889067420786,0.5861438935454908,0.41166821829143946,0.7606195687995421,0.04548056941486171,0.8026630930656934,0.7646068782442794,0.6481767251501225,0.8810370313384365,0.14997682010782704,0.9061420536343474,0.8412831757518858,0.7331764406564051,0.9493899108473666,0.3371704970222754,0.9578318234351834,0.50448120510926,0.2643521282948051,0.7446102819237148,0.023904142230521595,0.7660780643936311,0.6149166475666281,0.4080007159477358,0.8218325791855203,0.05405875049034387,0.8413174370906997,0.7680157271471901,0.6273741225100666,0.9086573317843135,0.1712874079693442,0.9208324816219613,0.835048916224013,0.7128578293402897,0.9572400031077363,0.3507931413454712,0.96134360276735,0.4541327360953623,0.2469890510948905,0.6612764210958342,0.017553175969421995,0.6951462765957447,0.5757294790455902,0.39020396706586824,0.7612549910253122,0.04080892960769248,0.7928947075740003,0.7499086902359725,0.6200563175583613,0.8797610629135837,0.13490891761250354,0.899484783820674,0.8305057397908302,0.7119720152593959,0.9490394643222644,0.29961582975909123,0.9547407123674239,0.47680351665583864,0.2751486325802616,0.6784584007314157,0.020689431590140604,0.7134350810116268,0.5955152504457021,0.4200399269421909,0.7709905739492133,0.045070139435966765,0.8035706578814864,0.7604911540104634,0.6356128582629149,0.8853694497580119,0.14195041772435055,0.9044708762698239,0.8392683964260378,0.7276468290141945,0.950889963837881,0.31235212687667974,0.956586179982397
semseg-ptv3-pheno4d-tomato,2,Tomato02,T02_0321_a,1774166,0.9602233085208569,0.9263376698587354,0.9941089471829785,0.9949390305078555,0.5682365640212041,0.4475130530365485,0.6889600750058599,0.009080886455946062,0.7494879275029483,0.7362654242658196,0.6248487293263413,0.847682119205298,0.025783382163788508,0.8775358516963974,0.8888104626361737,0.821697457980275,0.9559234672920724,0.10178190766816633,0.9628304666127657,0.9335432000755087,0.8839821428571428,0.9831042572938746,0.25688689784383195,0.9848099877128313,0.5811060213058272,0.47325196760579447,0.6889600750058599,0.010537909079533708,0.7521929824561403,0.7493111643205862,0.6509402094358744,0.847682119205298,0.028904285168355158,0.8786685127045104,0.8917645505474447,0.8276056338028169,0.9559234672920724,0.110363968196888,0.9625543911258198,0.9344360989212419,0.8857679405486092,0.9831042572938746,0.2760034855813943,0.984595936905219,0.6520363697069549,0.4339773484343771,0.8700953909795326,0.02012494884920577,0.8806049572888951,0.7720626088885376,0.6124654104625116,0.9316598073145637,0.05348033949472597,0.9377759978078265,0.8976622510223677,0.8199207163252294,0.9754037857195059,0.17095130895305174,0.9776126292466765,0.9364382832698082,0.8839966432767332,0.988879923262883,0.3758058716038973,0.9896166733159153,0.5536322838189897,0.42889595638346206,0.6783686112545173,0.008173981465094021,0.7389325610260654,0.7234111536227872,0.6113720816097595,0.8354502256358148,0.023808369679049198,0.8682528409090909,0.887449109846798,0.8203895992448297,0.9545086204487663,0.0968832679692881,0.9617713963243294,0.9333399795771715,0.8838327850092976,0.9828471741450455,0.25341484393230396,0.9846018683274022,0.5871836837440234,0.4659458115833955,0.7084215559046513,0.01039699780065676,0.7655318226173696,0.7502559296268638,0.6411029176017955,0.8594089416519323,0.027983289049615424,0.8867001027252402,0.892424121564086,0.8275271579172687,0.9573210852109032,0.1056992412209455,0.964058700567382,0.9338366914101772,0.8842013331907461,0.9834720496296082,0.26204143242515077,0.9851087856658888
semseg-ptv3-pheno4d-tomato,2,Tomato02,T02_0324_a,3311762,0.9521710583914968,0.9122269978023688,0.9921151189806248,0.9931619482317872,0.5917039900394726,0.5304821439623693,0.652925836116576,0.00918785830624302,0.7506901538057053,0.7224403348627411,0.6484309655834701,0.7964497041420119,0.023160480735028664,0.8519986441031525,0.8472129408191974,0.7667607906413877,0.9276650909970071,0.08965680504818885,0.9415570419167324,0.895495838618493,0.8227203829278021,0.9682712943091838,0.2433157938281797,0.9723319814744033,0.593715002500367,0.5345041688841582,0.652925836116576,0.009467769724998354,0.7489395630680912,0.7256767039228578,0.6549037037037037,0.7964497041420119,0.02378582760476145,0.8521066863011438,0.8519534793881463,0.7762418677792855,0.9276650909970071,0.09238375221407819,0.9423081322948296,0.9004741567021066,0.8326770190950293,0.9682712943091838,0.25061915681138924,0.9727792229072364,0.6655422730849712,0.5166365280289331,0.8144480181410093,0.015637597146171734,0.8451571792693288,0.7697117855722087,0.6476485148514851,0.8917750562929323,0.03810207376013131,0.9097277806395372,0.8602283681674605,0.7667607906413877,0.9536959456935334,0.13037953814313952,0.9598111101332605,0.899415853088124,0.8227499103549942,0.9760817958212539,0.3129168098432194,0.9784648549752679,0.5709139185297936,0.5021360276666441,0.639691809392943,0.008388887848824885,0.7357281693182636,0.7150559510512049,0.6379582183681514,0.7921536837342583,0.021881403313402353,0.8478596859216736,0.8447570692313149,0.7638970921527959,0.9256170463098338,0.08659921818053351,0.9400410047559938,0.8955407594043394,0.8230222551689684,0.9680592636397105,0.2391705684164502,0.9721781748216081,0.6038655980131995,0.5414775306400363,0.6662536653863627,0.010192761436359256,0.7606055219812774,0.7252108201945164,0.6485836451095671,0.8018379952794656,0.024634016574862565,0.8548944620136795,0.8483847319075086,0.7679696025453924,0.9287998612696249,0.09251087487567042,0.9423743529150646,0.8968786500789581,0.8248194746633872,0.9689378254945288,0.24832219223482846,0.9728897935757505
semseg-ptv3-pheno4d-tomato,2,Tomato02,T02_0325_a,3455376,0.9528470410056256,0.9143223678181985,0.9913717141930526,0.9924089303161219,0.60484621062044,0.4809473080390068,0.7287451132018731,0.008465359486203528,0.7805545109568903,0.7455413740146544,0.6339107838891295,0.8571719641401793,0.021337764688994773,0.8832361318323613,0.8538628908422645,0.7666234852335897,0.9411022964509395,0.08296521131130158,0.949312115419498,0.8947167608347071,0.8169051771981289,0.9725283444712852,0.22093775033455115,0.9749365685864848,0.6102379188185,0.49173072443512694,0.7287451132018731,0.008815249049596918,0.7823046618516086,0.7507799746119902,0.6443879850838011,0.8571719641401793,0.022161408772880288,0.8846374843292938,0.8590707577318006,0.7770392190126617,0.9411022964509395,0.08614576242932752,0.9504276605322745,0.9013868585345379,0.8302453725977905,0.9725283444712852,0.23056419909150264,0.9757005896928025,0.6557742737710662,0.4809473080390068,0.8306012395031256,0.012515859344974324,0.8515735195504891,0.7727751723296745,0.6336247943900961,0.9119255502692529,0.0319704715203208,0.9219697655472073,0.8631553185621919,0.7666021709900633,0.9597084661343204,0.11498748616648376,0.9634228905807588,0.8973020346498504,0.8169051771981289,0.9776988921015717,0.2666022453128111,0.9792295141938167,0.5870926800746437,0.45815805960798356,0.7160273005413038,0.007657053819902668,0.7684254289817825,0.7394014866346891,0.6261259222378128,0.8526770510315653,0.020202432383624822,0.8796109272709041,0.8547676772942137,0.7683431019310276,0.9411922526573998,0.08147130731937711,0.9494447878258275,0.8943218731859072,0.8163409348470088,0.9723028115248056,0.21910842698450184,0.9747444862118975,0.616596040551437,0.4969059867292925,0.7362860943735816,0.009357592343061941,0.788117770767613,0.755328993554172,0.6499076379407277,0.8607503491676165,0.022770025606475244,0.8871617585378564,0.8537313298245943,0.766088202515523,0.9413744571336657,0.08601755641064822,0.9495193844352556,0.8957009814119106,0.8183757532859488,0.9730262095378723,0.22491676737929533,0.9753671002043306
semseg-ptv3-pheno4d-tomato,3,Tomato01,T01_0305_a,1962709,0.9674574104160367,0.9386370644465002,0.9962777563855731,0.9995944380955099,0.7636160714285714,0.734375,0.7928571428571428,0.001907058050887829,0.8682874699438953,0.8959528304773474,0.8812334377258492,0.9106722232288458,0.004675680398877266,0.9462787403290835,0.9467562162969583,0.9134784134784135,0.980034019115503,0.015232517912742032,0.9835100511757032,0.9622138930218749,0.9316322285397309,0.9927955575040187,0.03828789698320026,0.9934396124980039,0.7623767021123034,0.7318962613674638,0.7928571428571428,0.0035349101675286555,0.885269530123955,0.8909139685260448,0.8711557138232437,0.9106722232288458,0.009445618275556896,0.9570634877825125,0.9460828004839024,0.9121315818523016,0.980034019115503,0.035712884589615676,0.9886438211544497,0.9622053388894665,0.9316151202749141,0.9927955575040187,0.10560709712952862,0.9961597097589687,0.7636160714285714,0.734375,0.7928571428571428,0.001907058050887829,0.8682874699438953,0.8959528304773474,0.8812334377258492,0.9106722232288458,0.004675680398877266,0.9462787403290835,0.9467562162969583,0.9134784134784135,0.980034019115503,0.015232517912742032,0.9835100511757032,0.9622138930218749,0.9316322285397309,0.9927955575040187,0.03828789698320026,0.9934396124980039,0.7562828722760823,0.7262631871182677,0.7863025574338969,0.0018418420662461934,0.8636237897648686,0.8931718416952069,0.87863121614968,0.9077124672407338,0.004540153430793867,0.9446751206374144,0.9465088764024411,0.9133719908627658,0.9796457619421164,0.014988976970095923,0.9832421224378802,0.962040722833891,0.9313657246275929,0.9927157210401891,0.03789150607655032,0.9933709829232217,0.7731444874711234,0.7430953621677957,0.8031936127744511,0.0020028440283302315,0.87458661918087,0.8995011388731505,0.8847861649918205,0.9142161127544806,0.004857062356161815,0.9482849050666107,0.9470929692610581,0.9138563690372182,0.980329569484898,0.015434279865227092,0.9837256131779619,0.9626457664310553,0.9324472458207728,0.9928442870413376,0.038569650416847324,0.9934875364922524
semseg-ptv3-pheno4d-tomato,3,Tomato01,T01_0307_a,1921834,0.8479611966983495,0.7609321725313648,0.9349902208653341,0.9962421312142464,0.4486253889385029,0.4411653424139236,0.4560854354630823,0.004039370726087685,0.6194770063119928,0.581898677113345,0.5855459985041137,0.5782513557225764,0.008728121159267658,0.735721950637892,0.6979963530379183,0.6032374519622685,0.792755254113568,0.022498821438271983,0.842410786558431,0.7752644486263185,0.6523824099581675,0.8981464872944693,0.041464559374014616,0.9144915169159723,0.4786731879881796,0.501260940513277,0.4560854354630823,0.005130515955072083,0.659026369168357,0.6009502910930382,0.6236492264635,0.5782513557225764,0.012555194673421326,0.7993700526337602,0.7211118890574635,0.649468524001359,0.792755254113568,0.04511315753597865,0.9167012687427912,0.8123188410719648,0.7264911948494603,0.8981464872944693,0.11480388004374988,0.9672670576611039,0.4486253889385029,0.4411653424139236,0.4560854354630823,0.004039370726087685,0.6194770063119928,0.581898677113345,0.5855459985041137,0.5782513557225764,0.008728121159267658,0.735721950637892,0.6979963530379183,0.6032374519622685,0.792755254113568,0.022498821438271983,0.842410786558431,0.7752644486263185,0.6523824099581675,0.8981464872944693,0.041464559374014616,0.9144915169159723,0.44527874432977016,0.4392744479495268,0.4512830407100135,0.003856212347164219,0.6162461206314938,0.575127078545902,0.5788962300816168,0.571357927010187,0.008361284065116966,0.7302881324289003,0.6966605326985028,0.6030987884436161,0.7902222769533895,0.022289125907856765,0.8409281912410123,0.7749969198262054,0.6523292004694117,0.8976646391829992,0.04129909242941898,0.9141489227667885,0.45963650733199657,0.4546581650726178,0.4646148495913754,0.004328157374674399,0.629838903582592,0.5914225536677697,0.5960253096871937,0.5868197976483457,0.009188618788095121,0.7433036978311343,0.7003799802466038,0.6044121915820029,0.7963477689112047,0.022827153645944447,0.8446774561203556,0.7761932263159936,0.6534079348931842,0.898978517738803,0.04178144418300436,0.9151400425918776
semseg-ptv3-pheno4d-tomato,3,Tomato01,T01_0309_a,2177884,0.9502105935946812,0.9152374253818825,0.9851837618074799,0.9978419419950741,0.48292503537650106,0.26366427840327533,0.7021857923497268,0.006137149636987094,0.7308843333832111,0.648029755607405,0.4657833961346785,0.8302761150801313,0.013649487300517384,0.8521546069229993,0.8676978643231812,0.7998451589397941,0.9355505697065681,0.03937583452562212,0.9487499416950418,0.9007507490452689,0.8334911915135442,0.9680103065769936,0.07318479772109075,0.972425778603157,0.5632568646881562,0.4243279370265855,0.7021857923497268,0.007999507779110366,0.7775226724830674,0.7383399835105742,0.6464038519410171,0.8302761150801313,0.01962914461927265,0.8900584795321638,0.8982507145742982,0.8609508594420283,0.9355505697065681,0.06182514771218302,0.9650941714693125,0.9328091269715607,0.8976079473661278,0.9680103065769936,0.13702520428085244,0.984250649241853,0.48367331228014493,0.26366427840327533,0.7036823461570145,0.006165158474923366,0.7321069486854844,0.6495172624335418,0.4657833961346785,0.833251128732405,0.01386161981078882,0.8544171718175494,0.8678169779738272,0.7998451589397941,0.9357887970078602,0.039492002328866,0.9489006964387448,0.9007615688730573,0.8334911915135442,0.9680319462325703,0.07322749971991162,0.9724418582777886,0.4757773048613523,0.25976480470390595,0.6917898050187986,0.005819410032857581,0.7218715480511283,0.6326259514386483,0.44253968253968257,0.822712220337614,0.012969928609604551,0.8445852656919319,0.8662263316827097,0.7974934340874533,0.934959229277966,0.03897406840768379,0.9482216279261554,0.9002753940132121,0.8326988960791778,0.9678518919472464,0.07281655037642042,0.9722863304453104,0.4917293831566779,0.26928443292804466,0.7141743333853111,0.006509529433156219,0.7414121464343655,0.6605558105498193,0.48300199976473357,0.838109621334905,0.014350626571479473,0.8593779996160491,0.8681932530726677,0.7998907253107499,0.9364957808345856,0.039844179028818795,0.9493523554899972,0.9009004995412646,0.8335416429951142,0.968259356087415,0.07368344686861192,0.9726123858070467
semseg-ptv3-pheno4d-tomato,3,Tomato01,T01_0311_a,2080173,0.9157209745610406,0.8445790430042398,0.9868629061178413,0.9969132375047652,0.4122868301449976,0.23322827555155334,0.5913453847384419,0.006757130296374388,0.6365253272623791,0.5554141619958823,0.340058611361587,0.7707697126301778,0.013729146566175025,0.7949858188311916,0.7228758096941802,0.5182646623568814,0.927486957031479,0.0442025735359511,0.9327344506193651,0.8194304833653372,0.6684712692967409,0.9703896974339333,0.10640989956123842,0.9720579532055423,0.44016319785197033,0.2889810109654988,0.5913453847384419,0.007336889768302925,0.651618398637138,0.639426893501831,0.5080840743734842,0.7707697126301778,0.01670918716856723,0.8249323896656885,0.8118228608867906,0.696158764742102,0.927486957031479,0.058924906726507846,0.9476642681155873,0.884399801265518,0.7984099050971026,0.9703896974339333,0.1522229160747688,0.9797410390020528,0.47726692547210653,0.22702702702702704,0.727506823917186,0.010081373039646221,0.7476992036622002,0.5867293034784834,0.3306301369863014,0.8428284699706654,0.02013246013672901,0.8541512452541846,0.731317827162539,0.5182646623568814,0.9443709919681966,0.056647692283286054,0.9475122414861207,0.8209734048783635,0.6684712692967409,0.973475540459986,0.11809210099352313,0.9748221060687476,0.407046356368966,0.22369653449890728,0.5903961782390248,0.006525418799301789,0.6336378370414026,0.5502806588737987,0.3342084236959251,0.7663528940516724,0.013408980887647326,0.7908794321155845,0.7197793723325547,0.5138343027825814,0.9257244418825281,0.04317333221804148,0.9311308569392481,0.8185691947222942,0.6669717854835235,0.9701666039610647,0.1056186192206129,0.9718486151885483,0.41284189283161615,0.2303893085415456,0.5952944771216867,0.007055663158785351,0.6390270491244805,0.5606523241012469,0.34379187137114786,0.7775127768313458,0.014178628412156105,0.8007391333830609,0.7256333671984275,0.5225044391260711,0.9287622952707839,0.04499145023034142,0.9339138796880009,0.8195363229136379,0.6684712692967409,0.9706013765305347,0.10713291634878445,0.9722465280114873
semseg-ptv3-pheno4d-tomato,3,Tomato01,T01_0313_a,1924288,0.9554117768683061,0.9193888019005453,0.9914347518360669,0.9968965144510593,0.48905429389914745,0.3106476399560922,0.6674609478422028,0.00902775468121196,0.7107989868754317,0.7563015523999974,0.6686700386789646,0.8439330661210304,0.024379926497488942,0.8813147461312189,0.8926598347729742,0.8371395281095252,0.9481801414364232,0.07100392456846376,0.9590798641606652,0.9336317833640126,0.8894185126582278,0.9778450540697974,0.1545132537333289,0.9811958510466555,0.5195778821913402,0.3716948165404776,0.6674609478422028,0.010564426946486181,0.7346647646219686,0.7685926164282411,0.6932521667354519,0.8439330661210304,0.02757279575614461,0.8879339590636661,0.8988740703151787,0.8495679991939343,0.9481801414364232,0.08416931353310939,0.9631280639146488,0.9386700867790926,0.8994951194883878,0.9778450540697974,0.1900240504539861,0.983667932866781,0.5673131690075465,0.3106476399560922,0.8239786980590008,0.01600903814813583,0.8369148867103811,0.7906198587836214,0.6686700386789646,0.9125696788882782,0.038934920344563806,0.9256827100184192,0.9016565535395918,0.8371395281095252,0.9661735789696585,0.10082898194033325,0.9711839772399291,0.9365651652015266,0.8894185126582278,0.9837118177448253,0.20174942628130507,0.9855985204418068,0.47271799559787797,0.28433945756780404,0.661096533627952,0.008539262314165031,0.7013145082765336,0.7404287129100284,0.6472153582969017,0.8336420675231551,0.02270190324940965,0.8725420624928465,0.8914343145582202,0.8359544627662696,0.9469141663501709,0.06953792779459207,0.9582171869278311,0.9334644304019111,0.8892191246111474,0.9777097361926746,0.15366982489107658,0.9810926430056982,0.5095726485372307,0.33927198154319405,0.6798733155312675,0.009743863704393521,0.7250666666666666,0.7636585201222525,0.6778523489932886,0.8494646912512166,0.02531014068580171,0.885676741130092,0.8942112901139232,0.8393990750581679,0.9490235051696785,0.0721825423221472,0.9597480201583873,0.9340905031385287,0.8901571709233792,0.9780238353536783,0.15575683057837497,0.9813459850994758
semseg-ptv3-pheno4d-tomato,3,Tomato01,T01_0315_a,2438364,0.9458132779307826,0.9009681361030172,0.9906584197585482,0.9956790700650108,0.5401219481588092,0.4316492513196165,0.6485946449980019,0.007800722123522165,0.7226223647547447,0.6735070479043517,0.568,0.7790140958087035,0.0197878577603672,0.8287668393782384,0.867632507815628,0.7974865275379206,0.9377784880933354,0.07987035569750865,0.9500238763972827,0.9106759504286983,0.8464098019093821,0.9749420989480146,0.18399344806599835,0.9779824938759771,0.5498692406244061,0.4511438362508104,0.6485946449980019,0.00974423834997564,0.7505892255892256,0.6839271539684514,0.5888402121281993,0.7790140958087035,0.023629777998690926,0.8452566906175154,0.8743003102325126,0.8108221323716898,0.9377784880933354,0.09110083646248059,0.9532405677577351,0.9186182475075315,0.8622943960670485,0.9749420989480146,0.21227019427780267,0.9796519266140126,0.6071262862144253,0.4316492513196165,0.782603321109234,0.011596299814137677,0.8134106662894327,0.7149820563370869,0.568,0.8619641126741738,0.02900182253346916,0.8831681208196049,0.8763058178927253,0.7974533424879845,0.9551582932974662,0.10475261281744645,0.9618870509934423,0.9131604551233851,0.8463571628471035,0.9799637473996666,0.22459403107985518,0.9819553650012234,0.5333688257950457,0.43017075653058917,0.6365668950595024,0.007246251995190218,0.7148112513441621,0.6691301443685476,0.563250578921859,0.7750097098152361,0.019072213992660653,0.8256101494462961,0.8667340126809147,0.7964779453286763,0.9369900800331529,0.07895375751938595,0.9494540770213694,0.9103839591022491,0.8459715270306092,0.974796391173889,0.18298375468141753,0.9778610025976006,0.5551151909077976,0.45298131118362506,0.6572490706319702,0.008497910894353755,0.7330244679310844,0.6841980648515689,0.5842646622490357,0.7841314674541019,0.020817236474947955,0.834377462568952,0.8693052508211487,0.7999589195850878,0.9386515820572098,0.08107690238208898,0.9507372467690128,0.9113548321193501,0.8476205167759352,0.9750891474627649,0.18515734320224544,0.9781208954529648
semseg-ptv3-pheno4d-tomato,3,Tomato01,T01_0317_a,2450405,0.8781409518387522,0.7805485409652076,0.9757333627122968,0.9821258118555912,0.4834271081765067,0.447373696872494,0.5194805194805194,0.013006829483289496,0.6540537148594378,0.6174553075274494,0.5625763049707239,0.6723343100841748,0.031079760284524395,0.7694792405262744,0.7669830741604949,0.6828698963921537,0.8510962519288362,0.11211493610239939,0.8872480680821324,0.8241942364232935,0.7127064687200839,0.935682004126503,0.27820380712576087,0.9445322951627667,0.4760043071696908,0.43252809485886207,0.5194805194805194,0.015402351856121743,0.6601663928779609,0.6236712404544417,0.5750081708247086,0.6723343100841748,0.035858970251856324,0.7780218279484232,0.7734035458695963,0.6957108398103564,0.8510962519288362,0.12344694040372918,0.89115522570621,0.8338629711986381,0.732043938270773,0.935682004126503,0.30020425195018785,0.9459477829646205,0.568613425670652,0.44621075784843034,0.6910160934928736,0.018274122032888442,0.7526072489336519,0.6810862464105183,0.5603424742523886,0.8018300185686481,0.04569734390845595,0.8417889387999321,0.7954827040450481,0.6824925816023739,0.9084728264877221,0.16557467030960188,0.9235196253620063,0.8334566079687025,0.7127064687200839,0.9542067472173209,0.3752595999436828,0.9588782627797873,0.47511885380284047,0.44120893561103813,0.5090287719946428,0.012262054639947274,0.6461876393649948,0.6108883877794213,0.5565727216622094,0.6652040538966334,0.029852208104374583,0.7642652084757348,0.7663702492242945,0.6833838098660233,0.8493566885825656,0.11071108653467487,0.8863196540932665,0.8232130590932791,0.7111744305073869,0.9352516876791714,0.2762951430477819,0.9441550289128332,0.49191935758600525,0.4572927304799926,0.526545984692018,0.014097261473103426,0.6615620657711904,0.6247508188496351,0.571097006441834,0.6784046312574361,0.03282192127423834,0.7748268616260708,0.7679956822261009,0.68306442628098,0.8529269381712218,0.11435089301564436,0.8883250180224549,0.8253750445145687,0.714528378806867,0.9362217102222702,0.2805768842293417,0.9450014326710078
semseg-ptv3-pheno4d-tomato,3,Tomato01,T01_0319_a,2476596,0.9645844039807957,0.9350751068509067,0.9940937011106847,0.9949458854007678,0.5899092627908418,0.5139699320381684,0.6658485935435152,0.01157839227714169,0.7530950305143853,0.7607454008558407,0.6994725700548957,0.8220182316567859,0.026873983483781772,0.8741510908107458,0.9025053676109307,0.8652489231939723,0.9397618120278892,0.10207680219139496,0.9565630154705442,0.9415638482052506,0.9046013280396679,0.9785263683708333,0.24906847947747635,0.9821591266483152,0.5841758976566103,0.5025032017697054,0.6658485935435152,0.013651398936281896,0.7472270697151646,0.7606944400812281,0.6993706485056702,0.8220182316567859,0.03136442116517995,0.8727036317056529,0.9003037267495368,0.8608456414711845,0.9397618120278892,0.11396489374932367,0.9557370369714255,0.9406734774239282,0.902820586477023,0.9785263683708333,0.27465601979491205,0.9815983840332132,0.653382285226553,0.5139699320381684,0.7927946384149375,0.016819860808949056,0.8300364893412714,0.7923011190167781,0.6994725700548957,0.8851296679786607,0.03731411986452372,0.9093624204648747,0.9085460378212559,0.8651321439964663,0.9519599316460454,0.12085903393205835,0.9632766379681877,0.9429608421766174,0.9046013280396679,0.9813203563135668,0.28002023745495835,0.9841311498103092,0.5791585043532339,0.5013020833333334,0.6570149253731343,0.010914174132559368,0.7449500554938957,0.7536184871722664,0.6897219223467222,0.8175150519978106,0.025923889080011434,0.8701774060402162,0.9013575093575432,0.8635332252836305,0.9391817934314559,0.10063934529491286,0.9560830193826908,0.9414680552590584,0.9045665822609178,0.9783695282571991,0.2475510741356281,0.9820497680578844,0.6098327127422789,0.5377486001158525,0.6819168253687055,0.012490531358364464,0.7678282795629404,0.7713869898695149,0.7132969655642687,0.8294770141747613,0.028359086423461882,0.8802716632969787,0.9041817530537213,0.8672782431076785,0.9410852629997639,0.10423339131614523,0.9574617267881492,0.9418315817582534,0.904880852571804,0.9787823109447029,0.2517015290342066,0.9823457600146304
semseg-ptv3-pheno4d-tomato,3,Tomato01,T01_0321_a,1672545,0.9693683572143876,0.9447703904059187,0.9939663240228565,0.99494482958605,0.6638181233816143,0.6056689834926151,0.7219672632706134,0.011319874801574845,0.8080071832250568,0.7735171868343362,0.711939787889155,0.8350945857795173,0.026489571282088075,0.88588195463266,0.8971395523255767,0.8510590758780946,0.9432200287730589,0.09649067738087765,0.958670260557053,0.9320791024641641,0.8897170693577879,0.9744411355705402,0.22941146576026356,0.9793980208547801,0.6616648174743166,0.6013623716780198,0.7219672632706134,0.013172739746912639,0.8112291212781408,0.7766712698524747,0.718247953925432,0.8350945857795173,0.03022878308206954,0.8896141142032081,0.8990571964193401,0.8548943640656214,0.9432200287730589,0.1056569479445994,0.9592849543900949,0.9340776302860692,0.893714125001598,0.9744411355705402,0.24276297498722008,0.9795139299365567,0.7138428646636108,0.586373672589633,0.8413120567375887,0.018340313713532373,0.8716218418907905,0.7850122158127888,0.6749918910152449,0.8950325406103328,0.04242516643797327,0.9152174525775811,0.8942300719274502,0.8314778432656625,0.9569823005892378,0.13360955908510683,0.9654357670896951,0.9350948804095855,0.8895060005581915,0.9806837602609795,0.28885321471171177,0.9836024176188111,0.6620398512912876,0.6068075117370892,0.717272190845486,0.010352486779130008,0.8062951198382905,0.7733400237539286,0.7126519802576141,0.8340280672502431,0.024984081145798767,0.8856582190633451,0.8952933079503941,0.8481216499114311,0.942464965989357,0.09417265305268319,0.958059273179775,0.9313658904360516,0.8886257594338958,0.9741060214382073,0.22663246728787567,0.9791453965540439,0.6721946778562434,0.6119959677419354,0.7323933879705514,0.012406841071540676,0.8143222013396945,0.7804141556074243,0.7189962223421479,0.8418320888727008,0.02835678561712839,0.8901281943155942,0.8955385002358889,0.8479061609296207,0.9431708395421572,0.09962960637830372,0.9583460857562937,0.9323298335104143,0.8897647682562715,0.9748948987645571,0.23272497899907027,0.9796913496196463
semseg-ptv3-pheno4d-tomato,3,Tomato01,T01_0324_a,2932759,0.9724483929959267,0.9495987618938438,0.9952980240980094,0.9956481251954218,0.5762171505529532,0.5292776358993069,0.6231566652065995,0.006650734001668736,0.73514483465778,0.7554726783003466,0.6916047445423916,0.8193406120583016,0.017790415100592993,0.8711643507426928,0.9145026276208492,0.8702317418245639,0.9587735134171347,0.07776568071225765,0.9675403826928811,0.942449058314415,0.9004003515281711,0.9844977651006587,0.20877133102310827,0.9863574597077135,0.5756275030390651,0.5462939855253307,0.6049610205527994,0.007458164820225596,0.7315868879440406,0.7492181360127685,0.7099086552246754,0.7885276168008616,0.020225323662803524,0.8541540225234339,0.9098653645924557,0.8770776402507635,0.942653088934148,0.08518190550263421,0.9561120495720885,0.9429484782109137,0.9080490634129575,0.9778478930088697,0.22554188734907982,0.9810661264475554,0.695937758415339,0.5243516761543326,0.8675238406763455,0.015531450078236909,0.8843249176728869,0.8030379371458787,0.6765542462413653,0.9295216280503921,0.03994463916059929,0.9385051387987844,0.9157163890285871,0.8547612767079926,0.9766715013491815,0.13952697783895643,0.9794329898166907,0.9443562894747335,0.8996866726579389,0.989025906291528,0.2877495218666109,0.9899834103566774,0.5610956573078696,0.5137958218368152,0.608395492778924,0.006076189690322321,0.7228395061728395,0.7463627374354747,0.680362626114929,0.8123628487560204,0.016725547513450643,0.8656935497023567,0.9123761386660094,0.8671886487281282,0.9575636286038907,0.07521074864999136,0.9666235974158449,0.9422309517531289,0.9002399138268703,0.9842219896793873,0.20527019097034568,0.9861413801809943,0.6003846763629594,0.5522943365026871,0.6484750162232317,0.007533520483612871,0.7546392685797049,0.7741322852245264,0.7163985252220546,0.8318660452269981,0.019658621796063026,0.8816734311582891,0.9162606495164107,0.8721291233021697,0.9603921757306518,0.08064215300336645,0.9686559212529176,0.9428983678978047,0.9010921079744488,0.9847046278211606,0.21145003731980705,0.9865302871001658
semseg-ptv3-pheno4d-tomato,3,Tomato01,T01_0325_a,3011661,0.9698389791885008,0.9502867199171504,0.9893912384598512,0.9909823848036017,0.5375377257473739,0.46555273994298385,0.6095227115517639,0.00771235540786297,0.7083566538941749,0.7220691694093696,0.6665007643357389,0.7776375744830003,0.020434902865893605,0.8453764034902426,0.8835285068823193,0.8412180170575693,0.9258389967070693,0.07783113703700384,0.9458108113873235,0.9341696125546098,0.8959504971236122,0.9723887279856075,0.2015618623742845,0.9774082591477277,0.5199123723624631,0.47767695099818513,0.5621477937267411,0.00940676922136987,0.6935404165195905,0.6836614609163509,0.6777170533756586,0.6896058684570434,0.02526778412311346,0.7970248889589739,0.8660146799313677,0.8536994588463266,0.8783299010164087,0.0909737184895644,0.9180785599053952,0.9296580116404729,0.905897405254167,0.9534186180267789,0.22760828659002458,0.9646582900424375,0.5963942320415065,0.44585166085241923,0.746936803230594,0.011572351602653817,0.7896246987260416,0.7523966949930689,0.6473024748886818,0.8574909150974562,0.030349033307533618,0.8867299044868218,0.8932997988746327,0.8361057399411967,0.9504938578080687,0.10924104671807351,0.9599935561722447,0.9370626435871623,0.8958277948296558,0.9782974923446688,0.24664462567334106,0.981514788438497,0.5235142647940375,0.4492978375118463,0.5977306920762286,0.007028347480011861,0.6968394198516559,0.7037043160223847,0.6410845767267911,0.7663240553179783,0.018741485180436973,0.8344524564604999,0.8797976924666038,0.8355473418002946,0.9240480431329129,0.07514623989884651,0.9442281775401542,0.9333737074226103,0.8949223742805272,0.9718250405646934,0.19776262999056002,0.9769860005305627,0.5585193214749202,0.4917605633802817,0.6252780795695587,0.008738699342323056,0.7245611368645034,0.7401474701036578,0.6911026960546331,0.7891922441526824,0.02236871945414839,0.8558938352605875,0.8878263150313013,0.8471621261531044,0.9284905039094983,0.08167187475615616,0.9478062186951148,0.9345569343784437,0.8961885173461025,0.9729253514107847,0.2049536783854491,0.977770793404952
semseg-ptv3-pheno4d-tomato,3,Tomato02,T02_0305_a,1518307,0.9695905354706401,0.9440313111545988,0.9951497597866814,0.9998116322983428,0.8049315377322699,0.7804370447450573,0.8294260307194826,0.0013086944866881336,0.8938097634625063,0.89859421124631,0.8693498452012384,0.9278385772913816,0.0028505434013015815,0.9512476894639557,0.9437362977263998,0.9052111410601976,0.9822614543926019,0.009161520035144408,0.9848310567936737,0.970326372604196,0.94725,0.993402745208392,0.02356045253035124,0.9941015319244102,0.8047130153597413,0.78,0.8294260307194826,0.001829669493718991,0.8970482361411087,0.9027820505097353,0.8777255237280889,0.9278385772913816,0.00485935980009313,0.9612361073461643,0.9604374453761679,0.9386134363597338,0.9822614543926019,0.028126064096391575,0.9933027351067816,0.9687170281814954,0.9440313111545988,0.993402745208392,0.09465674596771272,0.9980099917894766,0.8049315377322699,0.7804370447450573,0.8294260307194826,0.0013086944866881336,0.8938097634625063,0.89859421124631,0.8693498452012384,0.9278385772913816,0.0028505434013015815,0.9512476894639557,0.9437362977263998,0.9052111410601976,0.9822614543926019,0.009161520035144408,0.9848310567936737,0.970326372604196,0.94725,0.993402745208392,0.02356045253035124,0.9941015319244102,0.799665728815586,0.7795193312434692,0.8198121263877028,0.0012625905037650488,0.8899321857068336,0.8974837785477506,0.8691066997518611,0.9258608573436402,0.0027971945067762974,0.9503178714386625,0.9436382947119943,0.9052111410601976,0.982065448363791,0.009075898352572965,0.9846879535558781,0.9702948232323232,0.94725,0.9933396464646465,0.02336088814712703,0.9940511432518537,0.8159204369453774,0.7894211576846307,0.842419716206124,0.001402878337516721,0.9009389671361502,0.9012461131397274,0.8707107843137255,0.9317814419657291,0.0029730482702114923,0.9532565352237483,0.9439098101338907,0.905338716913414,0.9824809033543673,0.009261631540920249,0.9849950220452283,0.9703364491443534,0.94725,0.9934228982887067,0.02362499810644356,0.9941176470588236
semseg-ptv3-pheno4d-tomato,3,Tomato02,T02_0307_a,2660027,0.9716280815923545,0.9531879764968678,0.9900681866878411,0.9996375976634824,0.7343024535218095,0.798060467769538,0.6705444392740809,0.0018597555588721467,0.8568829593693147,0.8581593398610786,0.8824932895914107,0.8338253901307465,0.004007478119582996,0.926078799249531,0.9380703650702857,0.9200649218908501,0.9560758082497213,0.010154032271101008,0.9708256201406886,0.9663899238441067,0.9484259441062897,0.9843539035819237,0.02438133146768811,0.9878498188266133,0.7564562424615768,0.8423680456490727,0.6705444392740809,0.0032116215361723773,0.8965234695071989,0.867769138784786,0.9017128874388255,0.8338253901307465,0.0077890186828930685,0.9534726579468121,0.9476565615468587,0.9392373148439962,0.9560758082497213,0.03595940943456589,0.9899219052199094,0.9687709400393958,0.9531879764968678,0.9843539035819237,0.1041049583331297,0.9965188753511819,0.7343024535218095,0.798060467769538,0.6705444392740809,0.0018597555588721467,0.8568829593693147,0.8581593398610786,0.8824932895914107,0.8338253901307465,0.004007478119582996,0.926078799249531,0.9380703650702857,0.9200649218908501,0.9560758082497213,0.010154032271101008,0.9708256201406886,0.9663899238441067,0.9484259441062897,0.9843539035819237,0.02438133146768811,0.9878498188266133,0.7240589731216922,0.7911297572670063,0.656988188976378,0.00175637314959585,0.8508133561643836,0.8534538626547533,0.8811283753205612,0.8257793499889454,0.003896201053598328,0.9239675800849093,0.937405687844868,0.9200649218908501,0.9547464537988859,0.00995591398132425,0.9702450628705207,0.9662387163507424,0.9484259441062897,0.9840514885951952,0.02402231255547406,0.9876682316118935,0.7410108637661448,0.8023064250411862,0.6797153024911032,0.0019435892943943803,0.8607350096711799,0.8613594985732986,0.8835353236772095,0.8391836734693877,0.00408943217493657,0.927560213274499,0.9382969283145429,0.9200649218908501,0.9565289347382357,0.01022433230940889,0.9710262161267786,0.9664299485262895,0.9484259441062897,0.9844339529462892,0.024478698900424693,0.9878981478637466
semseg-ptv3-pheno4d-tomato,3,Tomato02,T02_0309_a,2530683,0.8575060305147029,0.750157331655129,0.9648547293742766,0.9962350084937545,0.6627212996186096,0.6910779866061785,0.6343646126310406,0.005619036441940772,0.7988748241912799,0.7718886492511539,0.7804833056631618,0.763293992839146,0.010975297972918774,0.8714671467146715,0.7415949520941781,0.6524713659774003,0.830718538210956,0.027814625537848872,0.8715442534450917,0.8115187513112851,0.6941164927886974,0.9289210098338729,0.060382908487550596,0.9387932726915778,0.6688295836642347,0.7032945546974289,0.6343646126310406,0.006984675678463087,0.8282982575243267,0.7795755873162751,0.7958571817934041,0.763293992839146,0.016540989132182892,0.9105351170568562,0.767887269105478,0.705056,0.830718538210956,0.06094560243222877,0.9402401545703282,0.839539170744501,0.750157331655129,0.9289210098338729,0.15998487364873434,0.9764665782434405,0.6627212996186096,0.6910779866061785,0.6343646126310406,0.005619036441940772,0.7988748241912799,0.7718886492511539,0.7804833056631618,0.763293992839146,0.010975297972918774,0.8714671467146715,0.7415949520941781,0.6524713659774003,0.830718538210956,0.027814625537848872,0.8715442534450917,0.8115187513112851,0.6941164927886974,0.9289210098338729,0.060382908487550596,0.9387932726915778,0.6430171193203759,0.6559688791636276,0.6300653594771242,0.005155130057774917,0.7830752721140579,0.7707342095885852,0.7769642174964981,0.7645042016806722,0.010699878254210425,0.8706329861880493,0.7420788823033035,0.6536639839809003,0.8304937806257068,0.027674347201921377,0.8715784964660527,0.8110195111191726,0.6934648662821186,0.9285741559562266,0.0601047227171479,0.938509986456813,0.6676089657275912,0.6936993137866501,0.6415186176685325,0.00588378710411379,0.8021490933512424,0.770939811421161,0.7772304324028462,0.7646491904394758,0.011200138460644814,0.870766299745978,0.7413143157439753,0.650524462139193,0.8321041693487576,0.02820029217408897,0.8720819437827537,0.8118147837468193,0.6941565024034532,0.9294730650901852,0.06079149383782955,0.9392046488650841
semseg-ptv3-pheno4d-tomato,3,Tomato02,T02_0311_a,2801320,0.945975456208053,0.9039740253964018,0.9879768870197042,0.9984585838104894,0.4864731514677998,0.31877071407050317,0.6541755888650964,0.0027115788271243556,0.7023433385992628,0.6873237341188151,0.5965212432278301,0.7781262250098001,0.006046792226521783,0.83292992502509,0.9035782843725948,0.8695972721408165,0.9375592966043731,0.022915982465409164,0.9559155697484227,0.9199756302826971,0.8703352722044311,0.9696159883609633,0.05612675453000728,0.9747629254145228,0.5787522418360103,0.5033288948069241,0.6541755888650964,0.0043925720731655075,0.7878098334010565,0.7430173698760767,0.7079085147423533,0.7781262250098001,0.012776476803792498,0.9111508479785421,0.9149616141835838,0.8923639317627945,0.9375592966043731,0.046493081832850225,0.9755839130234487,0.9351324155140603,0.9006488426671575,0.9696159883609633,0.11335191980923279,0.9864014990473491,0.4864731514677998,0.31877071407050317,0.6541755888650964,0.0027115788271243556,0.7023433385992628,0.6873237341188151,0.5965212432278301,0.7781262250098001,0.006046792226521783,0.83292992502509,0.9035782843725948,0.8695972721408165,0.9375592966043731,0.022915982465409164,0.9559155697484227,0.9199756302826971,0.8703352722044311,0.9696159883609633,0.05612675453000728,0.9747629254145228,0.48178324924335186,0.31448319195727303,0.6490833065294307,0.0025769994145617065,0.6977420695387173,0.6792286586274483,0.5851656405746115,0.7732916766802852,0.005881156026444676,0.8282245827010623,0.9011719364480101,0.8664464369985843,0.9358974358974359,0.022313766367283994,0.9547257950982274,0.9197156139625966,0.870114566284779,0.9693166616404142,0.055653406251338654,0.9745482768131466,0.49039349674578503,0.32622298065984073,0.6545640128317294,0.0028575814258992188,0.7040599625234228,0.6942636702087864,0.6060690423162584,0.7824582981013145,0.006198149443833621,0.8370097333410125,0.9068918429357431,0.8754072378268909,0.9383764480445954,0.023491782445418587,0.9569961098954535,0.9202041523253306,0.8705974432559352,0.969810861394726,0.056449816515071465,0.9749073570516145
semseg-ptv3-pheno4d-tomato,3,Tomato02,T02_0313_a,3583327,0.7472189746820221,0.6063780651662748,0.8880598841977696,0.994758223293604,0.3363121918131038,0.16507777220270947,0.5075466114234981,0.0010347925266100471,0.5512405609492989,0.4663773343221196,0.31901840490797545,0.6137362637362638,0.0017994450408796072,0.6729218362282878,0.6232922524648099,0.48993963782696176,0.756644867102658,0.005738521770410571,0.8027525166561299,0.6963233254887246,0.5802344494924,0.8124122014850491,0.01401965268589777,0.8505882118757091,0.45169885274215543,0.39585109406081276,0.5075466114234981,0.0021100502410190307,0.718820261870123,0.6173068833404523,0.6208775029446407,0.6137362637362638,0.004948473862418919,0.8547823144597338,0.7414083000888123,0.7261717330749667,0.756644867102658,0.01900412661194471,0.933595700314253,0.7779927020391733,0.7435732025932974,0.8124122014850491,0.05547023757530362,0.9598929405135636,0.3363121918131038,0.16507777220270947,0.5075466114234981,0.0010347925266100471,0.5512405609492989,0.4663773343221196,0.31901840490797545,0.6137362637362638,0.0017994450408796072,0.6729218362282878,0.6232922524648099,0.48993963782696176,0.756644867102658,0.005738521770410571,0.8027525166561299,0.6963233254887246,0.5802344494924,0.8124122014850491,0.01401965268589777,0.8505882118757091,0.3337200690258119,0.1627188465499485,0.5047212915016753,0.001004373868195674,0.5482078355098639,0.45976483224677467,0.3133159268929504,0.6062137376005989,0.0017589798530806705,0.6661907028399175,0.6209665063800881,0.4879594423320659,0.7539735704281103,0.005657033254291333,0.8007005081150412,0.6950666078356538,0.5794808266231207,0.8106523890481869,0.01387760592321047,0.8493806306306306,0.34613801184406373,0.17579250720461095,0.5164835164835165,0.0010925600705712875,0.5616858237547893,0.482592837118204,0.34191746819733165,0.6232682060390764,0.0018787009949133863,0.6849376114081996,0.6261641049189233,0.4924000980632508,0.7599281117745956,0.005934708163670243,0.8052760274616759,0.6998395836809519,0.5857910316851223,0.8138881356767816,0.014311002038050113,0.8522259706323979
semseg-ptv3-pheno4d-tomato,3,Tomato02,T02_0315_a,2136519,0.9800460705463611,0.9627388306277833,0.9973533104649388,0.9990287940336594,0.5982417753036756,0.4849637054960249,0.7115198451113263,0.0030741594153854937,0.773142509135201,0.7744578500465262,0.686241920590951,0.8626737795021016,0.007530005583849243,0.8943933366484336,0.9129820865788161,0.8621277286375071,0.9638364445201252,0.026962081778818724,0.9705060324624598,0.9651276007163124,0.9411764705882353,0.9890787308443896,0.08554522566848223,0.9906986414545136,0.6399628559531144,0.5684058667949026,0.7115198451113263,0.0043369611971623,0.806281027412044,0.8077461005929794,0.752818421683857,0.8626737795021016,0.011050217667149228,0.9127027828370536,0.9287741644524472,0.8937118843847691,0.9638364445201252,0.03932097023242012,0.9753124628020474,0.9691253932489634,0.9491720556535371,0.9890787308443896,0.11073152169486908,0.9912291825175417,0.6691983587484059,0.4849637054960249,0.8534330120007869,0.00541488280703331,0.8712075373843893,0.807927489419678,0.686241920590951,0.929613058248405,0.013037094451301393,0.9390033747397142,0.9265253474052764,0.8760932944606414,0.9769574003499112,0.04013725129521432,0.9801758518553071,0.9661985142567815,0.9413125280491594,0.9910845004644036,0.10195790442303579,0.992195928110726,0.5794565215530623,0.45999269272926563,0.6989203503768588,0.0028869389881391178,0.7603761348897535,0.7678151965947508,0.6763809523809524,0.8592494408085494,0.007311893786107215,0.8912431186787864,0.9112418794681179,0.8591911155312448,0.9632926434049908,0.026516029110904234,0.9700098849113888,0.9650029386583022,0.9410131852879945,0.98899269202861,0.08493863148420398,0.9906322152606724,0.610314259099861,0.48884448884448883,0.7317840293552332,0.0033657552308217244,0.786538728966764,0.7809451585832714,0.6917634252539913,0.8701268919125515,0.007907722795818806,0.8994377034625629,0.9141327970904151,0.8633805082019942,0.9648850859788359,0.02767164719808249,0.9712623264153177,0.9653019651879275,0.9413449263361281,0.9892590040397271,0.08680615524598657,0.9908337512064401
semseg-ptv3-pheno4d-tomato,3,Tomato02,T02_0317_a,2842484,0.8653841569167794,0.7505050856903999,0.9802632281431589,0.9899207875928238,0.5058509193876611,0.37067172396916676,0.6410301148061556,0.012213261358727086,0.7036812996889042,0.6168858128270491,0.469106463878327,0.7646651617757713,0.028238681378681463,0.8051776548562316,0.7321917306167677,0.5645164195773963,0.8998670416561391,0.09596078641075904,0.9113712435888506,0.7955167100615463,0.6390642696278167,0.9519691504952759,0.2203512842992256,0.9557336611611812,0.5118167091309092,0.3826033034556627,0.6410301148061556,0.013275712369884932,0.7097731609073563,0.6297013230703805,0.49473748436498977,0.7646651617757713,0.03135461800312684,0.8141711079943899,0.7437917290477877,0.5877164164394363,0.8998670416561391,0.10481044044575097,0.9157531165875632,0.8086129810989255,0.6652568117025751,0.9519691504952759,0.2415067244002077,0.9582652928931548,0.519992541938293,0.37067172396916676,0.6693133599074194,0.013075535341623735,0.7232222132536928,0.6277713025171161,0.469106463878327,0.7864361411559052,0.030621808249404393,0.8203396061671377,0.7371294858189097,0.5670666189111748,0.9071923527266446,0.10277982215555127,0.9172514119459182,0.7971999404015481,0.6390642696278167,0.9553356111752794,0.23565796676428083,0.9586088908926422,0.49686183024593644,0.3605962163195108,0.6331274441723621,0.011617303738561062,0.6960208345951184,0.610880727219253,0.46185143969954096,0.7599100147389651,0.027347911193167665,0.8009287846043017,0.7307409546039598,0.5627680558822997,0.8987138533256198,0.09486069226774892,0.910395341937398,0.7953900542565382,0.6390266765613405,0.951753431951736,0.21944046123038863,0.9555499265738526,0.5133231780328618,0.3786571861522322,0.6479891699134914,0.012940442232920221,0.71016502188511,0.6226619133495362,0.47705329982806505,0.7682705268710075,0.029087234967725414,0.8087082728592162,0.733919839266324,0.5669450455122588,0.9008946330203891,0.0971154103242094,0.9122764436748548,0.7959833200538429,0.6397864130646607,0.9521802270430251,0.22130186132973836,0.9559238021960204
semseg-ptv3-pheno4d-tomato,3,Tomato02,T02_0319_a,1542285,0.8935991605504987,0.8068150328233844,0.9803832882776129,0.9841456021422759,0.4633446814876849,0.25627624025362006,0.6704131227217497,0.019015292244948242,0.7040270058308044,0.5736870733745094,0.38699165215838577,0.7603824945906331,0.04277873415095135,0.7918668626945754,0.7631420542317876,0.6401925820256776,0.8860915264378976,0.1381411347448753,0.9052864780125133,0.8379339545450184,0.723997373748427,0.9518705353416097,0.3061658513180119,0.9572655364838679,0.45940668116600547,0.256696809418188,0.6621165529138229,0.020176556213669976,0.7093964907770423,0.570594989570645,0.3911985846970367,0.7499913944442532,0.04548056941486171,0.7924412636861314,0.7677613492650809,0.6625202451119534,0.8730024534182084,0.14997682010782704,0.9004915545141305,0.843568741921872,0.7437724224484363,0.9433650613953078,0.3371704970222754,0.9529877137686943,0.5000238209179306,0.25627624025362006,0.7437714015822411,0.023904142230521595,0.7645590907857976,0.6014190616233477,0.38680171336783864,0.8160364098788568,0.05405875049034387,0.8351644397534004,0.7768525325104612,0.6422276990726786,0.9114773659482437,0.1712874079693442,0.9236147387706587,0.8413274213571911,0.723997373748427,0.9586574689659553,0.3507931413454712,0.9627021402047602,0.45338365633275923,0.24443018245163656,0.6623371302138819,0.017553175969421995,0.6955895390070922,0.5623919128503826,0.370152596948061,0.7546312287527042,0.04080892960769248,0.7855542668297876,0.7593078215722078,0.6352905021873532,0.8833251409570623,0.13490891761250354,0.903031701174616,0.8369291723893919,0.7231491136600625,0.9507092311187214,0.29961582975909123,0.9563313012748516,0.4716542461293156,0.26596591813983117,0.6773425741188001,0.020689431590140604,0.7111159860854305,0.581304683338133,0.3988226325597154,0.7637867341165507,0.045070139435966765,0.7957877170519774,0.7694417604237582,0.6501005757092322,0.8887829451382842,0.14195041772435055,0.9078281444127749,0.8453328155201237,0.738162282807573,0.9525033482326745,0.31235212687667974,0.9581119119185612
semseg-ptv3-pheno4d-tomato,3,Tomato02,T02_0321_a,1774166,0.9480818620345106,0.9049654888224993,0.9911982352465218,0.9915887239412772,0.5169371200986529,0.37554466230936817,0.6583295778879376,0.009080886455946062,0.7152256222456707,0.6890417601173535,0.5525780189959294,0.8255055012387778,0.025783382163788508,0.8554564533053515,0.8792135691833907,0.8052354531227771,0.9531916852440043,0.10178190766816633,0.9594136605788081,0.9244676022912213,0.871985764090645,0.9769494404917977,0.25688689784383195,0.9784864841144462,0.5369260507163505,0.41552252354476343,0.6583295778879376,0.010537909079533708,0.7243795464270432,0.7089817374435596,0.5924579736483416,0.8255055012387778,0.028904285168355158,0.859733624539303,0.8836662968830458,0.8141409085220873,0.9531916852440043,0.110363968196888,0.9596024596024596,0.9262874494448231,0.8756254583978486,0.9769494404917977,0.2760034855813943,0.9787900570989797,0.6178009280290231,0.3744738628649016,0.8611279931931445,0.02012494884920577,0.8709144377538159,0.7377998645693549,0.551516382344977,0.9240833467937328,0.05348033949472597,0.9299979975338047,0.8893091398481401,0.8052354531227771,0.973382826573503,0.17095130895305174,0.9751892540620384,0.9282264358970107,0.872002033442873,0.9844508383511484,0.3758058716038973,0.9849566998929121,0.503545066232772,0.35816188616909445,0.6489282462964495,0.008173981465094021,0.7051441180526824,0.6743036473492408,0.5366871860185382,0.8119201086799434,0.023808369679049198,0.8445785984848485,0.8756770722974967,0.8004555010511563,0.950898643543837,0.0968832679692881,0.9576233222989522,0.9243485053156466,0.8718181818181818,0.9768788288131115,0.25341484393230396,0.9784408362989324,0.5298488437665163,0.38495629693463007,0.6747413905984025,0.01039699780065676,0.7282337634175431,0.7050110469789315,0.5715301570883703,0.8384919368694926,0.027983289049615424,0.8661550546860838,0.8831726022820299,0.8118971942130645,0.9544480103509951,0.1056992412209455,0.9604699031611279,0.9247495049250584,0.8722316865417377,0.9772673233083791,0.26204143242515077,0.9787461954592874
semseg-ptv3-pheno4d-tomato,3,Tomato02,T02_0324_a,3311762,0.9603159879927664,0.9273111719643662,0.9933208040211666,0.9942073132066858,0.5782723916751242,0.5498849025882881,0.6066598807619602,0.00918785830624302,0.7332062573945051,0.7211328060411641,0.6617723718505647,0.7804932402317635,0.023160480735028664,0.8458579958801595,0.8652314380221633,0.7972698644041329,0.9331930116401936,0.08965680504818885,0.9469591340486727,0.9141893323102195,0.8553673111820287,0.9730113534384104,0.2433157938281797,0.9766667824930132,0.5798081379770562,0.5529563951921522,0.6066598807619602,0.009467769724998354,0.7322596077180673,0.7239828991210228,0.667472558010282,0.7804932402317635,0.02378582760476145,0.8462671219834207,0.8690376298439546,0.8048822480477157,0.9331930116401936,0.09238375221407819,0.9475867208362069,0.9180098277617078,0.8630083020850052,0.9730113534384104,0.25061915681138924,0.9770009554320469,0.6561895798938198,0.5254009978005472,0.7869781619870925,0.015637597146171734,0.827218660693597,0.7700032428891839,0.6568833184810418,0.8831231672973261,0.03810207376013131,0.904267543685858,0.8773900636009648,0.7972698644041329,0.9575102627977966,0.13037953814313952,0.9635259132996438,0.9172523084123764,0.8548850574712644,0.9796195593534883,0.3129168098432194,0.9817669684436836,0.5577480777620429,0.5245349975526187,0.5909611579714672,0.008388887848824885,0.7171189979123174,0.7129172005665474,0.6515720964341369,0.7742623046989577,0.021881403313402353,0.8406563077857202,0.8633686106832525,0.7953346882928838,0.9314025330736213,0.08659921818053351,0.9457035662979958,0.914525345174398,0.8561327834921236,0.9729179068566723,0.2391705684164502,0.9766158802943152,0.5953386766388403,0.5642325196524617,0.626444833625219,0.010192761436359256,0.7470671880554568,0.7233035629298903,0.6603862720578019,0.7862208538019788,0.024634016574862565,0.8484347037336667,0.8684705852877728,0.8016298465652257,0.9353113240103199,0.09251087487567042,0.9485857154980514,0.9152949474345501,0.8570136446213907,0.9735762502477094,0.24832219223482846,0.9771311212280395
semseg-ptv3-pheno4d-tomato,3,Tomato02,T02_0325_a,3455376,0.951091586307103,0.9124128656896646,0.9897703069245414,0.9909925866244368,0.6038394540213003,0.4831895509151012,0.7244893571274995,0.008465359486203528,0.7808621927455471,0.7465354190349205,0.6374226584168978,0.8556481796529432,0.021337764688994773,0.8847551878475519,0.8532914921925103,0.7657893879678186,0.9407935964172021,0.08296521131130158,0.9495562935160251,0.8925987038841638,0.8129546105030447,0.9722427972652828,0.22093775033455115,0.9744532192506644,0.6090048963384602,0.49352043554942104,0.7244893571274995,0.008815249049596918,0.7831582403151675,0.7518108088611721,0.6479734380694011,0.8556481796529432,0.022161408772880288,0.8864657333890514,0.8586177493043087,0.7764419021914153,0.9407935964172021,0.08614576242932752,0.9507568885932556,0.8994955063167367,0.8267482153681905,0.9722427972652828,0.23056419909150264,0.9752725666071702,0.6555970841204053,0.4831895509151012,0.8280046173257094,0.012515859344974324,0.8517816264712003,0.774103984387837,0.6371545547594678,0.9110534140162063,0.0319704715203208,0.9229836154612112,0.8626363684387333,0.7657682599136878,0.9595044769637786,0.11498748616648376,0.9635990687724155,0.895211223631335,0.8129546105030447,0.9774678367596251,0.2666022453128111,0.978828954495767,0.5860014786258824,0.4608688005627858,0.711134156688979,0.007657053819902668,0.7682742459747525,0.73994835040714,0.629134349647856,0.8507623511664242,0.020202432383624822,0.8808142449897575,0.8542255637875218,0.7675691719157075,0.9408819556593362,0.08147130731937711,0.9497183088585293,0.8922094938806642,0.8123805846772197,0.9720384030841087,0.21910842698450184,0.9742782346368125,0.6206260310190757,0.5056551116333725,0.7355969504047788,0.009357592343061941,0.7918290344528979,0.7555824784205822,0.6523355614444488,0.8588293953967157,0.022770025606475244,0.888280227252507,0.8532870828778041,0.7654715399579307,0.9411026257976776,0.08601755641064822,0.94977844917789,0.8935904817553025,0.8144507538672411,0.972730209643364,0.22491676737929533,0.9748781479518047
semseg-ptv3-pheno4d-tomato,4,Tomato01,T01_0305_a,1962709,0.9413894347070895,0.8905745399924897,0.9922043294216892,0.9992576586748214,0.5593445704597984,0.5021645021645021,0.6165246387550944,0.001907058050887829,0.7234838364947903,0.7930438717808822,0.7633744855967078,0.8227132579650566,0.004675680398877266,0.8872180451127819,0.8919083270984479,0.8251984462084108,0.9586182079884851,0.015232517912742032,0.965381141920594,0.9228600269845,0.860774818401937,0.9849452355670628,0.03828789698320026,0.9862271783680204,0.588982658360598,0.5614406779661016,0.6165246387550944,0.0035349101675286555,0.791150187373883,0.7998193476078734,0.7769254372506904,0.8227132579650566,0.009445618275556896,0.9215707427585091,0.901960449882103,0.8453026917757208,0.9586182079884851,0.035712884589615676,0.9792564270836306,0.9317881436599922,0.8786310517529216,0.9849452355670628,0.10560709712952862,0.9929851984793222,0.5593445704597984,0.5021645021645021,0.6165246387550944,0.001907058050887829,0.7234838364947903,0.7930438717808822,0.7633744855967078,0.8227132579650566,0.004675680398877266,0.8872180451127819,0.8919083270984479,0.8251984462084108,0.9586182079884851,0.015232517912742032,0.965381141920594,0.9228600269845,0.860774818401937,0.9849452355670628,0.03828789698320026,0.9862271783680204,0.5472503981167347,0.48863636363636365,0.6058644325971059,0.0018418420662461934,0.7136929460580913,0.7878149272891534,0.7584597432905484,0.8171701112877583,0.004540153430793867,0.8838514195937606,0.8914077531827425,0.8249915454852892,0.9578239608801956,0.014988976970095923,0.9648186546109657,0.9225138175671016,0.860248447204969,0.9847791879292342,0.03789150607655032,0.9860830980233966,0.5751526531292404,0.5168067226890757,0.6334985835694051,0.0020028440283302315,0.7367082167387433,0.7997395157048566,0.7701021768103066,0.8293768545994066,0.004857062356161815,0.8914297702716878,0.8925782360367093,0.8259334006054491,0.9592230714679695,0.015434279865227092,0.965833690951705,0.9237159575236582,0.8623853211009175,0.9850465939463989,0.038569650416847324,0.9863277895932683
semseg-ptv3-pheno4d-tomato,4,Tomato01,T01_0307_a,1921834,0.8383805634584711,0.7452386434656755,0.9315224834512669,0.99596999532738,0.44739680704858564,0.43946273174423006,0.45533088235294117,0.004039370726087685,0.6183176606981837,0.5567365867971253,0.5541448842419716,0.5593282893522791,0.008728121159267658,0.7152736377727436,0.6826666140609998,0.5821484533689281,0.7831847747530716,0.022498821438271983,0.8334836605841949,0.7633294459872817,0.6337555318174882,0.892903360157075,0.041464559374014616,0.9096476257403875,0.4734331002541121,0.4915353181552831,0.45533088235294117,0.005130515955072083,0.6466531440162272,0.5752304578773075,0.591132626402336,0.5593282893522791,0.012555194673421326,0.7794769779103983,0.705369737701133,0.6275547006491945,0.7831847747530716,0.04511315753597865,0.9106689734717416,0.800852552357366,0.7088017445576569,0.892903360157075,0.11480388004374988,0.9648966161153766,0.44739680704858564,0.43946273174423006,0.45533088235294117,0.004039370726087685,0.6183176606981837,0.5567365867971253,0.5541448842419716,0.5593282893522791,0.008728121159267658,0.7152736377727436,0.6826666140609998,0.5821484533689281,0.7831847747530716,0.022498821438271983,0.8334836605841949,0.7633294459872817,0.6337555318174882,0.892903360157075,0.041464559374014616,0.9096476257403875,0.4442843477811613,0.4378943217665615,0.4506743737957611,0.003856212347164219,0.6153015787343139,0.5490996481771471,0.5462307169884545,0.5519685793658397,0.008361284065116966,0.7089426846723504,0.6812821499250292,0.5820029027576198,0.7805613970924385,0.022289125907856765,0.8319170790923522,0.7630494163357241,0.6336996336996337,0.8923991989718145,0.04129909242941898,0.9092856242912939,0.4547487556614939,0.44802550026562776,0.4614720110573601,0.004328157374674399,0.625270497715797,0.5671088936809967,0.5659756206068155,0.5682421667551779,0.009188618788095121,0.7237669177190101,0.685144073559025,0.5833815530609883,0.7869065940570616,0.022827153645944447,0.8358787326191018,0.7643034299755826,0.6348328853273825,0.8937739746237828,0.04178144418300436,0.9103328891490342
semseg-ptv3-pheno4d-tomato,4,Tomato01,T01_0309_a,2177884,0.9486943903764162,0.9126694144963012,0.9847193662565312,0.9977721494808722,0.4888274814324117,0.2792091072498502,0.6984458556149733,0.006137149636987094,0.7299865329941643,0.6410578608915483,0.4570607258354294,0.8250549959476671,0.013649487300517384,0.8475123624987385,0.8641217906743787,0.7947010869565218,0.9335424943922356,0.03937583452562212,0.947140724847241,0.8980313771709347,0.8290530603009391,0.9670096940409304,0.07318479772109075,0.9715599668732904,0.5641140574289977,0.42978225924302205,0.6984458556149733,0.007999507779110366,0.7760303065090116,0.7315097394303325,0.637964482912998,0.8250549959476671,0.01962914461927265,0.8865029239766082,0.8952310390040856,0.8569195836159358,0.9335424943922356,0.06182514771218302,0.9639653021210861,0.9307794710315928,0.8945492480222551,0.9670096940409304,0.13702520428085244,0.9837413085364832,0.48959208376043095,0.2792091072498502,0.6999750602710118,0.006165158474923366,0.7312132270797647,0.6425901968387703,0.4570607258354294,0.8281196678421112,0.01386161981078882,0.8498459703865646,0.8642445868892041,0.7947010869565218,0.9337880868218866,0.039492002328866,0.9472962131869921,0.898042534136011,0.8290530603009391,0.967032007971083,0.07322749971991162,0.9715765514387293,0.4817678953703497,0.2757985257985258,0.6877372649421736,0.005819410032857581,0.7209247277891747,0.6255224573530193,0.43378767037639115,0.8172572443296473,0.012969928609604551,0.8396997911282614,0.8626176395953733,0.7923024054982818,0.9329328736924648,0.03897406840768379,0.9465958223866354,0.8975448752682813,0.8282434070930585,0.9668463434435042,0.07281655037642042,0.9714161401384738,0.49752732789080123,0.28429655575014595,0.7107581000314565,0.006509529433156219,0.7405657050151654,0.6537188040231635,0.4743128841470486,0.8331247238992785,0.014350626571479473,0.8549625647917066,0.8646322483828686,0.7947475662214173,0.9345169305443198,0.039844179028818795,0.9477620540241541,0.8981855611173044,0.8291046182846371,0.9672665039499718,0.07368344686861192,0.971752433416005
semseg-ptv3-pheno4d-tomato,4,Tomato01,T01_0311_a,2080173,0.9022701626892767,0.8199890222657089,0.9845513031128446,0.9963738592895879,0.3569020549960551,0.14855344026382852,0.5652506697282816,0.006757130296374388,0.5959021058622652,0.5140146516962486,0.2790954219525648,0.7489338814399323,0.013729146566175025,0.7711754613256767,0.68643605087677,0.4578187769677131,0.9150533247858267,0.0442025735359511,0.9207386703498679,0.793385997139178,0.6215795212627863,0.9651924730155698,0.10640989956123842,0.9670749172129333,0.3890309814216052,0.21281129311492875,0.5652506697282816,0.007336889768302925,0.6126982046913904,0.604765637891876,0.4605973943438195,0.7489338814399323,0.01670918716856723,0.8046492893722309,0.784052581163899,0.6530518375419714,0.9150533247858267,0.058924906726507846,0.9384616639744154,0.8663712750285861,0.7675500770416025,0.9651924730155698,0.1522229160747688,0.9761787462498026,0.4228770978770979,0.143001443001443,0.7027527527527527,0.010081373039646221,0.7167993896333031,0.5484707147734901,0.2704147071398033,0.8265267224071768,0.02013246013672901,0.83700661429356,0.6962813251259596,0.4578187769677131,0.9347438732842062,0.056647692283286054,0.9381518538319883,0.7951958526970724,0.6215795212627863,0.9688121841313586,0.11809210099352313,0.9703320143943465,0.354788569467716,0.14305794158987975,0.5665191973455522,0.006525418799301789,0.5957713275379402,0.5107103657309686,0.2750758171402898,0.7463449143216475,0.013408980887647326,0.7686157817373535,0.6830295402616752,0.45305816135084426,0.913000919172506,0.04317333221804148,0.9188491003028684,0.7924263130499944,0.6199217731421122,0.9649308529578766,0.1056186192206129,0.9668282469675247,0.36313085640416015,0.1543818920487522,0.5718798207595681,0.007055663158785351,0.602916127273966,0.5187956846943882,0.2820820602357049,0.7555093091530715,0.014178628412156105,0.7769376822404557,0.6894585350777469,0.4623782826792564,0.9165387874762374,0.04499145023034142,0.9221284325248424,0.7935101187429616,0.6215795212627863,0.9654407162231369,0.10713291634878445,0.9672971214466806
semseg-ptv3-pheno4d-tomato,4,Tomato01,T01_0313_a,1924288,0.952464649193876,0.9135152513764417,0.9914140470113101,0.9966449928493032,0.5446960623821666,0.3966852329846488,0.6927068917796845,0.00902775468121196,0.7443587381994013,0.7582270081787827,0.6720583007465339,0.8443957156110314,0.024379926497488942,0.8820181608901394,0.8930233202977688,0.837804842600936,0.9482417979946015,0.07100392456846376,0.9591603723871421,0.933554726428298,0.8893211936879111,0.9777882591686847,0.1545132537333289,0.9811521282892967,0.5584829738810607,0.4242590559824369,0.6927068917796845,0.010564426946486181,0.7419941954842836,0.7621316857581927,0.6798676559053539,0.8443957156110314,0.02757279575614461,0.8796411474235742,0.8942480597364226,0.8402543214782436,0.9482417979946015,0.08416931353310939,0.960287961670968,0.9350806762210015,0.8923730932733184,0.9777882591686847,0.1900240504539861,0.9823443025097016,0.6187148462850519,0.3966852329846488,0.8407444595854551,0.01600903814813583,0.8558397714730896,0.7925006268041639,0.6720583007465339,0.9129429528617939,0.038934920344563806,0.9261231680948186,0.9020139036764827,0.837804842600936,0.9662229647520294,0.10082898194033325,0.9712406712571641,0.9364961422336029,0.8893211936879111,0.9836710907792946,0.20174942628130507,0.9855650346191889,0.5271299578544616,0.3693550714182658,0.6849048442906575,0.008539262314165031,0.7339946445959105,0.7425997755199953,0.6510469223007064,0.8341526287392842,0.02270190324940965,0.8733432528327801,0.8918017304327495,0.836627140974967,0.9469763198905318,0.06953792779459207,0.9582993924266316,0.9333872401722317,0.8891219184044953,0.9776525619399682,0.15366982489107658,0.981048680272569,0.5627599611273081,0.42095238095238097,0.7045675413022352,0.009743863704393521,0.7568,0.7655176400237169,0.6811084864896008,0.8499267935578331,0.02531014068580171,0.8863543035479632,0.894455653994596,0.8398784612738635,0.9490328467153285,0.0721825423221472,0.9597840172786177,0.9340134921400669,0.8900594432346537,0.9779675410454802,0.15575683057837497,0.9813026114286286
semseg-ptv3-pheno4d-tomato,4,Tomato01,T01_0315_a,2438364,0.9630133706280191,0.932043269931674,0.9939834713243642,0.9971325035966738,0.5885951774731535,0.47596717467760846,0.7012231802686986,0.007800722123522165,0.7649965827243573,0.7453964743287526,0.6493537293964188,0.8414392192610863,0.0197878577603672,0.8774300518134716,0.9083471005164476,0.8573669467787115,0.9593272542541839,0.07987035569750865,0.9673175766226965,0.9395267276186319,0.8951970098628422,0.9838564453744214,0.18399344806599835,0.9858127731849154,0.598982443214918,0.49674170616113744,0.7012231802686986,0.00974423834997564,0.785479797979798,0.7530876260323884,0.6647360328036904,0.8414392192610863,0.023629777998690926,0.8864764483321185,0.9118512362359874,0.8643752182177911,0.9593272542541839,0.09110083646248059,0.9685239289267434,0.9440279692104689,0.9041994930465164,0.9838564453744214,0.21227019427780267,0.9864912904372556,0.645689236496386,0.47596717467760846,0.8154112983151636,0.011596299814137677,0.8419154052907059,0.7751997459832425,0.6493537293964188,0.9010457625700661,0.02900182253346916,0.916370886774043,0.9140287177887756,0.8573669467787115,0.9706904887988396,0.10475261281744645,0.975080747773319,0.9411467154594441,0.8951970098628422,0.9870964210560459,0.22459403107985518,0.9883774436584484,0.5770420355405906,0.469089135471284,0.6849949356098972,0.007246251995190218,0.753579715886581,0.7399365804684781,0.6429789307027158,0.8368942302342403,0.019072213992660653,0.873927534673691,0.9076899820916113,0.8565763086144348,0.9588036555687879,0.07895375751938595,0.9669381564321258,0.939321426829302,0.8948802642444261,0.9837625894141777,0.18298375468141753,0.9857344889181745,0.6077109256149857,0.5017312270071413,0.7136906242228301,0.008497910894353755,0.7777616910380774,0.7562184544571058,0.6659762651141962,0.8464606438000154,0.020817236474947955,0.8824468085106383,0.9096188398144165,0.8593152531883386,0.9599224264404944,0.08107690238208898,0.9678039404132629,0.9400113085226303,0.8960714518973287,0.9839511651479317,0.18515734320224544,0.9859019537920755
semseg-ptv3-pheno4d-tomato,4,Tomato01,T01_0317_a,2450405,0.8919416351460816,0.8049559528102622,0.9789273174819011,0.9845494928389389,0.45251318923879424,0.42230056016998263,0.4827258183076058,0.013006829483289496,0.6246548694779116,0.6079221312030094,0.5540886069725132,0.6617556554335056,0.031079760284524395,0.7618503637175346,0.7738170165310584,0.6910674343467815,0.8565665987153352,0.11211493610239939,0.8914085619542309,0.8295123202698724,0.7208425192616434,0.9381821212781014,0.27820380712576087,0.946691564766353,0.45313516942777554,0.4235445205479452,0.4827258183076058,0.015402351856121743,0.6432091569074241,0.6192225751001357,0.5766894947667658,0.6617556554335056,0.035858970251856324,0.7763033606846556,0.7819085853187302,0.7072505719221253,0.8565665987153352,0.12344694040372918,0.8963553116580439,0.840274364144253,0.7423666070104047,0.9381821212781014,0.30020425195018785,0.9485333500085642,0.5439038427419705,0.42124277456647397,0.6665649109174668,0.018274122032888442,0.7316822617744925,0.6736723108408817,0.5519175197139639,0.7954271019677996,0.04569734390845595,0.8366003732909437,0.801237988499488,0.6906526193778072,0.9118233576211687,0.16557467030960188,0.9263269455912256,0.8384150297501631,0.7208425192616434,0.9559875402386829,0.3752595999436828,0.9604790666617367,0.44244063173203296,0.4148721059549085,0.4700091575091575,0.012262054639947274,0.6147701933637302,0.600030250307438,0.5468848970077782,0.6531756036070978,0.029852208104374583,0.7555160628844839,0.7731179087100557,0.6914380041735447,0.8547978132465667,0.11071108653467487,0.8904444370721781,0.8285389595852335,0.7193159963853467,0.9377619227851202,0.2762951430477819,0.9463233067714372,0.4627377070521809,0.4333124046999731,0.49216300940438873,0.014097261473103426,0.6342056507642427,0.6170360392328185,0.5647873161377827,0.6692847623278543,0.03282192127423834,0.7685976102552625,0.774949467977196,0.6914445571643764,0.8584543787900155,0.11435089301564436,0.8925397743089013,0.8306665643854558,0.7226322497920181,0.9387008789788934,0.2805768842293417,0.9471424394969216
semseg-ptv3-pheno4d-tomato,4,Tomato01,T01_0319_a,2476596,0.9589500072113745,0.9250165449946902,0.9928834694280587,0.9940963322237458,0.5811979705867236,0.5255255255255256,0.6368704156479218,0.01157839227714169,0.7410287707061901,0.7332816912299691,0.6724589383480124,0.7941044441119258,0.026873983483781772,0.8552797644089188,0.8845100077779265,0.8416098552804688,0.9274101602753843,0.10207680219139496,0.9476153368433128,0.9306409325517774,0.8871503243491734,0.9741315407543814,0.24906847947747635,0.9785017881402369,0.5784724028792065,0.5200743901104912,0.6368704156479218,0.013651398936281896,0.7404833032624449,0.7375166632751211,0.6809288824383164,0.7941044441119258,0.03136442116517995,0.8584909303912355,0.8842718773526617,0.8411335944299391,0.9274101602753843,0.11396489374932367,0.9482612623784301,0.9312513906133402,0.888371240472299,0.9741315407543814,0.27465601979491205,0.9785052307221866,0.6516981819844432,0.5255255255255256,0.7778708384433609,0.016819860808949056,0.821730362972921,0.7699271714469524,0.6724589383480124,0.8673954045458926,0.03731411986452372,0.8957711119767996,0.8918840184540294,0.8416098552804688,0.94215818162759,0.12085903393205835,0.9557562333162947,0.9323234291480649,0.8871503243491734,0.9774965339469562,0.28002023745495835,0.9808780715706052,0.5711578251212499,0.5149213603979029,0.627394289844597,0.010914174132559368,0.7330003699593045,0.727539962279072,0.6645252382633251,0.790554686294819,0.025923889080011434,0.851969534133919,0.8829873598252007,0.8393971777621256,0.9265775418882757,0.10063934529491286,0.9469393322981989,0.9305263075342737,0.8871099604850797,0.9739426545834676,0.2475510741356281,0.9783700112871971,0.5974825506432294,0.5433896679851372,0.6515754333013216,0.012490531358364464,0.7537014288485162,0.7440085319124977,0.6857263185175586,0.8022907453074368,0.028359086423461882,0.8618760144659282,0.8864696833244263,0.8439356085603846,0.9290037580884679,0.10423339131614523,0.9486991756538986,0.9309574223426416,0.8874750647256059,0.9744397799596772,0.2517015290342066,0.9787266809226727
semseg-ptv3-pheno4d-tomato,4,Tomato01,T01_0321_a,1672545,0.9631286278811619,0.9353283250226953,0.9909289307396287,0.9925251637474627,0.6679304361147527,0.6162121857690669,0.7196486864604383,0.011319874801574845,0.8094860825014525,0.7531145704015307,0.6863848708279394,0.8198442699751219,0.026489571282088075,0.874145130346462,0.8845181342713362,0.8332303618711385,0.9358059066715337,0.09649067738087765,0.9531431049973665,0.9204828543683634,0.8712410402878094,0.9697246684489176,0.22941146576026356,0.9755512756026177,0.6637008215482219,0.6077529566360053,0.7196486864604383,0.013172739746912639,0.8101397966594045,0.7567638207502391,0.6936833715253562,0.8198442699751219,0.03022878308206954,0.878300599299828,0.8868318379726161,0.8378577692736985,0.9358059066715337,0.1056569479445994,0.9539430498653206,0.923056656213526,0.8763886439781343,0.9697246684489176,0.24276297498722008,0.9758196398313433,0.7142498619539873,0.5912110373019929,0.8372886866059818,0.018340313713532373,0.8694702526487368,0.7654166822838316,0.6466065747613998,0.8842267898062635,0.04242516643797327,0.906014825671524,0.8833475143913507,0.8145208256940101,0.9521742030886915,0.13360955908510683,0.9615023180052625,0.9240865828454281,0.8710496691469207,0.9771234965439354,0.28885321471171177,0.9805493459181984,0.6655431168380092,0.6171435137308974,0.7139427199451209,0.010352486779130008,0.8073346809125036,0.7443614188345076,0.6757077571369221,0.8130150805320931,0.024984081145798767,0.8691459066216766,0.8818367731660013,0.8291127751304742,0.9345607712015285,0.09417265305268319,0.9521611600680601,0.9196579727344392,0.8699877987909711,0.9693281466779073,0.22663246728787567,0.9752514819827306,0.6737416031436196,0.6188544861014937,0.7286287201857454,0.012406841071540676,0.8141294395450822,0.7581985674686147,0.6909855257556407,0.8254116091815887,0.02835678561712839,0.8774774394872228,0.883307929490472,0.830535640797938,0.9360802181830059,0.09962960637830372,0.953023074384133,0.9207711239841897,0.8712838672486206,0.9702583807197588,0.23272497899907027,0.975896804823722
semseg-ptv3-pheno4d-tomato,4,Tomato01,T01_0324_a,2932759,0.9661088646586132,0.9368622233247262,0.9953555059925002,0.9957279135448907,0.5874202385897804,0.5537505548158012,0.6210899223637597,0.006650734001668736,0.7422712125096129,0.7306684624522847,0.6684498956158664,0.7928870292887029,0.017790415100592993,0.8538955438428366,0.8959324718669063,0.842840913003064,0.9490240307307486,0.07776568071225765,0.9599680796955294,0.9295530182853854,0.8782128728116931,0.9808931637590776,0.20877133102310827,0.9832069197551431,0.5882379863668245,0.5694140530026744,0.6070619197309745,0.007458164820225596,0.7411877657385818,0.7374606787996447,0.6887594641817123,0.7861618934175773,0.020225323662803524,0.8541540225234339,0.8995262425181831,0.8523021571577005,0.9467503278786659,0.08518190550263421,0.9592543371574507,0.9341708908305297,0.8883485499743775,0.979993231686682,0.22554188734907982,0.9828697124542678,0.7072819869062643,0.5463303555789105,0.8682336182336182,0.015531450078236909,0.8862788144895719,0.7823297511091516,0.6470340588557235,0.9176254433625797,0.03994463916059929,0.9284324102844266,0.8965725749757112,0.8224912681354111,0.9706538818160114,0.13952697783895643,0.9741666035351992,0.9306392386282958,0.8750910843146934,0.9861873929418982,0.2877495218666109,0.9874060907690485,0.5739995043233538,0.5413432978825333,0.6066557107641742,0.006076189690322321,0.7313692480359147,0.7213102619616949,0.6576944240645635,0.7849260998588262,0.016725547513450643,0.847814564136019,0.8932991417156805,0.8392453762530001,0.9473529071783608,0.07521074864999136,0.9587033888699988,0.9295188764926687,0.8784133849846709,0.9806243680006665,0.20527019097034568,0.9830035481256063,0.6064247033038702,0.5695449429168676,0.6433044636908728,0.007533520483612871,0.7576717660903413,0.7484456988592463,0.6910746091430833,0.8058167885754093,0.019658621796063026,0.8646234432996843,0.8981036753483875,0.8451124758253317,0.9510948748714433,0.08064215300336645,0.9613960017589555,0.9300910854525641,0.8790338709867175,0.9811482999184108,0.21145003731980705,0.9834196590403333
semseg-ptv3-pheno4d-tomato,4,Tomato01,T01_0325_a,3011661,0.976712029570254,0.960522410210745,0.9929016489297632,0.993873812490848,0.5886598506862957,0.5143530600218874,0.6629666413507039,0.00771235540786297,0.7516252637017264,0.7696410694260502,0.71713535808024,0.8221467807718603,0.020434902865893605,0.8774190403457744,0.9128976000282707,0.8775874227402829,0.9482077773162584,0.07783113703700384,0.9622313897978251,0.9514600495310216,0.9219344067180216,0.9809856923440216,0.2015618623742845,0.9844407909909791,0.564755911765275,0.5116637154515359,0.6178481080790139,0.00940676922136987,0.7291210730674197,0.7304960812271206,0.7189704414851519,0.7420217209690894,0.02526778412311346,0.8294961759836001,0.9009421349340638,0.8842668360243289,0.9176174338437987,0.0909737184895644,0.9435145374513654,0.9486608541750043,0.9276131314438549,0.9697085769061538,0.22760828659002458,0.9765594569636706,0.6567010483518427,0.5142231947483589,0.7991789019553267,0.011572351602653817,0.8343854011247561,0.8060957144026581,0.7167853128512551,0.8954061159540612,0.030349033307533618,0.9172984978282513,0.922127916630884,0.8775975776680908,0.9666582555936774,0.10924104671807351,0.9730909400389669,0.953141571937834,0.9213328157136131,0.9849503281620549,0.24664462567334106,0.9871784170918539,0.573388829659328,0.4969398008586827,0.6498378584599733,0.007028347480011861,0.7398308688052156,0.7524484412951641,0.6931939758044605,0.8117029067858677,0.018741485180436973,0.8679021313537552,0.9097757030133815,0.8727288470696896,0.9468225589570733,0.07514623989884651,0.9610321896471732,0.9508796112633213,0.9211574928784448,0.9806017296481977,0.19776262999056002,0.9841536348586453,0.6086347880098798,0.539313234083938,0.6779563419358215,0.008738699342323056,0.7660156546850064,0.7864169388817961,0.7399168824090475,0.8329169953545447,0.02236871945414839,0.886665578102038,0.9159259254000772,0.8819424365882508,0.9499094142119037,0.08167187475615616,0.9634789891367983,0.9517290250557424,0.9221031811438932,0.9813548689675917,0.2049536783854491,0.9846869425889954
semseg-ptv3-pheno4d-tomato,4,Tomato02,T02_0305_a,1518307,0.9533420702804374,0.9578988786149911,0.9487852619458838,0.9984943756433976,0.8568752091000335,0.8448979591836735,0.8688524590163934,0.0013086944866881336,0.9235027679919476,0.92678422592296,0.9069767441860465,0.9465917076598735,0.0028505434013015815,0.9648798521256932,0.959715580946479,0.932293986636971,0.9871371752559871,0.009161520035144408,0.9890726096333573,0.9787077515635554,0.9621796466782782,0.9952358564488325,0.02356045253035124,0.9957508665995751,0.8503728123832949,0.8318931657501963,0.8688524590163934,0.001829669493718991,0.9229661627069834,0.9270155770133277,0.907439446366782,0.9465917076598735,0.00485935980009313,0.9709948495527243,0.9704684149164219,0.9537996545768567,0.9871371752559871,0.028126064096391575,0.9949887598351442,0.9765673675319118,0.9578988786149911,0.9952358564488325,0.09465674596771272,0.9985109728774405,0.8568752091000335,0.8448979591836735,0.8688524590163934,0.0013086944866881336,0.9235027679919476,0.92678422592296,0.9069767441860465,0.9465917076598735,0.0028505434013015815,0.9648798521256932,0.959715580946479,0.932293986636971,0.9871371752559871,0.009161520035144408,0.9890726096333573,0.9787077515635554,0.9621796466782782,0.9952358564488325,0.02356045253035124,0.9957508665995751,0.8525977532134448,0.8442622950819673,0.8609332113449222,0.0012625905037650488,0.9207094418362024,0.9259461729567662,0.9068056407112202,0.9450867052023122,0.0027971945067762974,0.9642100306098422,0.9596440413205392,0.932293986636971,0.9869940960041071,0.009075898352572965,0.9889695210449927,0.978684912257562,0.9621796466782782,0.9951901778368458,0.02336088814712703,0.9957145676506245,0.865293546079515,0.8511263467189031,0.8794607454401269,0.001402878337516721,0.9286384976525821,0.9287599957008819,0.9079345850999394,0.9495854063018242,0.0029730482702114923,0.9663269827204254,0.9598408420536717,0.9323843416370107,0.9872973424703326,0.009261631540920249,0.9891907267813966,0.9787150459745171,0.9621796466782782,0.9952504452707559,0.02362499810644356,0.9957624756063563
semseg-ptv3-pheno4d-tomato,4,Tomato02,T02_0307_a,2660027,0.9690256239087753,0.9496222874464707,0.98842896037108,0.9996063949726826,0.692545326780196,0.7717511013215859,0.613339552238806,0.0018597555588721467,0.832423691125935,0.8360077760113254,0.8658090922379769,0.8062064597846739,0.004007478119582996,0.9138836772983114,0.9284754304316338,0.9081356949864905,0.9488151658767773,0.010154032271101008,0.9660125879303961,0.9611073187391137,0.9404437524328533,0.9817708850453742,0.02438133146768811,0.9858453473132373,0.723926642590296,0.8345137329417861,0.613339552238806,0.0032116215361723773,0.8878614069998829,0.8507427577979181,0.8952790558111622,0.8062064597846739,0.0077890186828930685,0.9494666731019837,0.9418009183479183,0.9347866708190595,0.9488151658767773,0.03595940943456589,0.9890541854411258,0.9656965862459225,0.9496222874464707,0.9817708850453742,0.1041049583331297,0.9962191519633687,0.692545326780196,0.7717511013215859,0.613339552238806,0.0018597555588721467,0.832423691125935,0.8360077760113254,0.8658090922379769,0.8062064597846739,0.004007478119582996,0.9138836772983114,0.9284754304316338,0.9081356949864905,0.9488151658767773,0.010154032271101008,0.9660125879303961,0.9611073187391137,0.9404437524328533,0.9817708850453742,0.02438133146768811,0.9858453473132373,0.6804752678812918,0.7640092432120161,0.5969412925505674,0.00175637314959585,0.8251284246575342,0.830547119623222,0.86428149024246,0.796812749003984,0.003896201053598328,0.91142416055577,0.9277006599932452,0.9081356949864905,0.947265625,0.00995591398132425,0.9653362534456066,0.9609311305278184,0.9404437524328533,0.9814185086227836,0.02402231255547406,0.9856338028169014,0.6996266575073434,0.7759809119830329,0.623272403031654,0.0019435892943943803,0.8365570599613152,0.8397187481081853,0.8669758006086075,0.812461695607763,0.00408943217493657,0.9156094870380584,0.9287395172868662,0.9081356949864905,0.949343339587242,0.01022433230940889,0.9662462771629223,0.9611539557138387,0.9404437524328533,0.9818641589948239,0.024478698900424693,0.9859016494148723
semseg-ptv3-pheno4d-tomato,4,Tomato02,T02_0309_a,2530683,0.8544646113188772,0.7449537921826321,0.9639754304551222,0.9961504463419559,0.6400158312295953,0.665660702737659,0.6143709597215316,0.005619036441940772,0.7818565400843882,0.7584027999402492,0.7658908063624639,0.7509147935180345,0.010975297972918774,0.8627542754275428,0.7351757490046887,0.6434441969429295,0.8269073010664479,0.027814625537848872,0.8681062650944736,0.8068059430604817,0.6864071641010556,0.9272047220199078,0.060382908487550596,0.9372096067011321,0.6493137597441476,0.6842565597667638,0.6143709597215316,0.006984675678463087,0.8161914460285132,0.7679109445151837,0.784907095512333,0.7509147935180345,0.016540989132182892,0.9054228380315337,0.7628516256857263,0.6987959503050046,0.8269073010664479,0.06094560243222877,0.9388526524631404,0.83607925710127,0.7449537921826321,0.9272047220199078,0.15998487364873434,0.975938014824475,0.6400158312295953,0.665660702737659,0.6143709597215316,0.005619036441940772,0.7818565400843882,0.7584027999402492,0.7658908063624639,0.7509147935180345,0.010975297972918774,0.8627542754275428,0.7351757490046887,0.6434441969429295,0.8269073010664479,0.027814625537848872,0.8681062650944736,0.8068059430604817,0.6864071641010556,0.9272047220199078,0.060382908487550596,0.9372096067011321,0.6186059168377277,0.6274557361144798,0.6097560975609756,0.005155130057774917,0.764525525065154,0.7568984061195485,0.7618593412183645,0.7519374710207326,0.010699878254210425,0.8616958416426619,0.7356385178474094,0.6446188772172843,0.8266581584775347,0.027674347201921377,0.8681230813164846,0.806294823049422,0.6857395519454998,0.9268500941533442,0.0601047227171479,0.9369189907038512,0.6457504310052331,0.6692259804938784,0.6222748815165877,0.00588378710411379,0.7858965748824714,0.7577151726057454,0.7628014335175849,0.752628911693906,0.011200138460644814,0.8622283375670335,0.7349444700104186,0.6415346951266162,0.828354244894221,0.02820029217408897,0.8686909732926044,0.8071086588637508,0.6864481552890428,0.9277691624384589,0.06079149383782955,0.9376316268427758
semseg-ptv3-pheno4d-tomato,4,Tomato02,T02_0311_a,2801320,0.9766833368657383,0.958210738225339,0.9951559355061376,0.9993256750389102,0.6360815418736139,0.5541186393027833,0.7180444444444445,0.0027115788271243556,0.791205897840969,0.8203057826399311,0.7813017098731384,0.859309855406724,0.006046792226521783,0.906369915579432,0.945767879773218,0.9277119416590702,0.9638238178873657,0.022915982465409164,0.9752940260144871,0.9680901179679782,0.9485732814526588,0.9876069544832975,0.05612675453000728,0.9899128023456233,0.6870761089871958,0.6561077735299472,0.7180444444444445,0.0043925720731655075,0.8464851686306379,0.844740785835161,0.830171716263598,0.859309855406724,0.012776476803792498,0.947221368500461,0.9501959922210502,0.9365681665547347,0.9638238178873657,0.046493081832850225,0.9854962300947467,0.9721892157193823,0.956771476955467,0.9876069544832975,0.11335191980923279,0.9940510494906073,0.6360815418736139,0.5541186393027833,0.7180444444444445,0.0027115788271243556,0.791205897840969,0.8203057826399311,0.7813017098731384,0.859309855406724,0.006046792226521783,0.906369915579432,0.945767879773218,0.9277119416590702,0.9638238178873657,0.022915982465409164,0.9752940260144871,0.9680901179679782,0.9485732814526588,0.9876069544832975,0.05612675453000728,0.9899128023456233,0.6209081722756873,0.5363928675825782,0.7054234769687965,0.0025769994145617065,0.7803019808837789,0.8155926978567234,0.7753541076487253,0.8558312880647214,0.005881156026444676,0.9037329286798179,0.9444061185527612,0.9259846929251446,0.9628275441803779,0.022313766367283994,0.9746272477122928,0.9679843817974092,0.9484864232817981,0.9874823403130204,0.055653406251338654,0.9898270078189644,0.6529011964075736,0.5775173148641449,0.7282850779510023,0.0028575814258992188,0.8018738288569643,0.8243604806607672,0.7863109673942333,0.8624099939273011,0.006198149443833621,0.9086563381904049,0.9476061526273454,0.9308992680376438,0.964313037217047,0.023491782445418587,0.975899586676392,0.9681822585437485,0.9486764610704809,0.9876880560170163,0.056449816515071465,0.9899705313215375
semseg-ptv3-pheno4d-tomato,4,Tomato02,T02_0313_a,3583327,0.7620070536518836,0.6299153023265589,0.8940988049772083,0.9950724564071323,0.5778427901089418,0.5002630194634403,0.6554225607544433,0.0010347925266100471,0.743797195253506,0.6861918263682456,0.6209650582362729,0.7514185945002182,0.0017994450408796072,0.8233560794044665,0.7064087993252419,0.6080152671755725,0.8048023314749113,0.005738521770410571,0.8501677770753294,0.7386127057199496,0.6416530416643176,0.8355723697755816,0.01401965268589777,0.8728228198339869,0.6230668681856396,0.590711175616836,0.6554225607544433,0.0021100502410190307,0.8135167305911917,0.7563285291643693,0.7612384638285203,0.7514185945002182,0.004948473862418919,0.9095420708323935,0.7945544504089885,0.7843065693430656,0.8048023314749113,0.01900412661194471,0.9479279861376252,0.8075175050080663,0.7794626402405509,0.8355723697755816,0.05547023757530362,0.9655175883442003,0.5778427901089418,0.5002630194634403,0.6554225607544433,0.0010347925266100471,0.743797195253506,0.6861918263682456,0.6209650582362729,0.7514185945002182,0.0017994450408796072,0.8233560794044665,0.7064087993252419,0.6080152671755725,0.8048023314749113,0.005738521770410571,0.8501677770753294,0.7386127057199496,0.6416530416643176,0.8355723697755816,0.01401965268589777,0.8728228198339869,0.5727253510493734,0.49405405405405406,0.6513966480446928,0.001004373868195674,0.7399277577104751,0.682231698917406,0.6184387617765814,0.7460246360582307,0.0017589798530806705,0.8200856734888149,0.7048460828611328,0.606950500128238,0.8027416655940276,0.005657033254291333,0.8487987765773766,0.7375898133124379,0.6411388464368597,0.834040780188016,0.01387760592321047,0.871842824967825,0.5872874201986129,0.5105527638190954,0.6640220765781304,0.0010925600705712875,0.751213282247765,0.6950860072566396,0.632385819227084,0.7577861952861953,0.0018787009949133863,0.8290255496137849,0.7070191935716457,0.6074882221671213,0.8065501649761702,0.005934708163670243,0.8511238596821217,0.7412954009574392,0.6458953168044077,0.8366954851104706,0.014311002038050113,0.87402741756206
semseg-ptv3-pheno4d-tomato,4,Tomato02,T02_0315_a,2136519,0.9714203096250971,0.9468432576002297,0.9959973616499643,0.9986136327362406,0.471075506277185,0.29624478442280944,0.6459062281315605,0.0030741594153854937,0.6918392204628502,0.6646349720603838,0.5232536594404299,0.8060162846803377,0.007530005583849243,0.8400671307807062,0.8685758191669475,0.7908980089394555,0.9462536293944395,0.026962081778818724,0.9553337383907647,0.9472341369307953,0.9109133716501627,0.9835549022114278,0.08554522566848223,0.9859221202720374,0.5449369004272491,0.4439675727229375,0.6459062281315605,0.0043369611971623,0.7483272177854522,0.7270645207443733,0.648112756808409,0.8060162846803377,0.011050217667149228,0.8752170782328773,0.8973607124820461,0.8484677955696527,0.9462536293944395,0.03932097023242012,0.9647422925842162,0.9555299597943427,0.9275050173772578,0.9835549022114278,0.11073152169486908,0.9874799222250401,0.5536929809955794,0.29624478442280944,0.8111411775683494,0.00541488280703331,0.8250497017892644,0.7102285077066313,0.5232536594404299,0.8972033559728326,0.013037094451301393,0.9076254756946938,0.8888690662967932,0.8122171945701357,0.9655209380234506,0.04013725129521432,0.9699955687198265,0.9488403232441136,0.9111195550796228,0.9865610914086045,0.10195790442303579,0.9881883076640576,0.44855744578066137,0.26433823529411765,0.632776656267205,0.0028869389881391178,0.6755836575875487,0.6548653250571315,0.5082186544342507,0.8015119956800123,0.007311893786107215,0.8352963769043656,0.8659491473944259,0.786437583001328,0.9454607117875236,0.026516029110904234,0.9545823624938219,0.947046008259352,0.9106659259773627,0.9834260905413413,0.08493863148420398,0.9858215822739471,0.486455304043525,0.3037508372404555,0.6691597708465945,0.0033657552308217244,0.7108886107634543,0.6737716240296283,0.5316709137240626,0.8158723343351939,0.007907722795818806,0.8477064220183487,0.8702923420515438,0.792800773071348,0.9477839110317395,0.02767164719808249,0.9564790852658108,0.9474967423786997,0.9111686518211635,0.983824832936236,0.08680615524598657,0.9861266128553944
semseg-ptv3-pheno4d-tomato,4,Tomato02,T02_0317_a,2842484,0.8442281030164668,0.7109097307759986,0.9775464752569349,0.9884403922766144,0.4762592949140435,0.3042535007560318,0.6482650890720553,0.012213261358727086,0.6951549717709413,0.6058087742618927,0.443910199752519,0.7677073487712666,0.028238681378681463,0.8040439527582598,0.7271735769687597,0.5541856057120774,0.9001615482254421,0.09596078641075904,0.9111842708245499,0.7642164987658426,0.5826536412547755,0.9457793562769098,0.2203512842992256,0.9495948718358094,0.4788428204064047,0.3094205517407541,0.6482650890720553,0.013275712369884932,0.6961787152851389,0.6160247811375158,0.4643422135037651,0.7677073487712666,0.03135461800312684,0.8100420757363254,0.737138592684341,0.57411563714324,0.9001615482254421,0.10481044044575097,0.9146521572760655,0.7787795568344367,0.6117797573919637,0.9457793562769098,0.2415067244002077,0.9522607392214474,0.48950651005102364,0.3042535007560318,0.6747595193460155,0.013075535341623735,0.7152581591196492,0.6163715002736496,0.443910199752519,0.7888328007947802,0.030621808249404393,0.8192941338664094,0.7321417273704052,0.5568522718958074,0.9074311828450028,0.10277982215555127,0.9170768440869417,0.7661014212045892,0.5826536412547755,0.949549201154403,0.23565796676428083,0.952868834104148,0.46535191735619785,0.2900370522848909,0.6406667824275047,0.011617303738561062,0.6866634364968809,0.5993288160643186,0.43561306223043744,0.7630445698981999,0.027347911193167665,0.7996809714932592,0.7256620769275939,0.5523138646994656,0.899010289155722,0.09486069226774892,0.9101987835632696,0.7640737224697461,0.5826095003900105,0.9455379445494818,0.21944046123038863,0.949385657212115,0.4861436053929149,0.31735630031829243,0.6549309104675374,0.012940442232920221,0.702634369137917,0.6120142198480822,0.4528600419633337,0.7711683977328307,0.029087234967725414,0.8076076439283987,0.7290274864992472,0.5568524302701517,0.9012025427283427,0.0971154103242094,0.9121134291375806,0.7647585640605361,0.583501536919038,0.9460155912020342,0.22130186132973836,0.9498113813435244
semseg-ptv3-pheno4d-tomato,4,Tomato02,T02_0319_a,1542285,0.9124082629650468,0.8391732678470756,0.9856432580830181,0.9884230216853565,0.5174420772648813,0.346445537128094,0.6884386174016687,0.019015292244948242,0.7326013571111945,0.6175100816515912,0.4560247623258899,0.7789954009772924,0.04277873415095135,0.8135410824984465,0.8019148300094429,0.7005010073635601,0.9033286526553256,0.1381411347448753,0.9211557687523761,0.8649303444396181,0.7702523422006429,0.9596083466785933,0.3061658513180119,0.964425713952922,0.5130012204051746,0.34647302904564314,0.6795294117647059,0.020176556213669976,0.736326242046404,0.6141011443239053,0.4595601121626358,0.7686421764851749,0.04548056941486171,0.8133126140510949,0.8093240338403256,0.7190056429263081,0.899642424754343,0.14997682010782704,0.9228082159208325,0.8724900890553032,0.7866523006718216,0.9583278774387849,0.3371704970222754,0.9656643199304633,0.5528462381351513,0.3459553928095872,0.7597370834607153,0.023904142230521595,0.7868283288577861,0.643602495651183,0.45576277178716634,0.8314422195151996,0.05405875049034387,0.8522920814642454,0.8136963696630706,0.7021948019714215,0.9251979373547198,0.1712874079693442,0.936413121654667,0.8677981413255713,0.7702523422006429,0.9653439404504999,0.3507931413454712,0.9689514124168473,0.5062412047789335,0.3335113484646195,0.6789710610932476,0.017553175969421995,0.723404255319149,0.6081913833556297,0.44249872938132423,0.7738840373299352,0.04080892960769248,0.8082905670569916,0.7986483407382223,0.6963759602349752,0.9009207212414696,0.13490891761250354,0.9192667781686756,0.8640859623178492,0.7695463088721516,0.9586256157635468,0.29961582975909123,0.9636480102490191,0.5234543736957015,0.35232116562039834,0.6945875817710047,0.020689431590140604,0.7380989689429315,0.6246956431332881,0.4669017336187718,0.7824895526478044,0.045070139435966765,0.81729510437197,0.8072017677065331,0.7087472908539229,0.9056562445591432,0.14195041772435055,0.9232715778703501,0.8710929944118788,0.7820422992085118,0.9601436896152459,0.31235212687667974,0.9651302788249165
semseg-ptv3-pheno4d-tomato,4,Tomato02,T02_0321_a,1774166,0.9629435704780454,0.9313495782567948,0.9945375626992958,0.9952975088013185,0.5711840273150708,0.4947935368043088,0.6475745178258329,0.009080886455946062,0.7380050896902737,0.7659642221899146,0.6815892901007123,0.8503391542791168,0.025783382163788508,0.886651801329136,0.9004659852863861,0.8407041648776299,0.9602278056951424,0.10178190766816633,0.9671277785776784,0.9397849361578832,0.8945338406227094,0.985036031693057,0.25688689784383195,0.986718887133579,0.5831953142424526,0.5188161106590724,0.6475745178258329,0.010537909079533708,0.7469512195121951,0.7763777604285308,0.7024163665779448,0.8503391542791168,0.028904285168355158,0.8888087205787719,0.9034439886304289,0.8466601715657154,0.9602278056951424,0.110363968196888,0.9670435741864313,0.940937578670872,0.896839125648687,0.985036031693057,0.2760034855813943,0.9865829650626128,0.6656183777795461,0.47560975609756095,0.8556269994615312,0.02012494884920577,0.8723428091303739,0.797918273962805,0.663142174432497,0.9326943734931131,0.05348033949472597,0.9405689111853546,0.9082346572055661,0.8386336866902238,0.9778356277209084,0.17095130895305174,0.9801250263768727,0.9423560615173403,0.8945467236715818,0.9901653993630988,0.3758058716038973,0.990921525867577,0.5482788397526338,0.4675239469885842,0.6290337325166834,0.008173981465094021,0.7201765273755344,0.7548225835864453,0.6719377670088631,0.8377074001640276,0.023808369679049198,0.8781960227272727,0.897842164603633,0.837442897242556,0.9582414319647099,0.0968832679692881,0.965634399343755,0.9396042607596953,0.8944011463320868,0.9848073751873038,0.25341484393230396,0.9865369217081851,0.5972232918291511,0.5170342869622189,0.6774122966960834,0.01039699780065676,0.7602190176732083,0.7780107607658476,0.6935436407509858,0.8624778807807094,0.027983289049615424,0.8951195439805023,0.903418761747531,0.8454235008019868,0.9614140226930752,0.1056992412209455,0.9681380913783542,0.9400458477990836,0.8947285903421365,0.9853631052560308,0.26204143242515077,0.9869801357266539
semseg-ptv3-pheno4d-tomato,4,Tomato02,T02_0324_a,3311762,0.9726315217712216,0.9497893623160527,0.9954736812263904,0.996059197490641,0.596798926838791,0.5646064206557752,0.6289914330218068,0.00918785830624302,0.7495070329959248,0.7337649200222469,0.6769582453195984,0.7905715947248955,0.023160480735028664,0.8544496884044744,0.8933328731619148,0.8399943090692742,0.9466714372545554,0.08965680504818885,0.9583358592492305,0.9410331414240514,0.9005381795491771,0.9815281032989255,0.2433157938281797,0.9841748117408203,0.5982520895167693,0.5675127460117319,0.6289914330218068,0.009467769724998354,0.7483973847871153,0.7364044376646028,0.6822372806043101,0.7905715947248955,0.02378582760476145,0.8547471849491577,0.8959992386018433,0.8453270399491312,0.9466714372545554,0.09238375221407819,0.9586570486316526,0.9433580995283829,0.9051880957578403,0.9815281032989255,0.25061915681138924,0.9843010345895317,0.6645397446256441,0.5345014060134112,0.794578083237877,0.015637597146171734,0.8337838881594192,0.7773896813144969,0.6679323930794268,0.8868469695495671,0.03810207376013131,0.9078258113087927,0.9031356259704908,0.8399943090692742,0.9662769428717074,0.13037953814313952,0.9713492331849574,0.9433917764703166,0.9006335081389821,0.9861500448016509,0.3129168098432194,0.9876947542521225,0.5767595698791665,0.5397033158813264,0.6138158238770067,0.008388887848824885,0.7341804045785041,0.7240568159856933,0.6647227650219834,0.7833908669494033,0.021881403313402353,0.8484668672204896,0.8906563834758363,0.8366843126641936,0.9446284542874791,0.08659921818053351,0.9568648098299837,0.9412100037513391,0.9009854232912509,0.9814345842114274,0.2391705684164502,0.9841176856766269,0.613759295983725,0.579368000420632,0.648150591546818,0.010192761436359256,0.7630050953904491,0.7408558999476387,0.6826211142231219,0.7990906856721554,0.024634016574862565,0.8597117011105391,0.895906619261346,0.8434149737358395,0.9483982647868524,0.09251087487567042,0.9596212472337731,0.9418064131204964,0.9016898976193413,0.9819229286216516,0.24832219223482846,0.984493861748283
semseg-ptv3-pheno4d-tomato,4,Tomato02,T02_0325_a,3455376,0.948793685194191,0.9052353300042931,0.992352040384089,0.9933674367131102,0.6336537573029285,0.5355674501590256,0.7317400644468314,0.008465359486203528,0.7949813681583535,0.7484128426339827,0.6429290809903483,0.853896604277617,0.021337764688994773,0.8841177268411773,0.851206724422864,0.7635851183765502,0.9388283304691779,0.08296521131130158,0.948610975456613,0.884630312982065,0.7998672898274768,0.969393336136653,0.22093775033455115,0.9725984152953212,0.6387048817167964,0.5456696989867613,0.7317400644468314,0.008815249049596918,0.7979973736047276,0.7542087071778772,0.6545208100781374,0.853896604277617,0.022161408772880288,0.8863743209360635,0.8568308812266362,0.7748334319840945,0.9388283304691779,0.08614576242932752,0.949980851020943,0.8920670979953467,0.8147408598540404,0.969393336136653,0.23056419909150264,0.9735454118686659,0.6850364670131174,0.53523528955733,0.8348376444689047,0.012515859344974324,0.8611464379032071,0.7764880071394107,0.6427822732799463,0.9101937409988752,0.0319704715203208,0.9225581605865846,0.8607770941659112,0.7634167941389582,0.9581373941928641,0.11498748616648376,0.9628868055118606,0.8875120222083701,0.7998672898274768,0.9751567545892635,0.2666022453128111,0.9772918473617879,0.6189051338476288,0.5190556492411467,0.718754618454111,0.007657053819902668,0.784110665961146,0.7440110390549173,0.6379922035828479,0.8500298745269866,0.020202432383624822,0.8812010256851032,0.8519655538192107,0.7651508975592258,0.9387802100791955,0.08147130731937711,0.9486455380549458,0.8841946522574435,0.7992688761140476,0.9691204284008396,0.21910842698450184,0.972369641078745,0.642072949330984,0.5450613344678438,0.7390845641941244,0.009357592343061941,0.8010453392713552,0.7564204935179601,0.656030855539972,0.8568101314959484,0.022770025606475244,0.887314276998945,0.8480543922561617,0.7584829408564545,0.937625843655869,0.08601755641064822,0.9475444363323161,0.8856959298216671,0.801427440054197,0.9699644195891372,0.22491676737929533,0.9730831784984534
semseg-spunet-pheno4d-tomato,0,Tomato01,T01_0305_a,1962709,0.9608759326588872,0.9262232995000758,0.9955285658176984,0.9995037471168675,0.7253494989484103,0.7048853439680958,0.7458136539287248,0.001907058050887829,0.8418380977825274,0.8770456573699623,0.8623575912578471,0.8917337234820776,0.004675680398877266,0.9354909011659583,0.9373719054320453,0.8987688098495212,0.9759750010145692,0.015232517912742032,0.980198682142021,0.9554592578707065,0.919576144545578,0.991342371195835,0.03828789698320026,0.9921222121679885,0.7209981911696189,0.6961827284105131,0.7458136539287248,0.0035349101675286555,0.8600461228019602,0.8698681101804895,0.8480024968789014,0.8917337234820776,0.009445618275556896,0.9474621069097579,0.9355598979666452,0.8951447949187211,0.9759750010145692,0.035712884589615676,0.9861043741261735,0.9546433844184735,0.917944397641112,0.991342371195835,0.10560709712952862,0.9953009513884868,0.7253494989484103,0.7048853439680958,0.7458136539287248,0.001907058050887829,0.8418380977825274,0.8770456573699623,0.8623575912578471,0.8917337234820776,0.004675680398877266,0.9354909011659583,0.9373719054320453,0.8987688098495212,0.9759750010145692,0.015232517912742032,0.980198682142021,0.9554592578707065,0.919576144545578,0.991342371195835,0.03828789698320026,0.9921222121679885,0.7170772580709656,0.6965658636596617,0.7375886524822695,0.0018418420662461934,0.8362378976486861,0.8737805404472071,0.8594491927825261,0.8881118881118881,0.004540153430793867,0.9335652564246437,0.9370771592562158,0.8986474918678309,0.9755068266446008,0.014988976970095923,0.9798769502702335,0.9552577082475049,0.9192690576844402,0.9912463588105694,0.03789150607655032,0.9920398009950249,0.7363163208350222,0.7138714354760753,0.758761206193969,0.0020028440283302315,0.849402187738489,0.8812014658240758,0.8663355159178144,0.8960674157303371,0.004857062356161815,0.9378999265708591,0.9377655442567885,0.8991997275668313,0.9763313609467456,0.015434279865227092,0.9804575314429076,0.9559582739257906,0.920515574650913,0.9914009732006682,0.038569650416847324,0.992179759844652
semseg-spunet-pheno4d-tomato,0,Tomato01,T01_0307_a,1921834,0.8574258615461887,0.7749033701769852,0.9399483529153921,0.9965454872793383,0.44794268921446045,0.44021944759742715,0.45566593083149376,0.004039370726087685,0.6188329254154322,0.5787286803560645,0.578173593440769,0.5792837672713601,0.008728121159267658,0.7331584595206868,0.7139584087182917,0.618846014273618,0.8090708031629654,0.022498821438271983,0.8542519484724439,0.786815341137922,0.6676510916569982,0.9059795906188458,0.041464559374014616,0.9209165746411003,0.48060824294349963,0.5055505550555055,0.45566593083149376,0.005130515955072083,0.6657200811359026,0.600198445077859,0.621113122884358,0.5792837672713601,0.012555194673421326,0.800530481992623,0.7376257072934698,0.6661806114239742,0.8090708031629654,0.04511315753597865,0.9234256055363321,0.8237760934799172,0.7415725963409887,0.9059795906188458,0.11480388004374988,0.969909442787603,0.44794268921446045,0.44021944759742715,0.45566593083149376,0.004039370726087685,0.6188329254154322,0.5787286803560645,0.578173593440769,0.5792837672713601,0.008728121159267658,0.7331584595206868,0.7139584087182917,0.618846014273618,0.8090708031629654,0.022498821438271983,0.8542519484724439,0.786815341137922,0.6676510916569982,0.9059795906188458,0.041464559374014616,0.9209165746411003,0.44556300867584,0.4396687697160883,0.4514572476355916,0.003856212347164219,0.6165159897449737,0.5717696651976797,0.5710366451107192,0.5725026852846402,0.008361284065116966,0.7275499408799552,0.7127270222195307,0.6187076476282671,0.8067463968107942,0.022289125907856765,0.8528807545055561,0.7865670773760283,0.6675985020306978,0.9055356527213586,0.04129909242941898,0.9205997228171854,0.4561598852917494,0.4498760184201204,0.46244375216337835,0.004328157374674399,0.6265929309930272,0.5884670330174933,0.5891333632689717,0.5878007027660149,0.009188618788095121,0.7409253072087887,0.7161929845321182,0.6200180886343081,0.8123678804299282,0.022827153645944447,0.856348301800775,0.7877053710819175,0.668664563617245,0.9067461785465899,0.04178144418300436,0.921516370474613
semseg-spunet-pheno4d-tomato,0,Tomato01,T01_0309_a,2177884,0.9608378480196702,0.9333045076207978,0.9883711884185425,0.9983001849501626,0.5128977930459625,0.31177547284929835,0.7140201132426266,0.006137149636987094,0.7468202902887925,0.7228439083514859,0.5837268434435162,0.8619609732594555,0.013649487300517384,0.8843475628216773,0.8962492690903134,0.843656207366985,0.948842330813642,0.03937583452562212,0.9599095107047904,0.9223501573991213,0.8699057781814054,0.9747945366168373,0.07318479772109075,0.9784299947298416,0.5902942981529775,0.46656848306332843,0.7140201132426266,0.007999507779110366,0.7921019400757663,0.7923184145644044,0.7226758558693535,0.8619609732594555,0.01962914461927265,0.9134035087719298,0.9197516633688979,0.8906609959241538,0.948842330813642,0.06182514771218302,0.9725060899530628,0.9471222405663007,0.919449944515764,0.9747945366168373,0.13702520428085244,0.9875948730836893,0.5136311364582796,0.31177547284929835,0.7154868000672608,0.006165158474923366,0.7479705071870112,0.7241008862439908,0.5837268434435162,0.8644749290444654,0.01386161981078882,0.8861174600019874,0.8963452034655759,0.843656207366985,0.9490341995641668,0.039492002328866,0.960027438988943,0.9223587443789247,0.8699057781814054,0.974811710576444,0.07322749971991162,0.9784425730964817,0.4977933444758926,0.2955778055903212,0.7000088833614639,0.005819410032857581,0.7335489979485561,0.7103039813609133,0.565195396484128,0.8554125662376987,0.012969928609604551,0.8782879597833398,0.8950939599886467,0.8418219461697722,0.9483659738075213,0.03897406840768379,0.95949623590674,0.9219781574764021,0.8692875066534864,0.9746688082993177,0.07281655037642042,0.9783209110514169,0.5283723581730854,0.3277876807288572,0.7289570356173135,0.006509529433156219,0.7605981519362347,0.7328332970760216,0.5970936364701747,0.8685729576818686,0.014350626571479473,0.8899980802457286,0.896647615512616,0.8436917481245738,0.9496034829006582,0.039844179028818795,0.960380750437909,0.9224686644937958,0.8699451484773973,0.9749921805101944,0.07368344686861192,0.9785759686927478
semseg-spunet-pheno4d-tomato,0,Tomato01,T01_0311_a,2080173,0.9175233719493503,0.8479824835783547,0.9870642603203459,0.9969584260539869,0.4331252232217253,0.26520827090200777,0.6010421755414428,0.006757130296374388,0.6511098463289698,0.5802640220934973,0.38038732788536883,0.7801407163016257,0.013729146566175025,0.8061906929514339,0.7323363019944746,0.536304761904762,0.9283678420841872,0.0442025735359511,0.9338111344332184,0.8247659437096637,0.6787034104107275,0.9708284770085999,0.10640989956123842,0.9725052066627212,0.45922051359526406,0.3173988516490853,0.6010421755414428,0.007336889768302925,0.665050452103263,0.6581099366239848,0.5360791569463438,0.7801407163016257,0.01670918716856723,0.834081362564014,0.8165602003074799,0.7047525585307725,0.9283678420841872,0.058924906726507846,0.948455626805032,0.8870275435996033,0.8032266101906067,0.9708284770085999,0.1522229160747688,0.9800473709142586,0.4986091485071619,0.2597593190490167,0.7374589779653071,0.010081373039646221,0.7594773735158076,0.6094955959297619,0.36954866775421424,0.8494425241053096,0.02013246013672901,0.8615774015616419,0.7407050462591666,0.536304761904762,0.9451053306135712,0.056647692283286054,0.9483523850742975,0.826288541522763,0.6787034104107275,0.9738736726347984,0.11809210099352313,0.9752251152036214,0.4268760764389078,0.2536684358413987,0.6000837170364169,0.006525418799301789,0.6477825254162369,0.5768336378063994,0.37654952803366315,0.7771177475791358,0.013408980887647326,0.8034632345032804,0.7293763187475025,0.5321340713407134,0.9266185661542916,0.04317333221804148,0.9322332086228399,0.8239402607348238,0.6772722452009757,0.9706082762686719,0.1056186192206129,0.9722992194078424,0.4374603901689239,0.268059181897302,0.6068615984405458,0.007055663158785351,0.656196770457178,0.5847193159869628,0.38318378198737124,0.7862548499865545,0.014178628412156105,0.8112158405099342,0.7349654815944706,0.5402976055593323,0.9296333576296091,0.04499145023034142,0.9349716850090821,0.8248704080316215,0.6787034104107275,0.9710374056525155,0.10713291634878445,0.9726907630522088
semseg-spunet-pheno4d-tomato,0,Tomato01,T01_0313_a,1924288,0.9332936675509915,0.879953057214816,0.9866342778871672,0.9952688994578774,0.4801285154069769,0.3394440450515217,0.620812985762432,0.00902775468121196,0.6826502417683629,0.6803870643067041,0.5776043068640646,0.7831698217493437,0.024379926497488942,0.8327578121669438,0.8395333865508459,0.7587811634349031,0.9202856096667887,0.07100392456846376,0.9362667603489666,0.8992346347712603,0.8329256640550353,0.9655436054874853,0.1545132537333289,0.9705947640316418,0.5055486975729329,0.3902844093834337,0.620812985762432,0.010564426946486181,0.7110531752668602,0.6974466698754761,0.6117235180016085,0.7831698217493437,0.02757279575614461,0.8453202156131027,0.8507512193851651,0.7812168291035414,0.9202856096667887,0.08416931353310939,0.9440067668523023,0.9083598889909432,0.8511761724944011,0.9655436054874853,0.1900240504539861,0.9751026223742756,0.5472990736621035,0.3149177412183193,0.7796804061058878,0.01600903814813583,0.7999415698240603,0.7276895710632382,0.5776043068640646,0.8777748352624117,0.038934920344563806,0.8952777555324204,0.8532611467949877,0.7587811634349031,0.9477411301550722,0.10082898194033325,0.9551189543561621,0.9037784713813886,0.8329256640550353,0.9746312787077418,0.20174942628130507,0.9774794963732278,0.4661843923425474,0.31863117870722435,0.6137376059778704,0.008539262314165031,0.6728334956183057,0.6611279866843719,0.5531248219677548,0.769131151400989,0.02270190324940965,0.8204417992445919,0.8377376645156871,0.7571125739149839,0.9183627551163902,0.06953792779459207,0.9349231378586215,0.8989844638571929,0.8326346216428339,0.9653343060715518,0.15366982489107658,0.9704333710961939,0.49867861555048465,0.3636261766024204,0.6337310544985488,0.009743863704393521,0.69712,0.6894869793773769,0.5882229453133201,0.7907510134414337,0.02531014068580171,0.8389044021024967,0.8416953068481071,0.7618566000601372,0.921534013636077,0.0721825423221472,0.9372786177105832,0.8999121645522561,0.8340041769508258,0.9658201521536862,0.15575683057837497,0.9708295381371342
semseg-spunet-pheno4d-tomato,0,Tomato01,T01_0315_a,2438364,0.9574101558323702,0.9218145404343853,0.9930057712303553,0.996701887002925,0.5731773463203095,0.45008319467554075,0.6962714979650781,0.007800722123522165,0.7567425477104254,0.7211755699995427,0.6149354096620068,0.8274157303370786,0.0197878577603672,0.8647046632124352,0.8936620445090138,0.8343621399176955,0.9529619491003322,0.07987035569750865,0.9619723444568248,0.9297461708081178,0.8782308451167379,0.9812614964994978,0.18399344806599835,0.9834924427662974,0.5821664746748778,0.4680614513846776,0.6962714979650781,0.00974423834997564,0.778493265993266,0.7298175217217504,0.6322193131064223,0.8274157303370786,0.023629777998690926,0.8756638550452983,0.8984381587203425,0.8439143683403528,0.9529619491003322,0.09110083646248059,0.9637971161940604,0.9355138252571782,0.8897661540148587,0.9812614964994978,0.21227019427780267,0.9844626655744293,0.6305706103640271,0.45008319467554075,0.8110580260525134,0.011596299814137677,0.836362993351252,0.753331169303902,0.6149354096620068,0.8917269289457971,0.02900182253346916,0.9076883917587002,0.9002040986725315,0.8343621399176955,0.9660460574273676,0.10475261281744645,0.9710051874327101,0.9316229292152156,0.8782308451167379,0.9850150133136932,0.22459403107985518,0.9864765668082434,0.5601872277320469,0.4404112983151635,0.6799631571489302,0.007246251995190218,0.7443545192144434,0.715291939394961,0.60803198255497,0.8225518962349522,0.019072213992660653,0.8608536716482099,0.8929029508943511,0.8334457787972833,0.9523601229914189,0.07895375751938595,0.9615308698407422,0.9295080845920867,0.8778633507594373,0.981152818424736,0.18298375468141753,0.9834013550554596,0.5922014533216158,0.47657618213660247,0.7078267245066292,0.008497910894353755,0.7692196322571304,0.7328900463213375,0.63300094702245,0.8327791456202249,0.020817236474947955,0.8702127659574468,0.8951332478958623,0.8366203397308626,0.9536461560608621,0.08107690238208898,0.9625382533700902,0.9303082919860908,0.8792454060752312,0.9813711778969504,0.18515734320224544,0.9835962089213056
semseg-spunet-pheno4d-tomato,0,Tomato01,T01_0317_a,2450405,0.9063597595524358,0.8303695162331136,0.9823500028717578,0.9869111432599917,0.47722173949466873,0.44223880597014925,0.5122046730191882,0.013006829483289496,0.6482492469879518,0.6155622379388682,0.563319854028997,0.6678046218487395,0.031079760284524395,0.7674571286010662,0.7804129649787392,0.7004309898261536,0.8603949401313248,0.11211493610239939,0.8947500609696171,0.8525679555659321,0.7569451104504332,0.948190800681431,0.27820380712576087,0.9553887858802544,0.47377266617992375,0.43534065934065935,0.5122046730191882,0.015402351856121743,0.6596364792538816,0.6248897226662133,0.5819748234836871,0.6678046218487395,0.035858970251856324,0.7796720117447564,0.7874317431818928,0.7144685462324608,0.8603949401313248,0.12344694040372918,0.8989570075538439,0.8611159017044192,0.7740410027274073,0.948190800681431,0.30020425195018785,0.9564151153717534,0.5636388261140658,0.4410976578007146,0.6861799944274171,0.018274122032888442,0.7484758480537752,0.6803073937596776,0.5611061990372335,0.7995085884821218,0.04569734390845595,0.8404136563758628,0.8071759757861543,0.7000320987398656,0.9143198528324431,0.16557467030960188,0.9285969560663011,0.8600371518795413,0.7569451104504332,0.9631291933086493,0.3752595999436828,0.9669268697976593,0.4688686652086995,0.43623846033484587,0.5014988700825531,0.012262054639947274,0.6402635870469597,0.6086090889514493,0.5568647410612038,0.6603534368416947,0.029852208104374583,0.7619548872180452,0.7796983797614163,0.7007602509243488,0.858636508598484,0.11071108653467487,0.8937951320925809,0.8517000468452227,0.7555619855967078,0.9478381080937377,0.2762951430477819,0.9550806088311535,0.4864221484473036,0.4528815122176118,0.5199627846769953,0.014097261473103426,0.6564671144048171,0.62343693367309,0.5724000468988159,0.6744738204473641,0.03282192127423834,0.7732726571922365,0.7817553612783196,0.7010698423444215,0.8624408802122177,0.11435089301564436,0.8959943755665475,0.8535960741759173,0.7585659394747706,0.9486262088770641,0.2805768842293417,0.9557661008222222
semseg-spunet-pheno4d-tomato,0,Tomato01,T01_0319_a,2476596,0.9592320435058187,0.9254507273099775,0.9930133597016599,0.9941229817055345,0.5768090354557291,0.502321512684207,0.6512965582272513,0.01157839227714169,0.7420749782040105,0.756587675524201,0.6973554649036433,0.8158198861447588,0.026873983483781772,0.8706953542881183,0.8868104062418576,0.8451063322809317,0.9285144802027834,0.10207680219139496,0.9485726039643517,0.9320507173442223,0.8895161769574925,0.9745852577309522,0.24906847947747635,0.9789022148297295,0.5715011563587922,0.49170575449033294,0.6512965582272513,0.013651398936281896,0.7371705758821615,0.7563413742047367,0.6968628622647147,0.8158198861447588,0.03136442116517995,0.8693821852028271,0.8854322693741268,0.8423500585454703,0.9285144802027834,0.11396489374932367,0.9484809296887456,0.9318488193416665,0.889112380952381,0.9745852577309522,0.27465601979491205,0.9786037294255321,0.6430036389720353,0.502321512684207,0.7836857652598637,0.016819860808949056,0.822450547340119,0.7893930613212383,0.6973554649036433,0.8814306577388333,0.03731411986452372,0.9068735662035233,0.8940902635855694,0.8451063322809317,0.9430741948902073,0.12085903393205835,0.9565647352824245,0.9337052959797654,0.8895161769574925,0.9778944150020383,0.28002023745495835,0.981234237494899,0.5644085699875887,0.4875230398412023,0.6412941001339751,0.010914174132559368,0.7325564187939326,0.7509881995898269,0.6894005847953216,0.812575814384332,0.025923889080011434,0.8676385838667975,0.8853088730099958,0.8429354202702213,0.9276823257497703,0.10063934529491286,0.9479022480069651,0.9319381229522489,0.8894767683801985,0.9743994775242992,0.2475510741356281,0.9787728924584559,0.597583331499857,0.527215389467045,0.6679512735326689,0.012490531358364464,0.7576776362578392,0.7673464624003745,0.7110650254214611,0.8236278993792878,0.028359086423461882,0.877011134208503,0.8887303429216606,0.8473720665406604,0.9300886193026607,0.10423339131614523,0.9496366369158299,0.9323608282510826,0.8898332345720816,0.9748884219300835,0.2517015290342066,0.9791229187487869
semseg-spunet-pheno4d-tomato,0,Tomato01,T01_0321_a,1672545,0.9641407550848983,0.9361634596310255,0.992118050538771,0.9933789524347626,0.6210578861755935,0.5280018706886472,0.7141139016625397,0.011319874801574845,0.786563143717319,0.7630415550308298,0.6912157747817307,0.834867335279929,0.026489571282088075,0.8825640446902155,0.892976581891527,0.8442656299443967,0.9416875338386573,0.09649067738087765,0.9572822753043964,0.9285230042355227,0.8837568223590981,0.9732891861119473,0.22941146576026356,0.978397241602185,0.6139508513950833,0.5137878011276269,0.7141139016625397,0.013172739746912639,0.7845406681190995,0.762646182707309,0.6904250301346889,0.834867335279929,0.03022878308206954,0.883087086374335,0.8933621736416064,0.8450368134445555,0.9416875338386573,0.1056569479445994,0.9569818239435026,0.9296766323149854,0.8860640785180237,0.9732891861119473,0.24276297498722008,0.9781470425976277,0.6695444630536758,0.508157983571509,0.8309309425358427,0.018340313713532373,0.8573757131214343,0.7749822400029369,0.6552927927927928,0.8946716872130809,0.04242516643797327,0.9136672397756419,0.8902351422820618,0.8245656637011854,0.9559046208629383,0.13360955908510683,0.9644199616947393,0.9318009664363857,0.8837568223590981,0.9798451105136732,0.28885321471171177,0.9828427719821162,0.6150717933115,0.5225430597771024,0.7076005268458976,0.010352486779130008,0.7820386947733179,0.7566362466345348,0.682980461142175,0.8302920321268945,0.024984081145798767,0.8791490176370642,0.8913322663988323,0.8415634025901425,0.9411011302075221,0.09417265305268319,0.9567894964065318,0.9278651039973043,0.8827506058759336,0.972979602118675,0.22663246728787567,0.9781640034507048,0.6312230497194353,0.5385197190707726,0.7239263803680982,0.012406841071540676,0.793985832008096,0.7709042450458037,0.7004422549403796,0.8413662351512279,0.02835678561712839,0.887092013156785,0.8910597723373967,0.8406577576845511,0.9414617869902423,0.09962960637830372,0.9568277972814835,0.9287848164290647,0.8838073600359027,0.9737622728222268,0.23272497899907027,0.9787048193544906
semseg-spunet-pheno4d-tomato,0,Tomato01,T01_0324_a,2932759,0.9595114389530199,0.9250048505461145,0.9940180273599255,0.9945307473270051,0.5781363583301375,0.5096303501945525,0.6466423664657227,0.006650734001668736,0.7415534478338888,0.7366970076314866,0.6556769410846665,0.8177170741783067,0.017790415100592993,0.8646861523718256,0.8821791601490151,0.8186509600831525,0.9457073602148777,0.07776568071225765,0.9563945840714173,0.9164005586587616,0.8547063850567697,0.9780947322607535,0.20877133102310827,0.9805626874154793,0.5821840091290216,0.5349225897255454,0.6294454285324976,0.007458164820225596,0.7400905225620629,0.7395917274720255,0.6815858425325373,0.7975976124115137,0.020225323662803524,0.8557050374266639,0.8823873546560206,0.8318310963064564,0.9329436130055849,0.08518190550263421,0.9481662650409498,0.9207819120303573,0.8683913785882277,0.973172445472487,0.22554188734907982,0.977091585281045,0.6863625993657383,0.5017718609328609,0.8709533377986157,0.015531450078236909,0.8857958287596048,0.7801556526828078,0.634869663770306,0.9254416415953097,0.03994463916059929,0.9339980195991395,0.879358685553318,0.7912438336856942,0.9674735374209417,0.13952697783895643,0.971043428747382,0.9193456459848012,0.8541808376251093,0.984510454344493,0.2877495218666109,0.9857743808508117,0.5657277824821163,0.4973222723931534,0.6341332925710792,0.006076189690322321,0.7313692480359147,0.7253303110814494,0.6408312706270627,0.8098293515358361,0.016725547513450643,0.8580078284269754,0.879000915662177,0.8140727980826843,0.9439290332416698,0.07521074864999136,0.9549812988779327,0.9161284770489568,0.8545385538333455,0.9777184002645681,0.20527019097034568,0.9802643818686795,0.58876585335054,0.5153146791420249,0.6622170275590551,0.007533520483612871,0.751470987598443,0.7461867831860007,0.6690768009875673,0.8232967653844343,0.019658621796063026,0.8698095535435529,0.8846456236935882,0.821425364960227,0.9478658824269494,0.08064215300336645,0.9579499712478435,0.9170503853722153,0.8557157232399404,0.9783850475044902,0.21145003731980705,0.9808089245515471
semseg-spunet-pheno4d-tomato,0,Tomato01,T01_0325_a,3011661,0.9582383418534617,0.9270452146978606,0.9894314690090626,0.9908864244680925,0.5305512577940863,0.4571068786400126,0.60399563694816,0.00771235540786297,0.7030180393507556,0.7134746697517778,0.6522018414103204,0.7747474980932351,0.020434902865893605,0.8416391791105406,0.8866076039468107,0.8416046987821963,0.9316105091114252,0.07783113703700384,0.9498380979603329,0.9361578658391935,0.8976549304923996,0.9746608011859873,0.2015618623742845,0.9792368162678985,0.4978217364339886,0.4384166310693436,0.5572268417986336,0.00940676922136987,0.6773385104129898,0.6579020724062139,0.626372583146103,0.6894315616663247,0.02526778412311346,0.7893768561591632,0.8612482818512432,0.8270710781464344,0.8954254855560521,0.0909737184895644,0.9274879371637553,0.9181649068605318,0.8788228981798671,0.9575069155411963,0.22760828659002458,0.9670186832857024,0.603303073646528,0.45051194539249145,0.7560942019005646,0.011572351602653817,0.7967405026971193,0.7565977635401249,0.6486304286119784,0.8645650984682713,0.030349033307533618,0.8916532641874816,0.8967186705941673,0.8385676705857089,0.9548696706026257,0.10924104671807351,0.9634403961130344,0.9385594888766834,0.8971304291371811,0.9799885486161857,0.24664462567334106,0.9829350708794982,0.5177478369574932,0.4427618069815195,0.5927338669334667,0.007028347480011861,0.6923040582038078,0.6938993855426743,0.6253414500897526,0.762457320995596,0.018741485180436973,0.8298991903336109,0.882572104982956,0.8353932584269663,0.9297509515389457,0.07514623989884651,0.9482137728387424,0.9353909920194883,0.8966366075604533,0.9741453764785234,0.19776262999056002,0.97884968619563,0.5500923297510812,0.48076249211577543,0.619422167386387,0.008738699342323056,0.7184816475416065,0.7333835158869974,0.678774859225987,0.7879921725480077,0.02236871945414839,0.8535039410987576,0.8907215781759097,0.8474721837666,0.9339709725852193,0.08167187475615616,0.9516237884602875,0.9364611202201722,0.8977954451613948,0.9751267952789496,0.2049536783854491,0.9795480282737492
semseg-spunet-pheno4d-tomato,0,Tomato02,T02_0305_a,1518307,0.931918822164075,0.8698520235336067,0.9939856207945432,0.999519201320945,0.7677869773774281,0.7665474060822898,0.7690265486725664,0.0013086944866881336,0.8686462003019627,0.8800285232116198,0.8527088036117382,0.9073482428115016,0.0028505434013015815,0.9396950092421442,0.9341665158462535,0.8904741921947126,0.9778588394977944,0.009161520035144408,0.9812365204888569,0.9645131794230427,0.9372143372624488,0.9918120215836366,0.02356045253035124,0.9927037906742704,0.7638603289849701,0.758694109297374,0.7690265486725664,0.001829669493718991,0.8776097912167027,0.8842296769613064,0.8611111111111112,0.9073482428115016,0.00485935980009313,0.9539170506912442,0.9532750573327898,0.9286912751677853,0.9778588394977944,0.028126064096391575,0.9920382165605095,0.9633327208895381,0.9348534201954397,0.9918120215836366,0.09465674596771272,0.9976342559735036,0.7677869773774281,0.7665474060822898,0.7690265486725664,0.0013086944866881336,0.8686462003019627,0.8800285232116198,0.8527088036117382,0.9073482428115016,0.0028505434013015815,0.9396950092421442,0.9341665158462535,0.8904741921947126,0.9778588394977944,0.009161520035144408,0.9812365204888569,0.9645131794230427,0.9372143372624488,0.9918120215836366,0.02356045253035124,0.9927037906742704,0.7602042021570983,0.7657091561938959,0.7546992481203008,0.0012625905037650488,0.863849765258216,0.8785843822383423,0.8524590163934426,0.904709748083242,0.0027971945067762974,0.9385448551919001,0.93404306624661,0.8904741921947126,0.9776119402985075,0.009075898352572965,0.9810595065312047,0.9644738901971193,0.9372143372624488,0.9917334431317898,0.02336088814712703,0.9926414615579802,0.7814776088880921,0.7748058671268335,0.7881493506493507,0.001402878337516721,0.8774647887323944,0.8833502684598182,0.854108440469536,0.9125920964501004,0.0029730482702114923,0.9421798848028357,0.9343735563089286,0.8906119027661358,0.9781352098517215,0.009261631540920249,0.9814393400654245,0.964525727460273,0.9372143372624488,0.9918371176580972,0.02362499810644356,0.9927237245609144
semseg-spunet-pheno4d-tomato,0,Tomato02,T02_0307_a,2660027,0.9504357627835078,0.9202814145273261,0.9805901110396894,0.9993567734462846,0.6538946532985351,0.747528720277852,0.5602605863192183,0.0018597555588721467,0.8089751364463311,0.7358047516589541,0.794469056249161,0.6771404470687473,0.004007478119582996,0.8563789868667917,0.8845061084334944,0.8548539114043355,0.9141583054626533,0.010154032271101008,0.9429840799703814,0.9366793636035606,0.9039361237602146,0.9694226034469066,0.02438133146768811,0.9762547220723151,0.6865532346320223,0.8128458829448264,0.5602605863192183,0.0032116215361723773,0.869366732997776,0.7588064218659887,0.8404723966632299,0.6771404470687473,0.0077890186828930685,0.9178531782421931,0.9059587463972962,0.897759187331939,0.9141583054626533,0.03595940943456589,0.9821124272108559,0.9448520089871164,0.9202814145273261,0.9694226034469066,0.1041049583331297,0.9938213648608634,0.6538946532985351,0.747528720277852,0.5602605863192183,0.0018597555588721467,0.8089751364463311,0.7358047516589541,0.794469056249161,0.6771404470687473,0.004007478119582996,0.8563789868667917,0.8845061084334944,0.8548539114043355,0.9141583054626533,0.010154032271101008,0.9429840799703814,0.9366793636035606,0.9039361237602146,0.9694226034469066,0.02438133146768811,0.9762547220723151,0.6493173521457026,0.7445008460236887,0.5541338582677166,0.00175637314959585,0.8060787671232876,0.7272436732983325,0.7925373134328358,0.6619500331638293,0.003896201053598328,0.8524700887688151,0.883207119947272,0.8548539114043355,0.9115603284902085,0.00995591398132425,0.9418494883510177,0.9363838565733817,0.9039361237602146,0.968831589386549,0.02402231255547406,0.9758998435054773,0.6554969333959109,0.7482714468629962,0.5627224199288257,0.0019435892943943803,0.8098646034816248,0.7409011229242196,0.7954757152361943,0.6863265306122449,0.00408943217493657,0.8587056444199301,0.8849488843169413,0.8548539114043355,0.9150438572295471,0.01022433230940889,0.943376107658933,0.9367575844291463,0.9039361237602146,0.9695790450980779,0.024478698900424693,0.9763491722210277
semseg-spunet-pheno4d-tomato,0,Tomato02,T02_0309_a,2530683,0.8551167527825092,0.7465261635415052,0.9637073420235132,0.9961219955245284,0.6307654279872905,0.6773633111905979,0.5841675447839831,0.005619036441940772,0.7779887482419128,0.7546576810193312,0.7696843359142347,0.7396310261244277,0.010975297972918774,0.8607740774077408,0.7362922038507596,0.6481823318892447,0.8244020758122743,0.027814625537848872,0.8673249041056968,0.808143018095705,0.6897505144032922,0.9265355217881178,0.060382908487550596,0.9368496826123944,0.6384902102793286,0.692812875774674,0.5841675447839831,0.006984675678463087,0.8121181262729125,0.7633274272588642,0.7870238283933005,0.7396310261244277,0.016540989132182892,0.9037028189202102,0.7629330057372505,0.7014639356622266,0.8244020758122743,0.06094560243222877,0.9383858293242735,0.8365308426648115,0.7465261635415052,0.9265355217881178,0.15998487364873434,0.9757601804031407,0.6307654279872905,0.6773633111905979,0.5841675447839831,0.005619036441940772,0.7779887482419128,0.7546576810193312,0.7696843359142347,0.7396310261244277,0.010975297972918774,0.8607740774077408,0.7362922038507596,0.6481823318892447,0.8244020758122743,0.027814625537848872,0.8673249041056968,0.808143018095705,0.6897505144032922,0.9265355217881178,0.060382908487550596,0.9368496826123944,0.6106612426759805,0.6427510567805323,0.5785714285714286,0.005155130057774917,0.7603096734631305,0.7532173638090426,0.7659089509024826,0.7405257767156026,0.010699878254210425,0.8596646724278012,0.7367386559328939,0.6493432971014492,0.8241340147643385,0.027674347201921377,0.8673377596915828,0.8076386024985991,0.6891008086600728,0.9261763963371252,0.0601047227171479,0.9365574007599963,0.6371755822496683,0.6803351404632824,0.5940160240360541,0.00588378710411379,0.7822028206850236,0.7541986914201702,0.7666470241602829,0.7417503586800573,0.011200138460644814,0.8602878916172735,0.7360980700560953,0.6462906675672633,0.8259054725449273,0.02820029217408897,0.8679202981812068,0.8084487517643382,0.6897904076121898,0.9271070959164867,0.06079149383782955,0.9372741218377058
semseg-spunet-pheno4d-tomato,0,Tomato02,T02_0311_a,2801320,0.9575221807316684,0.9243383701633331,0.9907059913000037,0.9987630831179587,0.4164978917449581,0.2867629067775875,0.5462328767123288,0.0027115788271243556,0.616245392311743,0.6810785967377602,0.6128374936321956,0.7493196998433248,0.006046792226521783,0.8205324989668812,0.8985560517489485,0.865128660159716,0.931983443338181,0.022915982465409164,0.9526442869382351,0.939638740635761,0.9029580152671756,0.9763194660043465,0.05612675453000728,0.9805951828225073,0.49643758197318566,0.44664228723404253,0.5462328767123288,0.0043925720731655075,0.7294595692807802,0.7272545921545064,0.705189484465688,0.7493196998433248,0.012776476803792498,0.9034952921125423,0.909132010741622,0.886280578145063,0.931983443338181,0.046493081832850225,0.9734801369757835,0.9490434339797985,0.9217674019552505,0.9763194660043465,0.11335191980923279,0.9890878170910293,0.4164978917449581,0.2867629067775875,0.5462328767123288,0.0027115788271243556,0.616245392311743,0.6810785967377602,0.6128374936321956,0.7493196998433248,0.006046792226521783,0.8205324989668812,0.8985560517489485,0.865128660159716,0.931983443338181,0.022915982465409164,0.9526442869382351,0.939638740635761,0.9029580152671756,0.9763194660043465,0.05612675453000728,0.9805951828225073,0.40274889510760226,0.27238143545523713,0.5331163547599674,0.0025769994145617065,0.6025765341460037,0.6733506369942286,0.6031331592689295,0.7435681147195277,0.005881156026444676,0.8154779969650986,0.8960704424315578,0.861993826039586,0.9301470588235294,0.022313766367283994,0.9513662251231843,0.9394401080859098,0.9027972473556773,0.9760829688161422,0.055653406251338654,0.9804301392532536,0.433471390414902,0.31157063197026025,0.5553721488595438,0.0028575814258992188,0.6298563397876328,0.6877523084838719,0.6210421341311394,0.7544624828366044,0.006198149443833621,0.8249150492426424,0.9019049095418734,0.8709239130434783,0.9328859060402684,0.023491782445418587,0.9538050085096037,0.9398112034675523,0.9031490064122912,0.9764734005228133,0.056449816515071465,0.9807062364829828
semseg-spunet-pheno4d-tomato,0,Tomato02,T02_0313_a,3583327,0.7803935833435236,0.6589868495327298,0.9018003171543173,0.9954402710107115,0.559134306724664,0.4982834722903384,0.6199851411589896,0.0010347925266100471,0.7241100323624595,0.7156152097772198,0.6700604517976455,0.7611699677567941,0.0017994450408796072,0.8391749379652605,0.7552419144056145,0.6797949487371843,0.8306888800740447,0.005738521770410571,0.8754559159655693,0.7896437876619185,0.7156281463250923,0.8636594289987447,0.01401965268589777,0.8983816708800286,0.5965994708783267,0.5732138005976637,0.6199851411589896,0.0021100502410190307,0.792223250892739,0.7665890114963487,0.7720080552359033,0.7611699677567941,0.004948473862418919,0.9106135799684186,0.822115460787892,0.8135420415017393,0.8306888800740447,0.01900412661194471,0.9543452083761638,0.8414748405983263,0.819290252197908,0.8636594289987447,0.05547023757530362,0.9715598084198663,0.559134306724664,0.4982834722903384,0.6199851411589896,0.0010347925266100471,0.7241100323624595,0.7156152097772198,0.6700604517976455,0.7611699677567941,0.0017994450408796072,0.8391749379652605,0.7552419144056145,0.6797949487371843,0.8306888800740447,0.005738521770410571,0.8754559159655693,0.7896437876619185,0.7156281463250923,0.8636594289987447,0.01401965268589777,0.8983816708800286,0.5518269617706237,0.48993963782696176,0.6137142857142858,0.001004373868195674,0.7182550708530148,0.7114530917079531,0.667524115755627,0.7553820676602792,0.0017589798530806705,0.8359511343804538,0.7541372647849462,0.6793094758064516,0.8289650537634409,0.005657033254291333,0.8744511864239554,0.7889118211379791,0.7154088050314465,0.8624148372445117,0.01387760592321047,0.8976632882882883,0.5776049888957269,0.519266917293233,0.6359430604982207,0.0010925600705712875,0.7386973180076628,0.7233078128627186,0.6791067604772102,0.7675088652482269,0.0018787009949133863,0.8441770647653001,0.7545126024347064,0.6774744027303754,0.8315508021390374,0.005934708163670243,0.8755760368663594,0.7917400229731237,0.7188781367885846,0.8646019091576629,0.014311002038050113,0.899319436048439
semseg-spunet-pheno4d-tomato,0,Tomato02,T02_0315_a,2136519,0.9863320931219091,0.9743465198697537,0.9983176663740643,0.9993325591768667,0.7152182322318783,0.6436376454000705,0.7867988190636862,0.0030741594153854937,0.8460718635809987,0.8589007915246434,0.8060843598357597,0.9117172232135271,0.007530005583849243,0.9354177026355047,0.946445723023358,0.9152943094733409,0.9775971365733753,0.026962081778818724,0.9819633712351359,0.9777974201701649,0.9625559061124016,0.9930389342279281,0.08554522566848223,0.9940909016299263,0.7356019224660634,0.6844050258684405,0.7867988190636862,0.0043369611971623,0.8617526440751133,0.8725758630332539,0.8334345028529805,0.9117172232135271,0.011050217667149228,0.941886568681435,0.9531247582722636,0.9286523799711519,0.9775971365733753,0.03932097023242012,0.9835138673967385,0.979010933852662,0.964982933477396,0.9930389342279281,0.11073152169486908,0.9939724406120551,0.7699354192308779,0.6436376454000705,0.8962331930616854,0.00541488280703331,0.9126112887890051,0.880968672375921,0.8060843598357597,0.9558529849160824,0.013037094451301393,0.9626983557119265,0.9548372207880782,0.9238820171265462,0.9857924244496102,0.04013725129521432,0.9878722858408937,0.9784819281890849,0.962642684192321,0.9943211721858487,0.10195790442303579,0.9950421190350495,0.7004315137982886,0.6247668780305856,0.7760961495659915,0.0028869389881391178,0.8369001297016861,0.8546615214962644,0.7999229732331985,0.9094000697593303,0.007311893786107215,0.9334912303162207,0.945368683708604,0.9134815555000416,0.9772558119171665,0.026516029110904234,0.9816599590482242,0.9777178272296596,0.962451760942878,0.9929838935164413,0.08493863148420398,0.9940487014597212,0.729565725719513,0.6532066508313539,0.8059248006076719,0.0033657552308217244,0.8578779029342233,0.8631363311812057,0.809532538955087,0.9167401234073244,0.007907722795818806,0.9385025155371411,0.9471612443124313,0.9160675337264722,0.9782549548983905,0.02767164719808249,0.982425872363458,0.9779087980764037,0.9626633478531424,0.993154248299665,0.08680615524598657,0.9941767360605619
semseg-spunet-pheno4d-tomato,0,Tomato02,T02_0317_a,2842484,0.8803275072222976,0.7782519116214516,0.9824031028231435,0.9909462990820704,0.48408842238451805,0.3472222222222222,0.6209546225468139,0.012213261358727086,0.6845546721972577,0.6014629737269562,0.45137669394652263,0.7515492535073899,0.028238681378681463,0.793716051228385,0.7345614666910094,0.5696787612664663,0.8994441721155524,0.09596078641075904,0.9112575934772168,0.8205621738170337,0.6841194121720398,0.9570049354620277,0.2203512842992256,0.9606670445201926,0.4874270608468562,0.35389949914689856,0.6209546225468139,0.013275712369884932,0.6889177443290226,0.6124627833917083,0.47337631327602675,0.7515492535073899,0.03135461800312684,0.802030855539972,0.7444831870705002,0.5895222020254479,0.8994441721155524,0.10481044044575097,0.9151052960170782,0.8302712826423138,0.7035376298225998,0.9570049354620277,0.2415067244002077,0.9625305362582104,0.49876585554350217,0.3472222222222222,0.6503094888647821,0.013075535341623735,0.7051147523340597,0.6128633289261618,0.45137669394652263,0.7743499639058009,0.030621808249404393,0.8096665977344271,0.7394758267727486,0.5721658595213688,0.9067857940241283,0.10277982215555127,0.9171144959780935,0.822072033642163,0.6841194121720398,0.9600246551122862,0.23565796676428083,0.9632084006365567,0.47445461166471037,0.3365378651615704,0.6123713581678504,0.011617303738561062,0.6760644418872267,0.5950725752229721,0.44382270152948755,0.7463224489164566,0.027347911193167665,0.7890295358649789,0.7329781957544979,0.5677268425094202,0.8982295489995754,0.09486069226774892,0.9102284527518172,0.8204486978968367,0.6840870033600944,0.956810392433579,0.21944046123038863,0.9605037867371216,0.4916079912925022,0.35586785289284295,0.6273481296921615,0.012940442232920221,0.6909713726449719,0.6072975000653691,0.45931377295761916,0.7552812271731191,0.029087234967725414,0.7973996129656507,0.7366968902425792,0.572762412411529,0.9006313680736295,0.0971154103242094,0.9123126691275825,0.8209686339621953,0.6847419883280434,0.9571952795963471,0.22130186132973836,0.9608359947666868
semseg-spunet-pheno4d-tomato,0,Tomato02,T02_0319_a,1542285,0.9074075472367548,0.8344331705828502,0.9803819238906594,0.9841663505772279,0.5583081796741735,0.4116922571639708,0.7049241021843762,0.019015292244948242,0.7552767074709312,0.6488986680685911,0.5053857605744811,0.7924115755627009,0.04277873415095135,0.8286069387816967,0.7963546434958562,0.6922571362594809,0.9004521507322314,0.1381411347448753,0.9185601704740135,0.8610179470643862,0.7636822366177974,0.958353657510975,0.3061658513180119,0.9632376454642679,0.5534650160251895,0.4114472608340147,0.6954827712163643,0.020176556213669976,0.757696510058487,0.6447283398457657,0.5084392762615525,0.7810174034299788,0.04548056941486171,0.8269987454379562,0.796569141985298,0.711207972183866,0.8819303117867302,0.14997682010782704,0.9089521717890077,0.8619949116598108,0.7805084638626566,0.943481359456965,0.3371704970222754,0.9533684734804707,0.593205229338681,0.4116922571639708,0.7747182015133913,0.023904142230521595,0.8052730083814794,0.6740261764917461,0.5053857605744811,0.8426665924090112,0.05405875049034387,0.8643461990548612,0.808466959934523,0.6939910979228486,0.9229428219461974,0.1712874079693442,0.9343198043713613,0.8639730402303872,0.7636822366177974,0.964263843842977,0.3507931413454712,0.9679144879238036,0.5418598947421611,0.39048371521376524,0.693236074270557,0.017553175969421995,0.7435357565011821,0.6396231522299938,0.4920424403183024,0.7872038641416852,0.04080892960769248,0.8234798773415529,0.7930057103864514,0.688034572791933,0.8979768479809697,0.13490891761250354,0.916608993213757,0.8601496148651372,0.7629580990684122,0.9573411306618622,0.29961582975909123,0.9624339689196764,0.5644832632583278,0.4173168119932691,0.7116497145233864,0.020689431590140604,0.760819831395531,0.6545044540094909,0.5135022677152249,0.7955066403037567,0.045070139435966765,0.8315949993526205,0.8017723632990005,0.700699663125162,0.902845063472839,0.14195041772435055,0.9207456332675583,0.86734082195074,0.775776397515528,0.9589052463859521,0.31235212687667974,0.9639657405715993
semseg-spunet-pheno4d-tomato,0,Tomato02,T02_0321_a,1774166,0.8777157795500571,0.7704819402087094,0.9849496188914048,0.9875163879817334,0.5506285383557576,0.4308660152590015,0.6703910614525139,0.009080886455946062,0.736080938489231,0.7249660427601079,0.6144048619641818,0.8355272235560339,0.025783382163788508,0.8696222455403987,0.8962249480081053,0.8322254496704279,0.9602244463457826,0.10178190766816633,0.9667345966839814,0.9365260294288849,0.888338626617143,0.9847134322406268,0.25688689784383195,0.9863458837984904,0.5624987883104952,0.45460651516847644,0.6703910614525139,0.010537909079533708,0.7394094993581515,0.735828867125027,0.63613051069402,0.8355272235560339,0.028904285168355158,0.8699518340125972,0.8973924950471988,0.8345605437486148,0.9602244463457826,0.110363968196888,0.9656901799758942,0.9364436740444188,0.8881739158482107,0.9847134322406268,0.2760034855813943,0.9858396163994151,0.6394735837143244,0.41723914452365524,0.8617080229049935,0.02012494884920577,0.874079260607758,0.7719623249323389,0.613899115158561,0.9300255347061166,0.05348033949472597,0.9369960899212715,0.9051488469461582,0.8322254496704279,0.9780722442218883,0.17095130895305174,0.9801942656678624,0.939145654873335,0.8883526498977359,0.989938659848934,0.3758058716038973,0.9906665546793212,0.5356926817487286,0.411547548730065,0.6598378147673922,0.008173981465094021,0.7252103158185078,0.7122575450074029,0.6020332592742207,0.822481830740585,0.023808369679049198,0.8600615530303031,0.8930382040910194,0.8280001145901968,0.9580762935918419,0.0968832679692881,0.9650700751074834,0.9364192279296049,0.8883379148026375,0.9845005410565723,0.25341484393230396,0.9861766014234875,0.5692399883250994,0.44845485272815067,0.690025123922048,0.01039699780065676,0.7523040225523149,0.7396536696257274,0.6307464162135442,0.8485609230379105,0.027983289049615424,0.8796301891352952,0.899987292870366,0.8383259319068767,0.9616486538338556,0.1056992412209455,0.9679674501941044,0.9366969760938155,0.8883715099306911,0.9850224422569398,0.26204143242515077,0.9865929598520128
semseg-spunet-pheno4d-tomato,0,Tomato02,T02_0324_a,3311762,0.9737332298904218,0.951734998557741,0.9957314612231026,0.9962593930360938,0.5796669246890216,0.5126834120865457,0.6466504372914976,0.00918785830624302,0.742408308137242,0.7450372058363346,0.6746440376303077,0.8154303740423614,0.023160480735028664,0.8665093478657662,0.8995573796742864,0.8470160928296445,0.9520986665189283,0.08965680504818885,0.9621179973191613,0.9443562668273557,0.9056484061905182,0.9830641274641932,0.2433157938281797,0.9854182903038456,0.5818005496437895,0.5169506619960814,0.6466504372914976,0.009467769724998354,0.7405198532929357,0.7476732824906329,0.6799161909389044,0.8154303740423614,0.02378582760476145,0.8661597247787948,0.9020042266473323,0.8519097867757363,0.9520986665189283,0.09238375221407819,0.9622425666687368,0.9464785318222935,0.9098929361803936,0.9830641274641932,0.25061915681138924,0.9854769509548899,0.6663092335917484,0.5126515387006528,0.8199669284828441,0.015637597146171734,0.8486328879277053,0.7885453652966036,0.6746440376303077,0.9024466929628995,0.03810207376013131,0.918857233427111,0.9082988386196973,0.8470160928296445,0.9695815844097502,0.13037953814313952,0.9739500585938404,0.9451990738316299,0.9034509251552596,0.9869472225080003,0.3129168098432194,0.9883567208913198,0.5606478612676093,0.4859793955106775,0.6353163270245413,0.008388887848824885,0.7288172197825931,0.7350048773382439,0.6606481169574884,0.8093616377189995,0.021881403313402353,0.8609554825711369,0.8969846305236389,0.8436839764261092,0.9502852846211686,0.08659921818053351,0.960780485083474,0.9450547931814706,0.9069510819735978,0.9831585043893433,0.2391705684164502,0.9855190663522188,0.598719211265651,0.531384350816853,0.6660540717144491,0.010192761436359256,0.7577615831259628,0.7537649589212483,0.6832805264440653,0.8242493913984311,0.024634016574862565,0.8725454144296536,0.902042393054413,0.8504521276595745,0.9536326584492517,0.09251087487567042,0.96328670187418,0.9450773579628687,0.9067370258689097,0.9834176900568278,0.24832219223482846,0.9857061907819218
semseg-spunet-pheno4d-tomato,0,Tomato02,T02_0325_a,3455376,0.935162350274036,0.8809767254136956,0.9893479751343764,0.9907926083876255,0.5894844525969591,0.471850699844479,0.7071182053494391,0.008465359486203528,0.7678028101603364,0.673400743280948,0.5338012560029552,0.8130002305589408,0.021337764688994773,0.8459514444595144,0.7967877762019511,0.6783745913124708,0.9152009610914312,0.08296521131130158,0.927939555456334,0.8559803662859005,0.7504470663929075,0.9615136661788934,0.22093775033455115,0.9654516565521343,0.5958126238014801,0.48450704225352115,0.7071182053494391,0.008815249049596918,0.7717005909389363,0.6816064733451197,0.5502127161312985,0.8130002305589408,0.022161408772880288,0.8495089845382365,0.8045571045370139,0.6939132479825967,0.9152009610914312,0.08614576242932752,0.9300423965115263,0.8652496914135683,0.7689857166482431,0.9615136661788934,0.23056419909150264,0.9666857457015687,0.6339358721984515,0.4596621468070601,0.8082095975898429,0.012515859344974324,0.8350637038407288,0.7022567293891577,0.5251705623511365,0.8793428964271789,0.0319704715203208,0.8935276545668507,0.8098331122054618,0.678031246109797,0.9416349783011266,0.11498748616648376,0.9479242433775876,0.8595871185900339,0.7504470663929075,0.9687271707871602,0.2666022453128111,0.9713692085743657,0.5760368732394967,0.45614927905004243,0.695924467428951,0.007657053819902668,0.7576536397308943,0.6713082689903475,0.5319652383410772,0.8106512996396177,0.020202432383624822,0.8441560301975447,0.7983000960784721,0.6810595524086483,0.9155406397482958,0.08147130731937711,0.9283161761049185,0.855442710407071,0.7497129409085301,0.9611724799056117,0.21910842698450184,0.9651632144677996,0.5930803942289335,0.4748563727923966,0.7113044156654704,0.009357592343061941,0.7710150306179254,0.6814684348146222,0.5474747474747474,0.8154621221544969,0.022770025606475244,0.8491084024962188,0.7976996420113794,0.6793362450694433,0.9160630389533155,0.08601755641064822,0.9286125232569485,0.8572945552403296,0.752361369312527,0.9622277411681323,0.22491676737929533,0.9660628535253457
semseg-spunet-pheno4d-tomato,1,Tomato01,T01_0305_a,1962709,0.9446186936377292,0.896139083314518,0.9930983039609406,0.9992968901655823,0.599001366215208,0.543142144638404,0.6548605877920121,0.001907058050887829,0.7552765161635052,0.8144274364810777,0.7869767441860465,0.8418781287761091,0.004675680398877266,0.9001852457230032,0.9033242829540119,0.8433384641696596,0.9633101017383642,0.015232517912742032,0.9693614743954243,0.931105460602256,0.8755434782608695,0.9866674429436423,0.03828789698320026,0.9878107201788471,0.6176741963350304,0.5804878048780487,0.6548605877920121,0.0035349101675286555,0.801671951571058,0.8146707754615183,0.7874634221469274,0.8418781287761091,0.009445618275556896,0.9255623280651599,0.9080471993650217,0.8527842969916791,0.9633101017383642,0.035712884589615676,0.9803121522526892,0.9356172848344309,0.8845671267252195,0.9866674429436423,0.10560709712952862,0.9933422103861518,0.599001366215208,0.543142144638404,0.6548605877920121,0.001907058050887829,0.7552765161635052,0.8144274364810777,0.7869767441860465,0.8418781287761091,0.004675680398877266,0.9001852457230032,0.9033242829540119,0.8433384641696596,0.9633101017383642,0.015232517912742032,0.9693614743954243,0.931105460602256,0.8755434782608695,0.9866674429436423,0.03828789698320026,0.9878107201788471,0.5876776045857797,0.5302564102564102,0.6450987989151492,0.0018418420662461934,0.7466113416320885,0.8096845292582646,0.7824744716219425,0.8368945868945868,0.004540153430793867,0.8972057008192122,0.9028776490589356,0.8431506849315068,0.9626046131863646,0.014988976970095923,0.9688636595397532,0.9307942436783035,0.8750681942171303,0.9865202931394768,0.03789150607655032,0.9876832055936533,0.6137224959509112,0.5570599613152805,0.670385030586542,0.0020028440283302315,0.7669804121088781,0.8205002005177002,0.7931345980126467,0.8478658030227537,0.004857062356161815,0.9039127242211266,0.9039263937382933,0.8440054495912807,0.9638473378853061,0.015434279865227092,0.9697619912190936,0.9318773566735847,0.876997448637035,0.9867572647101345,0.038569650416847324,0.9878997635434142
semseg-spunet-pheno4d-tomato,1,Tomato01,T01_0307_a,1921834,0.7488941614578859,0.5854481909527781,0.9123401319629938,0.9945687296613547,0.25473399458972046,0.0,0.5094679891794409,0.004039370726087685,0.5094679891794409,0.3304363893381017,0.105714646146083,0.5551581325301205,0.008728121159267658,0.5773816620961011,0.4786616219285791,0.19419494344644045,0.7631283004107178,0.022498821438271983,0.7759198871389255,0.5911621999366342,0.3142125657348464,0.8681118341384221,0.041464559374014616,0.8756274470434695,0.35211366379618764,0.19475933841293439,0.5094679891794409,0.005130515955072083,0.5605476673427991,0.40475744887716125,0.2543567652242021,0.5551581325301205,0.012555194673421326,0.684363214389324,0.5535605542379795,0.34399280806524113,0.7631283004107178,0.04511315753597865,0.8821683967704729,0.6898921743791526,0.5116725146198831,0.8681118341384221,0.11480388004374988,0.9526908817317368,0.25473399458972046,0.0,0.5094679891794409,0.004039370726087685,0.5094679891794409,0.3304363893381017,0.105714646146083,0.5551581325301205,0.008728121159267658,0.5773816620961011,0.4786616219285791,0.19419494344644045,0.7631283004107178,0.022498821438271983,0.7759198871389255,0.5911621999366342,0.3142125657348464,0.8681118341384221,0.041464559374014616,0.8756274470434695,0.2532721630009445,0.0,0.506544326001889,0.003856212347164219,0.506544326001889,0.31529719499348297,0.08320209973753281,0.5473922902494331,0.008361284065116966,0.5652498599788413,0.47760568947982107,0.19429189549009818,0.760919483469544,0.022289125907856765,0.7739518162293398,0.5908134190596395,0.31407017786698044,0.8675566602522985,0.04129909242941898,0.8751291419931965,0.2538470786246694,0.0,0.5076941572493388,0.004328157374674399,0.5076941572493388,0.3459560174250774,0.13026819923371646,0.5616438356164384,0.009188618788095121,0.5886516790305227,0.47984185698536025,0.19403726708074534,0.7656464468899752,0.022827153645944447,0.7781627535901527,0.5930128315208941,0.31695382494831154,0.8690718380934767,0.04178144418300436,0.8765707311605664
semseg-spunet-pheno4d-tomato,1,Tomato01,T01_0309_a,2177884,0.9604817232001451,0.9326428610093647,0.9883205853909256,0.9982859509505557,0.4992713889104937,0.286952931461602,0.7115898463593855,0.006137149636987094,0.7415831213526859,0.7199362325433569,0.5780601026142194,0.8618123624724945,0.013649487300517384,0.8838093315840818,0.8955388315759161,0.8424054387005521,0.9486722244512802,0.03937583452562212,0.9597229348383787,0.9218160237782194,0.868938301586097,0.9746937459703418,0.07318479772109075,0.9783296107611614,0.5789865712035556,0.4463832960477256,0.7115898463593855,0.007999507779110366,0.7869360578578808,0.7901869411879963,0.7185615199034981,0.8618123624724945,0.01962914461927265,0.9126783625730994,0.9190700713053783,0.8894679181594765,0.9486722244512802,0.06182514771218302,0.9722758600202008,0.9466593375620553,0.918624929153769,0.9746937459703418,0.13702520428085244,0.9874909943871994,0.5000021781176084,0.286952931461602,0.7130514247736147,0.006165158474923366,0.7427571311536456,0.7211901644390577,0.5780601026142194,0.8643202262638959,0.01386161981078882,0.8855874656331777,0.8956349581208916,0.8424054387005521,0.9488644775412312,0.039492002328866,0.9598414119452615,0.921824639477419,0.868938301586097,0.9747109773687409,0.07322749971991162,0.9783422476658662,0.48292588065835873,0.2685871637364965,0.697264597580221,0.005819410032857581,0.7275524696228499,0.7071913519477282,0.5591013530763339,0.8552813508191226,0.012969928609604551,0.8777215279498708,0.8943725969244075,0.8405502723663558,0.9481949214824592,0.03897406840768379,0.9593077367137522,0.9214406480975934,0.86831369857791,0.974567597617277,0.07281655037642042,0.9782200194216387,0.5164662843124675,0.30586816720257237,0.7270644014223627,0.006509529433156219,0.7563659448402342,0.7300673949806284,0.591725768321513,0.868409021639744,0.014350626571479473,0.8894861457733411,0.8959381477704171,0.8424413830854849,0.9494349124553493,0.039844179028818795,0.9601963676592606,0.9219350631581523,0.8689780745011759,0.9748920518151287,0.07368344686861192,0.9784762640676994
semseg-spunet-pheno4d-tomato,1,Tomato01,T01_0311_a,2080173,0.922601252463709,0.8572605261882843,0.9879419787391338,0.9971646589009664,0.43910517006091565,0.27426856714178544,0.6039417729800458,0.006757130296374388,0.6554496300512237,0.5909730430971716,0.39737991266375544,0.7845661735305878,0.013729146566175025,0.8113379320004201,0.7459820490271101,0.558926487747958,0.9330376103062621,0.0442025735359511,0.9382701280057423,0.8345470047901755,0.6963367609254498,0.9727572486549011,0.10640989956123842,0.9743574684550781,0.4650216431526719,0.32610151332529796,0.6039417729800458,0.007336889768302925,0.669899095793474,0.6666065403735413,0.5486469072164949,0.7845661735305878,0.01670918716856723,0.8385983083031244,0.8270037454827389,0.7209698806592157,0.9330376103062621,0.058924906726507846,0.9518821283469577,0.8938098890564372,0.8148625294579733,0.9727572486549011,0.1522229160747688,0.9813737565135007,0.5050333168858532,0.269378131447097,0.7406885023246095,0.010081373039646221,0.7632921653712269,0.6279119855416985,0.39675796534376745,0.8590660057396295,0.02013246013672901,0.8710093364215955,0.7538152664311853,0.558926487747958,0.9487040451144128,0.056647692283286054,0.9518317676111917,0.8359697989024413,0.6963367609254498,0.9756028368794326,0.11809210099352313,0.9768941429339065,0.4322293204036066,0.2617523036076839,0.6027063371995294,0.006525418799301789,0.6517607190216591,0.5879422612168405,0.3938773187663594,0.7820072036673216,0.013408980887647326,0.8090560355644786,0.7431373707694688,0.5548751766368347,0.931399564902103,0.04317333221804148,0.936798503474078,0.8337579796113403,0.6949644932214332,0.9725514660012476,0.1056186192206129,0.9741653580938076,0.4464940467832961,0.2816676350958745,0.6113204584707176,0.007055663158785351,0.6626694828643456,0.5957224322041069,0.40039951170791255,0.7910453527003013,0.014178628412156105,0.8166067674781311,0.7485130905317225,0.5628036086051353,0.9342225724583096,0.04499145023034142,0.9393524949246714,0.8346446281218005,0.6963367609254498,0.9729524953181513,0.10713291634878445,0.9745305243319647
semseg-spunet-pheno4d-tomato,1,Tomato01,T01_0313_a,1924288,0.9415488565019192,0.8943950417677176,0.9887026712361209,0.995926805135198,0.4600494088102872,0.2692412292629861,0.6508575883575883,0.00902775468121196,0.690651623301865,0.6906821187552892,0.5742990931183688,0.8070651443922096,0.024379926497488942,0.846911369740376,0.8600719341042582,0.7870101174555181,0.9331337507529983,0.07100392456846376,0.9463815211663447,0.9124246629478695,0.8539485639789831,0.9709007619167559,0.1545132537333289,0.9751318409298821,0.4925928019832243,0.33432801560886033,0.6508575883575883,0.010564426946486181,0.7146932952924394,0.7082100659201684,0.6093549874481274,0.8070651443922096,0.02757279575614461,0.8562893437370425,0.8690395752635331,0.804945399774068,0.9331337507529983,0.08416931353310939,0.9520269686230444,0.9196467675525078,0.8683927731882598,0.9709007619167559,0.1900240504539861,0.9785648455810163,0.5414061554626871,0.2692412292629861,0.8135710816623881,0.01600903814813583,0.8255534636109849,0.7321007215779632,0.5742990931183688,0.8899023500375577,0.038934920344563806,0.9041403059181549,0.8715648835896971,0.7870101174555181,0.9561196497238761,0.10082898194033325,0.9622417845215024,0.9162580914691316,0.8539485639789831,0.9785676189592802,0.20174942628130507,0.9809542944279591,0.4457426613982115,0.24595609474292315,0.6455292280534999,0.008539262314165031,0.6822663096397273,0.6709627260630666,0.5469745725282352,0.7949508795978981,0.02270190324940965,0.8356415245507611,0.8584944741806549,0.7854632774979501,0.9315256708633598,0.06953792779459207,0.9452511377988356,0.9122049082655187,0.8536855644602751,0.9707242520707623,0.15366982489107658,0.9749953500955344,0.479516044362284,0.29626334519572955,0.6627687435288385,0.009743863704393521,0.7046933333333333,0.6998403439068763,0.5860518731988472,0.8136288146149055,0.02531014068580171,0.8525377792378449,0.8618787992700049,0.7896441985148657,0.9341134000251441,0.0721825423221472,0.947177825773938,0.9130284390952261,0.8549228897696504,0.971133988420802,0.15575683057837497,0.9753303905965882
semseg-spunet-pheno4d-tomato,1,Tomato01,T01_0315_a,2438364,0.958191456540596,0.9231808568966867,0.9932020561845054,0.9967822687670914,0.6064043695498064,0.4801835096215114,0.7326252294781013,0.007800722123522165,0.7855528100520477,0.7341543772660851,0.6267918932278794,0.8415168613042908,0.0197878577603672,0.8748186528497409,0.8952521454317373,0.8360831076621987,0.9544211832012759,0.07987035569750865,0.9630146904027153,0.9309278106903625,0.8800519558375381,0.9818036655431867,0.18399344806599835,0.9839449183426466,0.6144457489400321,0.49626626840196286,0.7326252294781013,0.00974423834997564,0.8012626262626262,0.7426116054668812,0.6437063496294717,0.8415168613042908,0.023629777998690926,0.8840119407129716,0.8999877022874354,0.845554221373595,0.9544211832012759,0.09110083646248059,0.9646794545708279,0.9365907241216875,0.8913777827001883,0.9818036655431867,0.21227019427780267,0.9848413422154902,0.6568910366485979,0.4801835096215114,0.8335985636756845,0.011596299814137677,0.8557433866176263,0.7635461810456903,0.6267918932278794,0.9003004688635012,0.02900182253346916,0.9145891369826209,0.9015748713120307,0.8360831076621987,0.9670666349618627,0.10475261281744645,0.9717999412743467,0.9327481870041846,0.8800519558375381,0.9854444181708311,0.22459403107985518,0.9868472469240854,0.5969436393509899,0.4742021276595745,0.7196851510424054,0.007246251995190218,0.7762182353274096,0.7285484212958079,0.6198856416772554,0.8372112009143604,0.019072213992660653,0.8713471669712934,0.8945002237209345,0.8351603084879969,0.9538401389538722,0.07895375751938595,0.9625853166976595,0.9306917955484175,0.8796853076768891,0.9816982834199459,0.18298375468141753,0.9838563273649035,0.6214750643183141,0.5022206638616176,0.7407294647750107,0.008497910894353755,0.7944597268471599,0.745232899539936,0.6443952974042603,0.8460705016756117,0.020817236474947955,0.8796296296296297,0.8967191192374069,0.8383564103139517,0.9550818281608622,0.08107690238208898,0.9635650876349933,0.9314870279411436,0.8810640335523926,0.9819100223298947,0.18515734320224544,0.9840458402457689
semseg-spunet-pheno4d-tomato,1,Tomato01,T01_0317_a,2450405,0.9079177744758848,0.8332220946685532,0.9826134542832166,0.9872421089574989,0.46637357637092913,0.4244319887899109,0.5083151639519473,0.013006829483289496,0.6391503514056225,0.6048841879538303,0.5473545891803441,0.6624137867273164,0.031079760284524395,0.7602746920875023,0.779583935662522,0.697244811008132,0.861923060316912,0.11211493610239939,0.8952341779293626,0.8530481248044584,0.757069429581347,0.9490268200275697,0.27820380712576087,0.9560092825122632,0.47229602788311686,0.43627689181428636,0.5083151639519473,0.015402351856121743,0.6618886121562185,0.619426493381011,0.5764392000347056,0.6624137867273164,0.035858970251856324,0.7777714552344968,0.7886732886250065,0.715423516933101,0.861923060316912,0.12344694040372918,0.9006529033537745,0.8630617372574478,0.7770966544873259,0.9490268200275697,0.30020425195018785,0.9575067086084973,0.5525241697082341,0.42333033842467804,0.6817180009917901,0.018274122032888442,0.7419995980258604,0.6701654618300474,0.5451918802785598,0.7951390433815351,0.04569734390845595,0.8355287246488118,0.8059546421897965,0.6968562716854169,0.9150530126941762,0.16557467030960188,0.9289296937580874,0.8603849729141491,0.757069429581347,0.9637005162469512,0.3752595999436828,0.9673868834131922,0.45762820926991293,0.41763316714773024,0.4976232513920956,0.012262054639947274,0.6306786035211502,0.597876842372559,0.5408544384753133,0.6548992462698047,0.029852208104374583,0.7546411483253589,0.7787941732334387,0.6974608262859312,0.8601275201809461,0.11071108653467487,0.8942300958026002,0.8521738003345032,0.7556669928245271,0.9486806078444794,0.2762951430477819,0.9557053918925905,0.47579577021788366,0.43570368996847764,0.5158878504672897,0.014097261473103426,0.6476088466882816,0.6130114801199058,0.556938453197558,0.6690845070422535,0.03282192127423834,0.7662973876931876,0.7811452127684664,0.6981945847961746,0.8640958407407581,0.11435089301564436,0.8966010720684068,0.8540834198559848,0.7587125970303089,0.9494542426816607,0.2805768842293417,0.9563813493870059
semseg-spunet-pheno4d-tomato,1,Tomato01,T01_0319_a,2476596,0.9649876499186487,0.935918670398081,0.9940566294392165,0.9950149317854022,0.5473344378144188,0.4575474909784163,0.6371213846504213,0.01157839227714169,0.7221621621621621,0.7423578733731747,0.6769050908704431,0.8078106558759063,0.026873983483781772,0.8629725344071159,0.9017374089658422,0.863997242771507,0.9394775751601774,0.10207680219139496,0.9562782087237889,0.9411191139888929,0.9038289442817797,0.9784092836960061,0.24906847947747635,0.9820488877216532,0.5528483817082397,0.4685753787660579,0.6371213846504213,0.013651398936281896,0.7271436599721968,0.7479658484867209,0.6881210410975354,0.8078106558759063,0.03136442116517995,0.8662538460548167,0.9009938103499788,0.8625100455397804,0.9394775751601774,0.11396489374932367,0.9563428935853603,0.9412364288563853,0.9040635740167644,0.9784092836960061,0.27465601979491205,0.9818556567658319,0.6147509609689426,0.4575474909784163,0.7719544309594687,0.016819860808949056,0.8087430382177837,0.7762526654832408,0.6769050908704431,0.8756002400960384,0.03731411986452372,0.9013115179846773,0.907880887038713,0.863997242771507,0.951764531305919,0.12085903393205835,0.9630728420180477,0.942522953008384,0.9038289442817797,0.9812169617349882,0.28002023745495835,0.9840330960335806,0.5345790887184219,0.4417569798320534,0.6274011976047904,0.010914174132559368,0.7122456529781724,0.7362275692238769,0.6680785238112776,0.8043766146364761,0.025923889080011434,0.8596327274426429,0.9002898352764832,0.8618788674292144,0.938700803123752,0.10063934529491286,0.9556537194625325,0.9410227632521097,0.9037938377297814,0.9782516887744379,0.2475510741356281,0.9819388534034488,0.5700652048221387,0.4856395200408476,0.6544908896034298,0.012490531358364464,0.7394775974655718,0.7537756735761043,0.6916649821440604,0.8158863650081484,0.028359086423461882,0.8696927414072956,0.9034283167557596,0.8660516202553129,0.9408050132562064,0.10423339131614523,0.9571828126936903,0.9413889151057757,0.9041113690703073,0.9786664611412441,0.2517015290342066,0.9822366742973195
semseg-spunet-pheno4d-tomato,1,Tomato01,T01_0321_a,1672545,0.9664683875952578,0.9403775138811402,0.9925592613093753,0.9938315561016295,0.6360659217563814,0.5613291703835861,0.7108026731291768,0.011319874801574845,0.7920033803412032,0.755523634558215,0.6837716484926235,0.8272756206238064,0.026489571282088075,0.8775081819207764,0.8888196545546342,0.8383795116892486,0.9392597974200197,0.09649067738087765,0.9554481519348142,0.9274856644968201,0.8821977405094379,0.9727735884842024,0.22941146576026356,0.9780688609099273,0.6357967723308682,0.5607908715325595,0.7108026731291768,0.013172739746912639,0.7971586782861293,0.7600892235572096,0.6929028264906127,0.8272756206238064,0.03022878308206954,0.8821574793805257,0.8912839147048004,0.843308031989581,0.9392597974200197,0.1056569479445994,0.9563084270807397,0.9296147562056067,0.886455923927011,0.9727735884842024,0.24276297498722008,0.97818644835875,0.6896406604942948,0.5451001624255549,0.8341811585630349,0.018340313713532373,0.862917685411573,0.7725911209438789,0.6528226255428126,0.8923596163449452,0.04242516643797327,0.9119056343188928,0.8887700622753256,0.8222158349731367,0.9553242895775147,0.13360955908510683,0.9639232462813467,0.9307958694533085,0.8821482198739808,0.9794435190326362,0.28885321471171177,0.9825736876966386,0.621342808518045,0.5453014077728312,0.697384209263259,0.010352486779130008,0.7815189142362113,0.7460916022702035,0.6716160433737909,0.8205671611666162,0.024984081145798767,0.8723526455596238,0.8858318667847174,0.8337970046830806,0.937866728886354,0.09417265305268319,0.9543515250019047,0.9267216445100694,0.881025611951299,0.9724176770688399,0.22663246728787567,0.977799938267208,0.6486872179109022,0.5729112610275039,0.7244631747943007,0.012406841071540676,0.801503541997976,0.7639147695080334,0.692978582468536,0.8348509565475307,0.02835678561712839,0.8826009951927132,0.8881320172138983,0.8364558419700594,0.9398081924577373,0.09962960637830372,0.9555555555555556,0.9277444685004537,0.8822365929271817,0.9732523440737255,0.23272497899907027,0.9783785450220043
semseg-spunet-pheno4d-tomato,1,Tomato01,T01_0324_a,2932759,0.9521070032660193,0.9110290944101991,0.9931849121218396,0.9938106063266705,0.5643686491570361,0.506825146253134,0.6219121520609383,0.006650734001668736,0.727710843373494,0.7408773383121192,0.6681837376249238,0.8135709389993147,0.017790415100592993,0.8644561571633924,0.9045385933152523,0.8540734752537501,0.9550037113767545,0.07776568071225765,0.9643834295034814,0.932204371835647,0.8823264640762999,0.982082279594994,0.20877133102310827,0.9842015692269499,0.5683894162812735,0.5325876713480784,0.6041911612144685,0.007458164820225596,0.7277465368262241,0.7243920352141644,0.6723034182872327,0.776480652141096,0.020225323662803524,0.8445276148088205,0.8845508074436756,0.8354860321268872,0.9336155827604642,0.08518190550263421,0.9494351888174591,0.9177370599609448,0.8628215604538825,0.9726525594680071,0.22554188734907982,0.9768164363680344,0.6807665105210978,0.4984930130605535,0.8630400079816423,0.015531450078236909,0.8794511525795828,0.7829231595788106,0.6427604260696876,0.9230858930879338,0.03994463916059929,0.9324358930583535,0.8992252607099156,0.8261269868843916,0.9723235345354396,0.13952697783895643,0.9755400184262425,0.9299229689149778,0.8735220050365752,0.9863239327933805,0.2877495218666109,0.9875020737054153,0.5513673037303681,0.4944911858974359,0.6082434215633005,0.006076189690322321,0.7167789001122334,0.7307203236968224,0.6555004955401388,0.805940151853506,0.016725547513450643,0.8582728532985403,0.9022034424900693,0.8507974555176546,0.953609429462484,0.07521074864999136,0.9633140655105973,0.9319573485543233,0.8821476935840034,0.9817670035246432,0.20527019097034568,0.9839537016119387,0.5854296627830959,0.5263335015985192,0.6445258239676727,0.007533520483612871,0.7451796867927944,0.7590175611089586,0.6927818398231593,0.8252532823947578,0.019658621796063026,0.8746487667811427,0.9065114062383847,0.8562202523134632,0.9568025601633061,0.08064215300336645,0.9656411730879816,0.9327309384209639,0.8831410450015101,0.9823208318404176,0.21145003731980705,0.9844017080234531
semseg-spunet-pheno4d-tomato,1,Tomato01,T01_0325_a,3011661,0.9551080778084371,0.9208238203634661,0.989392335253408,0.9909757439499333,0.5347226785215348,0.45415692282880415,0.6152884342142654,0.00771235540786297,0.7085719206096354,0.7192381972211958,0.6561046511627907,0.7823717432796008,0.020434902865893605,0.8462213411760883,0.8976462205148845,0.8566015103186936,0.9386909307110756,0.07783113703700384,0.9551196453940043,0.9420800359491395,0.9070905244586747,0.9770695474396042,0.2015618623742845,0.9812614078901416,0.5086179691526649,0.44915072027520964,0.5680852180301201,0.00940676922136987,0.691069537592658,0.6509021268558794,0.606748073936478,0.6950561797752809,0.02526778412311346,0.7963678414675813,0.8518856195255742,0.8089299582428219,0.8948412808083265,0.0909737184895644,0.9284551539882182,0.9128076345739247,0.8680154402634562,0.957599828884393,0.22760828659002458,0.967637228857485,0.607301256795602,0.45009190441940383,0.7645106091718001,0.011572351602653817,0.8025651325605417,0.7626637714491113,0.6550248431436551,0.8703026997545678,0.030349033307533618,0.8959311167273881,0.908546861863232,0.8566132373786937,0.9604804863477702,0.10924104671807351,0.9680240245351781,0.9445441035468163,0.9070905244586747,0.981997682634958,0.24664462567334106,0.9846865281835193,0.521285985017157,0.4390927401698923,0.6034792298644215,0.007028347480011861,0.6974063400576369,0.698713518887149,0.6275664491484959,0.7698605886258022,0.018741485180436973,0.8341689846393707,0.8936282037244753,0.8504279580288339,0.9368284494201167,0.07514623989884651,0.9535161169166869,0.9413849660887332,0.9061659100288898,0.9766040221485766,0.19776262999056002,0.980913172395961,0.5562728259489892,0.4807816653495222,0.6317639865484561,0.008738699342323056,0.7253970666464017,0.739497690821386,0.683532567303553,0.7954628143392188,0.02236871945414839,0.8581352887912479,0.9023831454990892,0.8634678213970856,0.9412984696010928,0.08167187475615616,0.9571854875430951,0.9422444405867503,0.9070532392141537,0.977435641959347,0.2049536783854491,0.9815050927418506
semseg-spunet-pheno4d-tomato,1,Tomato02,T02_0305_a,1518307,0.9855844911415494,0.973083674663546,0.9980853076195529,0.9999091092908088,0.9196339112057861,0.9159067882472138,0.9233610341643582,0.0013086944866881336,0.9582284851534978,0.9597285928937405,0.9494210847044485,0.9700361010830325,0.0028505434013015815,0.9808225508317929,0.9780373137929766,0.9631438721136767,0.9929307554722766,0.009161520035144408,0.9940330697340043,0.988388159579217,0.9793840039741679,0.997392315184266,0.02356045253035124,0.997679749524768,0.90928871753776,0.8952164009111617,0.9233610341643582,0.001829669493718991,0.9503239740820735,0.9557311235466096,0.9414261460101867,0.9700361010830325,0.00485935980009313,0.9812957441040933,0.9817091758541879,0.9704875962360993,0.9929307554722766,0.028126064096391575,0.9967684526039715,0.985237994923906,0.973083674663546,0.997392315184266,0.09465674596771272,0.9990397862480691,0.9196339112057861,0.9159067882472138,0.9233610341643582,0.0013086944866881336,0.9582284851534978,0.9597285928937405,0.9494210847044485,0.9700361010830325,0.0028505434013015815,0.9808225508317929,0.9780373137929766,0.9631438721136767,0.9929307554722766,0.009161520035144408,0.9940330697340043,0.988388159579217,0.9793840039741679,0.997392315184266,0.02356045253035124,0.997679749524768,0.916976006065753,0.9155645981688708,0.9183874139626352,0.0012625905037650488,0.9567031820552947,0.9592481771159334,0.9493284493284493,0.9691679049034175,0.0027971945067762974,0.9804567930303744,0.9779977391745716,0.9631438721136767,0.9928516062354664,0.009075898352572965,0.993976777939042,0.9883756282003682,0.9793840039741679,0.9973672524265685,0.02336088814712703,0.99765992838817,0.924609253148139,0.919260700389105,0.929957805907173,0.001402878337516721,0.9610328638497653,0.9608493940522018,0.9499396863691194,0.9717591017352841,0.0029730482702114923,0.9816127603012849,0.9781061243214313,0.9631929046563192,0.9930193439865433,0.009261631540920249,0.9940975679135258,0.9883921617264895,0.9793840039741679,0.997400319478811,0.02362499810644356,0.9976860886534709
semseg-spunet-pheno4d-tomato,1,Tomato02,T02_0307_a,2660027,0.9640575823161104,0.9414962094121013,0.9866189552201194,0.9995387264866108,0.6935890766367125,0.7694228634850167,0.6177552897884084,0.0018597555588721467,0.8320194057004245,0.8122612370543533,0.8473040977713875,0.777218376337319,0.004007478119582996,0.900375234521576,0.9179046820782173,0.8949243098842387,0.9408850542721959,0.010154032271101008,0.9606812291743798,0.9552656951789882,0.9316074188562596,0.9789239715017166,0.02438133146768811,0.9836250096368823,0.723559844654355,0.8293643995203015,0.6177552897884084,0.0032116215361723773,0.8834133208474775,0.8283912847528763,0.8795641931684335,0.777218376337319,0.0077890186828930685,0.9407789951252473,0.9326770608387758,0.9244690674053555,0.9408850542721959,0.03595940943456589,0.9871723835112333,0.960210090456909,0.9414962094121013,0.9789239715017166,0.1041049583331297,0.9955691494355812,0.6935890766367125,0.7694228634850167,0.6177552897884084,0.0018597555588721467,0.8320194057004245,0.8122612370543533,0.8473040977713875,0.777218376337319,0.004007478119582996,0.900375234521576,0.9179046820782173,0.8949243098842387,0.9408850542721959,0.010154032271101008,0.9606812291743798,0.9552656951789882,0.9316074188562596,0.9789239715017166,0.02438133146768811,0.9836250096368823,0.6877015022118382,0.765291191103307,0.6101118133203695,0.00175637314959585,0.8283390410958904,0.806042707389474,0.845594649607444,0.7664907651715039,0.003896201053598328,0.8975299112311849,0.917011415178385,0.8949243098842387,0.9390985204725313,0.00995591398132425,0.9598988030057017,0.9550621145743854,0.9316074188562596,0.9785168102925113,0.02402231255547406,0.9833802816901408,0.6963696802484314,0.771093957945169,0.6216454025516938,0.0019435892943943803,0.8336557059961315,0.8164878017012132,0.8486101211689238,0.7843654822335026,0.00408943217493657,0.9023717595146167,0.9182091800633181,0.8949243098842387,0.9414940502423975,0.01022433230940889,0.96095157554142,0.9553195836975975,0.9316074188562596,0.9790317485389354,0.024478698900424693,0.9836901434407347
semseg-spunet-pheno4d-tomato,1,Tomato02,T02_0309_a,2530683,0.8582517801527423,0.7515593060432937,0.964944254262191,0.9962539757053728,0.6552152497593109,0.6857663060940344,0.6246641934245875,0.005619036441940772,0.7936708860759494,0.7676618163260928,0.7770162770774691,0.7583073555747164,0.010975297972918774,0.8688028802880288,0.7419490149747692,0.6529144878498924,0.8309835420996461,0.027814625537848872,0.8717573518965762,0.8119062009102977,0.6947116957916094,0.929100706028986,0.060382908487550596,0.9389503304757542,0.6632838794932387,0.70190356556189,0.6246641934245875,0.006984675678463087,0.825469563249604,0.7763916956590073,0.7944760357432982,0.7583073555747164,0.016540989132182892,0.9093406593406593,0.7687892999012025,0.7065950577027589,0.8309835420996461,0.06094560243222877,0.9404930171038811,0.8403300060361398,0.7515593060432937,0.929100706028986,0.15998487364873434,0.9765851345243299,0.6552152497593109,0.6857663060940344,0.6246641934245875,0.005619036441940772,0.7936708860759494,0.7676618163260928,0.7770162770774691,0.7583073555747164,0.010975297972918774,0.8688028802880288,0.7419490149747692,0.6529144878498924,0.8309835420996461,0.027814625537848872,0.8717573518965762,0.8119062009102977,0.6947116957916094,0.929100706028986,0.060382908487550596,0.9389503304757542,0.6352375053599505,0.6503311258278146,0.6201438848920864,0.005155130057774917,0.7774030354131535,0.7664205076665916,0.7733924611973393,0.759448554135844,0.010699878254210425,0.8679001403353276,0.7424344666171399,0.6541084017103894,0.8307605315238903,0.027674347201921377,0.8717926750910259,0.8114078239227831,0.6940609320171842,0.928754715828382,0.0601047227171479,0.9386677711595861,0.6604268723799529,0.6885634732391461,0.6322902715207598,0.00588378710411379,0.7971793149764943,0.7668170990992742,0.7738167292095388,0.7598174689890096,0.011200138460644814,0.8681555179226644,0.7417731690790648,0.651089746045122,0.8324565921130076,0.02820029217408897,0.8723621892778074,0.8122015193822578,0.694751652378771,0.9296513863857447,0.06079149383782955,0.9393606510491147
semseg-spunet-pheno4d-tomato,1,Tomato02,T02_0311_a,2801320,0.9597729605624523,0.9283348585871791,0.9912110625377256,0.9988259106421259,0.4564222288342481,0.3405204460966543,0.5723240115718419,0.0027115788271243556,0.6496840442338072,0.6970568576184206,0.6366271741870431,0.7574865410497981,0.006046792226521783,0.8298010508294469,0.9038535241866201,0.8725576872071434,0.9351493611660968,0.022915982465409164,0.9550899602772802,0.9430599861897155,0.9085400672546158,0.9775799051248153,0.05612675453000728,0.9816636879964892,0.52972387869562,0.487123745819398,0.5723240115718419,0.0043925720731655075,0.7507517269402681,0.7395440154038562,0.7216014897579144,0.7574865410497981,0.012776476803792498,0.9081053896230896,0.9136053326784834,0.89206130419087,0.9351493611660968,0.046493081832850225,0.9747470094132461,0.9517424858476811,0.9259050665705467,0.9775799051248153,0.11335191980923279,0.989642086699104,0.4564222288342481,0.3405204460966543,0.5723240115718419,0.0027115788271243556,0.6496840442338072,0.6970568576184206,0.6366271741870431,0.7574865410497981,0.006046792226521783,0.8298010508294469,0.9038535241866201,0.8725576872071434,0.9351493611660968,0.022915982465409164,0.9550899602772802,0.9430599861897155,0.9085400672546158,0.9775799051248153,0.05612675453000728,0.9816636879964892,0.44359222794749376,0.3248836006207967,0.5623008552741908,0.0025769994145617065,0.6384540795123979,0.6897117272214881,0.6276156032033067,0.7518078512396694,0.005881156026444676,0.8250075872534143,0.901497648903632,0.8696065128900949,0.9333887849171691,0.022313766367283994,0.9538779036283356,0.9428722490515555,0.9083889418493803,0.9773555562537308,0.055653406251338654,0.9815077323720518,0.4735969904293261,0.36640863241848465,0.5807853484401676,0.0028575814258992188,0.6625858838226109,0.7034047316527379,0.6442497532082923,0.7625597100971834,0.006198149443833621,0.8339572654495191,0.9070145531662264,0.878014724549378,0.9360143817830747,0.023491782445418587,0.9561907366885485,0.9432227662816337,0.9087196048632219,0.9777259277000456,0.056449816515071465,0.9817686266078136
semseg-spunet-pheno4d-tomato,1,Tomato02,T02_0313_a,3583327,0.7623443569095307,0.6304086665121083,0.8942800473069531,0.9951062239086749,0.37018938612884894,0.20577617328519857,0.5346025989724993,0.0010347925266100471,0.5846817691477886,0.5723895617910101,0.46730200460072296,0.6774771189812973,0.0017994450408796072,0.7486042183622829,0.6916169828080465,0.5877437325905293,0.7954902330255638,0.005738521770410571,0.8416573457180373,0.7376292222593546,0.639943741209564,0.8353147033091451,0.01401965268589777,0.8726038577144336,0.4810303162728204,0.4274580335731415,0.5346025989724993,0.0021100502410190307,0.7473879116518979,0.6878379994785402,0.6981988799757832,0.6774771189812973,0.004948473862418919,0.8875479359350327,0.7866237986121143,0.7777573641986649,0.7954902330255638,0.01900412661194471,0.9467091544538753,0.8077702726747555,0.780225842040366,0.8353147033091451,0.05547023757530362,0.9659250986074217,0.37018938612884894,0.20577617328519857,0.5346025989724993,0.0010347925266100471,0.5846817691477886,0.5723895617910101,0.46730200460072296,0.6774771189812973,0.0017994450408796072,0.7486042183622829,0.6916169828080465,0.5877437325905293,0.7954902330255638,0.005738521770410571,0.8416573457180373,0.7376292222593546,0.639943741209564,0.8353147033091451,0.01401965268589777,0.8726038577144336,0.36466503869285444,0.1986228813559322,0.5307071960297767,0.001004373868195674,0.5796054459572103,0.5664970021194539,0.46245847176079735,0.6705355324781104,0.0017589798530806705,0.7432968427732826,0.6899125860035025,0.5865237366003063,0.7933014354066986,0.005657033254291333,0.8401657540328549,0.7366020960110593,0.6394238915560576,0.8337803004660609,0.01387760592321047,0.8716216216216216,0.39040508111532934,0.23274161735700197,0.5480685448736567,0.0010925600705712875,0.6025542784163473,0.5852076359925384,0.4846954875355002,0.6857197844495766,0.0018787009949133863,0.7574272133095663,0.6926432061860301,0.5877344521224087,0.7975519602496516,0.005934708163670243,0.8428947615912724,0.7403290933857738,0.6442159665713657,0.836442220200182,0.014311002038050113,0.8738129131647199
semseg-spunet-pheno4d-tomato,1,Tomato02,T02_0315_a,2136519,0.9860530434551632,0.9737635489196755,0.9983425379906509,0.9993157093384145,0.716952330402697,0.6467696629213483,0.7871349978840457,0.0030741594153854937,0.8468331303288672,0.8593503997593311,0.8069260845280208,0.9117747149906414,0.007530005583849243,0.9355420188960716,0.9465899474865834,0.9155468686375112,0.9776330263356556,0.026962081778818724,0.9819980904435379,0.9781513904139181,0.9631619074022734,0.9931408734255627,0.08554522566848223,0.9941839152153812,0.7344115618890901,0.6816881258941345,0.7871349978840457,0.0043369611971623,0.8559248866824951,0.8709219884960373,0.830069262001433,0.9117747149906414,0.011050217667149228,0.9397263755347537,0.9520882917754292,0.9265435572152029,0.9776330263356556,0.03932097023242012,0.9829067968099036,0.9786800793951113,0.9642192853646598,0.9931408734255627,0.11073152169486908,0.9938202722123595,0.7716731012252469,0.6467696629213483,0.8965765395291456,0.00541488280703331,0.9130434782608695,0.8814179742367996,0.8069260845280208,0.9559098639455782,0.013037094451301393,0.9627701586845695,0.9549519975718088,0.9241006142146827,0.9858033809289348,0.04013725129521432,0.9878956083681227,0.9788258847951363,0.9632472426788369,0.9944045269114357,0.10195790442303579,0.9951201597539422,0.7022851400637433,0.6281575037147102,0.7764127764127764,0.0028869389881391178,0.8377107652399481,0.8551313995742476,0.8008067614291202,0.9094560377193749,0.007311893786107215,0.9336192548969402,0.9455168052590732,0.9137414739643986,0.9772921365537478,0.026516029110904234,0.9816952623031844,0.9780730612673818,0.9630594940227968,0.9930866285119667,0.08493863148420398,0.9941423793071146,0.7312361634308896,0.6561866125760649,0.8062857142857143,0.0033657552308217244,0.8585732165206508,0.8635757594894511,0.8103511338697879,0.9168003851091142,0.007907722795818806,0.938620893755549,0.9473034878824889,0.9163169786959329,0.978289997069045,0.02767164719808249,0.9824597012905736,0.9782610412650659,0.9632675628045199,0.9932545197256119,0.08680615524598657,0.9942683985484976
semseg-spunet-pheno4d-tomato,1,Tomato02,T02_0317_a,2842484,0.8881584216011125,0.7925537043042323,0.9837631388979927,0.9916657402469108,0.5388710672180534,0.40423756019261636,0.6735045742434905,0.012213261358727086,0.7327169028689942,0.636258777888688,0.49233830151139657,0.7801792542659794,0.028238681378681463,0.8188069965615189,0.7456019569525179,0.5852847088931542,0.9059192050118816,0.09596078641075904,0.9168264489472701,0.8305993118296486,0.7008490838831787,0.9603495397761186,0.2203512842992256,0.9636621989478642,0.5448204153631409,0.4161362564827911,0.6735045742434905,0.013275712369884932,0.7374655501377995,0.6484250456241696,0.5166708369823596,0.7801792542659794,0.03135461800312684,0.8266143057503507,0.7565554074002308,0.60719160978858,0.9059192050118816,0.10481044044575097,0.9207980612375051,0.8407041560028696,0.7210587722296207,0.9603495397761186,0.2415067244002077,0.9655211594236678,0.5514919782434365,0.40423756019261636,0.6987463962942567,0.013075535341623735,0.7497780288966018,0.6463227079351819,0.49233830151139657,0.8003071143589673,0.030621808249404393,0.8326669883504515,0.750244485814703,0.5877489460677424,0.9127400255616637,0.10277982215555127,0.9222728050658908,0.8319814503149476,0.7008490838831787,0.9631138167467165,0.23565796676428083,0.9659910965673116,0.530499343224633,0.39443031195608513,0.666568374493181,0.011617303738561062,0.7260614136030525,0.6305954957671611,0.4853872294759435,0.7758037620583789,0.027347911193167665,0.8149377379849748,0.7440664477810858,0.5833501680409909,0.9047827275211806,0.09486069226774892,0.9158618899273104,0.8304938754365425,0.7008176249441334,0.9601701259289518,0.21944046123038863,0.9635113730368926,0.5455993961545771,0.41203392933422833,0.679164862974926,0.012940442232920221,0.7380583421689367,0.6416348054028806,0.49988110201447156,0.7833885087912896,0.029087234967725414,0.8219400096758588,0.7476849571192884,0.5883398958465642,0.9070300183920126,0.0971154103242094,0.9178153153969042,0.8309892314169833,0.7014533816044913,0.9605250812294754,0.22130186132973836,0.9638182838484247
semseg-spunet-pheno4d-tomato,1,Tomato02,T02_0319_a,1542285,0.8836119995340708,0.7865246392343083,0.9806993598338333,0.9844081995221377,0.5401107180825602,0.3768275162680639,0.7033939198970565,0.019015292244948242,0.748491151498619,0.6293287038467827,0.4743646311330745,0.7842927765604911,0.04277873415095135,0.8194067629628506,0.7705748415672293,0.6519075268051152,0.8892421563293434,0.1381411347448753,0.9082575697127006,0.8431027245177651,0.7329105966600159,0.9532948523755143,0.3061658513180119,0.958593377735893,0.5354535431786845,0.3767250084146752,0.6941820779426938,0.020176556213669976,0.7513014975255479,0.6261198539059523,0.4777248284002973,0.7745148794116072,0.04548056941486171,0.8194143476277372,0.7800205418006002,0.6734826625748453,0.8865584210263551,0.14997682010782704,0.9114337222825076,0.8522485255242017,0.7520297913843114,0.9524672596640921,0.3371704970222754,0.9605932928599862,0.5745066981488431,0.3768275162680639,0.7721858800296223,0.023904142230521595,0.7997396045243714,0.6551181459163031,0.4743646311330745,0.8358716606995318,0.05405875049034387,0.8570057811787848,0.7839227392145041,0.6538740812892943,0.913971397139714,0.1712874079693442,0.9259843890768963,0.8463974391207505,0.7329105966600159,0.9598842815814851,0.3507931413454712,0.9638555107638677,0.5235740026728887,0.3548270240898388,0.6923209812559386,0.017553175969421995,0.7368498817966903,0.6196326974726224,0.460136569161207,0.7791288257840379,0.04080892960769248,0.8140898330129173,0.7668223238318557,0.647118301314459,0.8865263463492524,0.13490891761250354,0.9060595574523713,0.8421282247868279,0.7320904729266621,0.9521659766469938,0.29961582975909123,0.9576881709958818,0.5446640834792202,0.3807915815925868,0.7085365853658536,0.020689431590140604,0.7528283556363409,0.6347824141831477,0.48252890899949724,0.7870359193667983,0.045070139435966765,0.8222871200241688,0.7766756402265911,0.6614819690303807,0.8918693114228013,0.14195041772435055,0.9107195059562961,0.8502581454001991,0.746606334841629,0.9539099559587692,0.31235212687667974,0.9594134546722686
semseg-spunet-pheno4d-tomato,1,Tomato02,T02_0321_a,1774166,0.8819804774111597,0.7796254140083827,0.9843355408139367,0.9871342365934191,0.5421094054557147,0.43594622019279555,0.6482725907186339,0.009080886455946062,0.7223015331140215,0.6938904167375182,0.5887077997671711,0.7990730337078652,0.025783382163788508,0.8429739419377404,0.8276800517039604,0.7302932700457705,0.9250668333621503,0.10178190766816633,0.937334559027124,0.8894708131972108,0.8083345504113724,0.9706070759830492,0.25688689784383195,0.9736747410918027,0.5601750146444994,0.4720774385703649,0.6482725907186339,0.010537909079533708,0.7330979888746256,0.7105315417295546,0.6219900497512438,0.7990730337078652,0.028904285168355158,0.8495544158655253,0.8361224102895684,0.7471779872169863,0.9250668333621503,0.110363968196888,0.9394905109190823,0.8944900943940085,0.8183731128049678,0.9706070759830492,0.2760034855813943,0.9744116517860789,0.6193895177536282,0.3996511627906977,0.8391278727165586,0.02012494884920577,0.8540260467721608,0.7391192057956404,0.5698512843623253,0.9083871272289554,0.05348033949472597,0.917867268109145,0.8410133756901853,0.7245032794368498,0.9575234719435208,0.17095130895305174,0.9615952732644018,0.8945065191638113,0.8083563199740387,0.9806567183535839,0.3758058716038973,0.982002033770184,0.5265902052871693,0.4160829363967498,0.6370974741775888,0.008173981465094021,0.7109364225624052,0.6876135845804947,0.5853539064413421,0.7898732627196473,0.023808369679049198,0.8371685606060606,0.833226297408536,0.7396467645349571,0.9268058302821149,0.0968832679692881,0.9390122580532559,0.8892096088193777,0.8082403210345892,0.9701788966041662,0.25341484393230396,0.9733318505338078,0.5623538588938133,0.45785616124599177,0.6668515565416349,0.01039699780065676,0.7381546134663342,0.7059926431339805,0.6004336465224884,0.8115516397454724,0.027983289049615424,0.8520555119141137,0.8329776576009453,0.7383688209361223,0.9275864942657683,0.1056992412209455,0.9395077001834393,0.8898628346110256,0.8085016766835685,0.9712239925384825,0.26204143242515077,0.9741710672072789
semseg-spunet-pheno4d-tomato,1,Tomato02,T02_0324_a,3311762,0.9772259013808726,0.95819566209869,0.9962561406630551,0.9967271198836148,0.6076553566847535,0.5739925891616489,0.641318124207858,0.00918785830624302,0.7581832522676483,0.7760545284650009,0.7245398401550012,0.8275692167750005,0.023160480735028664,0.8813720633099528,0.909309792570903,0.8635653007869464,0.9550542843548596,0.08965680504818885,0.9650042772175857,0.9508256957910304,0.9169539255204184,0.9846974660616423,0.2433157938281797,0.9869050041945684,0.6088398204451271,0.5763615166823961,0.641318124207858,0.009467769724998354,0.7566257375219263,0.7778217313573379,0.7280742459396752,0.8275692167750005,0.02378582760476145,0.8809744455587575,0.911368465599165,0.8676826468434704,0.9550542843548596,0.09238375221407819,0.9651318993440169,0.9526221314660233,0.9205467968704042,0.9846974660616423,0.25061915681138924,0.9869528705732954,0.6989947197947044,0.5738264745036754,0.8241629650857334,0.015637597146171734,0.8578242063798563,0.8157999308891861,0.7218083662575022,0.90979149552087,0.03810207376013131,0.9269009787217181,0.9175682743510981,0.8635312664214398,0.9716052822807564,0.13037953814313952,0.97592789020487,0.9527820418351729,0.9170344218887908,0.9885296617815549,0.3129168098432194,0.9898176793340963,0.5886415750257286,0.5495027554316843,0.6277803946197729,0.008388887848824885,0.7440069109495356,0.766341607422825,0.7119452177530319,0.8207379970926181,0.021881403313402353,0.8757762260922364,0.9071081703127888,0.8608360836083608,0.9533802570172168,0.08659921818053351,0.9638105133962817,0.9503693091797729,0.9163248107867455,0.9844138075728003,0.2391705684164502,0.9866818335614259,0.6283035357301913,0.5929269725946898,0.6636800988656927,0.010192761436359256,0.7742623533594027,0.7852877709408435,0.7334727547345185,0.8371027871471685,0.024634016574862565,0.8875242087715427,0.911497749759365,0.8664935932861237,0.9565019062326064,0.09251087487567042,0.9660741446728508,0.9514756218435546,0.9179263301500682,0.985024913537041,0.24832219223482846,0.9871690110702542
semseg-spunet-pheno4d-tomato,1,Tomato02,T02_0325_a,3455376,0.9572632098971108,0.9213943795275017,0.9931320402667199,0.9940203323748269,0.6656957174686576,0.5819678436802831,0.7494235912570322,0.008465359486203528,0.8142285733821066,0.797649795634084,0.7166218174291037,0.8786777738390642,0.021337764688994773,0.9071612640716127,0.8731548525374346,0.7985443537349243,0.9477653513399451,0.08296521131130158,0.9563583976335654,0.9042503860496403,0.8334537925106948,0.9750469795885857,0.22093775033455115,0.9776637591479429,0.6692358488526717,0.5890481064483112,0.7494235912570322,0.008815249049596918,0.8154629021667761,0.8011437879562899,0.7236098020735156,0.8786777738390642,0.022161408772880288,0.9080913079816131,0.8775713866678803,0.8073774219958155,0.9477653513399451,0.08614576242932752,0.9573179335228075,0.9102827653097982,0.8455185510310109,0.9750469795885857,0.23056419909150264,0.9783528265841247,0.7145116463881134,0.5815651906519065,0.8474581021243204,0.012515859344974324,0.874141558952066,0.8210537082576658,0.7158630386237698,0.9262443778915618,0.0319704715203208,0.9378021182221418,0.8812971503610414,0.7982648166629108,0.9643294840591718,0.11498748616648376,0.9684565531995218,0.9066059498388697,0.8334537925106948,0.9797581071670444,0.2666022453128111,0.9814895827340316,0.6467072525297107,0.5594171342433633,0.7339973708160582,0.007657053819902668,0.8011565500037796,0.7933563984082062,0.7118300004319095,0.8748827963845028,0.020202432383624822,0.9044221926167862,0.8742394004141368,0.8005737945424315,0.9479050062858422,0.08147130731937711,0.9565421257912573,0.9038858784510196,0.8329479995297622,0.9748237573722771,0.21910842698450184,0.9774772751888121,0.6817808762938977,0.6018973998594519,0.7616643527283437,0.009357592343061941,0.8247974268571782,0.8036066589653681,0.7261813144528244,0.8810320034779119,0.022770025606475244,0.9095565525743845,0.8725593148235437,0.7972440329089373,0.94787459673815,0.08601755641064822,0.9563862823536536,0.9051431475338548,0.8347722449928782,0.9755140500748315,0.22491676737929533,0.9780589110261306
semseg-spunet-pheno4d-tomato,2,Tomato01,T01_0305_a,1962709,0.9663906764715342,0.9362028030941257,0.9965785498489426,0.9995755865999494,0.7813366022613306,0.7568438003220612,0.8058294042006001,0.001907058050887829,0.8789740849585894,0.9041341516670465,0.8910533910533911,0.9172149122807017,0.004675680398877266,0.9506374632232756,0.9511074790509013,0.9205959684487292,0.9816189896530736,0.015232517912742032,0.9848479780579992,0.9653078896527114,0.9372402327514547,0.9933755465539681,0.03828789698320026,0.9939718954596264,0.7668937253713588,0.7279580465421174,0.8058294042006001,0.0035349101675286555,0.8803689824156817,0.8921057796274976,0.8669966469742935,0.9172149122807017,0.009445618275556896,0.9550676951291871,0.9452605009507713,0.9089020122484689,0.9816189896530736,0.035712884589615676,0.9881159585699204,0.9611653852172826,0.928955223880597,0.9933755465539681,0.10560709712952862,0.995981203805554,0.7813366022613306,0.7568438003220612,0.8058294042006001,0.001907058050887829,0.8789740849585894,0.9041341516670465,0.8910533910533911,0.9172149122807017,0.004675680398877266,0.9506374632232756,0.9511074790509013,0.9205959684487292,0.9816189896530736,0.015232517912742032,0.9848479780579992,0.9653078896527114,0.9372402327514547,0.9933755465539681,0.03828789698320026,0.9939718954596264,0.7745022123893806,0.7494469026548672,0.7995575221238939,0.0018418420662461934,0.8746887966804979,0.9015590135321512,0.8886704349963136,0.9144475920679886,0.004540153430793867,0.9491639546627764,0.950879639636155,0.9204984204984205,0.9812608587738894,0.014988976970095923,0.9846017879601618,0.9651489568989569,0.9369958275382476,0.9933020862596661,0.03789150607655032,0.9939088342073417,0.7902506660177588,0.764797507788162,0.8157038242473555,0.0020028440283302315,0.8847621470363776,0.907416680993197,0.8943070461969203,0.9205263157894736,0.004857062356161815,0.9524808559739851,0.9514169988798792,0.9209424083769634,0.981891589382795,0.015434279865227092,0.9850460502426303,0.9657040317048919,0.9379876796714579,0.9934203837383259,0.038569650416847324,0.9940159310973435
semseg-spunet-pheno4d-tomato,2,Tomato01,T01_0307_a,1921834,0.9092821111260332,0.851532713131005,0.9670315091210614,0.9979431105912373,0.5437264047585263,0.5193439865433137,0.5681088229737389,0.004039370726087685,0.7055262140924901,0.6584258619836452,0.6225642161204605,0.6942875078468299,0.008728121159267658,0.7967688088708715,0.8187548744606532,0.7395079594790159,0.8980017894422905,0.022498821438271983,0.9209047387774926,0.8647674282331572,0.7801632705534486,0.9493715859128659,0.041464559374014616,0.957082622226684,0.5641787340880808,0.5602486452024227,0.5681088229737389,0.005130515955072083,0.720182555780933,0.6747651691768999,0.6552428305069697,0.6942875078468299,0.012555194673421326,0.8390733142691367,0.8318669758184861,0.7657321621946818,0.8980017894422905,0.04511315753597865,0.9550865051903115,0.8878591786146562,0.8263467713164466,0.9493715859128659,0.11480388004374988,0.9823508616079117,0.5437264047585263,0.5193439865433137,0.5681088229737389,0.004039370726087685,0.7055262140924901,0.6584258619836452,0.6225642161204605,0.6942875078468299,0.008728121159267658,0.7967688088708715,0.8187548744606532,0.7395079594790159,0.8980017894422905,0.022498821438271983,0.9209047387774926,0.8647674282331572,0.7801632705534486,0.9493715859128659,0.041464559374014616,0.957082622226684,0.538038714005547,0.5153963747543132,0.5606810532567809,0.003856212347164219,0.7005802185939819,0.6463060702822607,0.6095128939828081,0.6830992465817133,0.008361284065116966,0.7879768498350862,0.8180842524626116,0.7393888592547436,0.8967796456704796,0.022289125907856765,0.9201606125688673,0.8646276307598124,0.7801208692297801,0.9491343922898448,0.04129909242941898,0.9569106715383646,0.5505861461492825,0.5266062278281435,0.5745660644704216,0.004328157374674399,0.7112286607357537,0.6729626905648125,0.6395262768319763,0.7063991042976487,0.009188618788095121,0.8069539611529531,0.8201260404947129,0.7405159332321699,0.899736147757256,0.022827153645944447,0.9220423979940734,0.8653805188132364,0.7809798270893372,0.9497812105371355,0.04178144418300436,0.9574081223457912
semseg-spunet-pheno4d-tomato,2,Tomato01,T01_0309_a,2177884,0.9415308738828814,0.9015351672451605,0.9815265805206023,0.997381862394875,0.5543453019493888,0.37870890136327184,0.7299817025355058,0.006137149636987094,0.7681430495286548,0.7248010148469395,0.5949727024567789,0.8546293272371,0.013649487300517384,0.8802099101826623,0.8474839232524594,0.7766218872870249,0.9183459592178939,0.03937583452562212,0.9364009515369187,0.8854333386907809,0.8109728624406474,0.9598938149409143,0.07318479772109075,0.9657816146761362,0.6214254812765274,0.512869260017549,0.7299817025355058,0.007999507779110366,0.8088049592469292,0.7898949363655015,0.7251605454939029,0.8546293272371,0.01962914461927265,0.9109005847953217,0.8805485621907841,0.8427511651636744,0.9183459592178939,0.06182514771218302,0.9576525458974511,0.9209956647592377,0.8820975145775609,0.9598938149409143,0.13702520428085244,0.9808930216972439,0.5550590788667633,0.37870890136327184,0.7314092563702548,0.006165158474923366,0.7691963953228569,0.7261465002787941,0.5949727024567789,0.8573202981008093,0.01386161981078882,0.8820431282917619,0.8476379828846418,0.7766218872870249,0.9186540784822587,0.039492002328866,0.9365880314850772,0.8854470432042745,0.8109728624406474,0.9599212239679017,0.07322749971991162,0.9658015688389212,0.5394488087040975,0.3630010277492292,0.7158965896589659,0.005819410032857581,0.7554836673504813,0.7241412411961591,0.5921116504854369,0.8561708319068813,0.012969928609604551,0.8810139129819096,0.8459226166365926,0.7742643102520591,0.9175809230211261,0.03897406840768379,0.9357453375902735,0.8849217647702086,0.8101503759398496,0.9596931536005676,0.07281655037642042,0.9656085656993681,0.5698953641720138,0.3947265625,0.7450641658440277,0.006509529433156219,0.7814065034915708,0.7310875586912274,0.6029572836801752,0.8592178337022797,0.014350626571479473,0.8840148460996993,0.8481179105200725,0.7766676221284959,0.9195681989116489,0.039844179028818795,0.9371485203282014,0.8856172498681585,0.8110252590000346,0.9602092407362822,0.07368344686861192,0.9660131859366626
semseg-spunet-pheno4d-tomato,2,Tomato01,T01_0311_a,2080173,0.9233530442582447,0.8586995655617694,0.9880065229547199,0.9971699469226838,0.4825207852639126,0.3390770152831885,0.6259645552446367,0.006757130296374388,0.6861838360842345,0.6191530692480365,0.4412883023932006,0.7970178361028725,0.013729146566175025,0.825063902797717,0.75307710770167,0.57300734236621,0.9331468730371301,0.0442025735359511,0.9386507737985187,0.8382086307065961,0.7035421484128652,0.972875113000327,0.10640989956123842,0.9745155883641817,0.5042391082234112,0.3825136612021858,0.6259645552446367,0.007336889768302925,0.6964355916655747,0.6880882372550329,0.5791586384071933,0.7970178361028725,0.01670918716856723,0.849185798952759,0.8296728272445777,0.7261987814520254,0.9331468730371301,0.058924906726507846,0.9519718700540082,0.8950528933520729,0.8172306737038187,0.972875113000327,0.1522229160747688,0.981408495183957,0.5443205456278402,0.33201291079812206,0.7566281804575583,0.010081373039646221,0.7828906585284441,0.6450569116276093,0.42872664059104737,0.861387182664171,0.02013246013672901,0.8744478139401609,0.7609248488699922,0.57300734236621,0.9488423553737746,0.056647692283286054,0.9521287880716583,0.8396276173791017,0.7035421484128652,0.9757130863453383,0.11809210099352313,0.9770366209108821,0.47742552297855845,0.3295348111145801,0.6253162348425368,0.006525418799301789,0.6835862678650361,0.6171384711015091,0.4394542353610006,0.7948227068420176,0.013408980887647326,0.823253145950597,0.7503479257974801,0.5691919963341989,0.9315038552607613,0.04317333221804148,0.9371882237662569,0.8374487283569003,0.7022276182432432,0.9726698384705574,0.1056186192206129,0.9743246626157802,0.4887784004471899,0.3447925732521033,0.6327642276422765,0.007055663158785351,0.69223955849288,0.6225954985436446,0.4427354210468076,0.8024555760404817,0.014178628412156105,0.8292534074727063,0.7554978081763002,0.5766604127579738,0.9343352035946267,0.04499145023034142,0.9397264665028315,0.8383060103303275,0.7035421484128652,0.9730698722477896,0.10713291634878445,0.974687577124139
semseg-spunet-pheno4d-tomato,2,Tomato01,T01_0313_a,1924288,0.9388566120054991,0.889878595935603,0.987834628075395,0.9956633310606312,0.5144980436535233,0.37076648841354726,0.6582295988934993,0.00902775468121196,0.7155192263412388,0.6778656551694395,0.5727134807108799,0.7830178296279992,0.024379926497488942,0.831905188216737,0.8532927813822289,0.7797113516514016,0.9268742111130561,0.07100392456846376,0.9419096551320335,0.9082391391842828,0.8478951396861845,0.968583138682381,0.1545132537333289,0.9732652155195609,0.5379402587643349,0.4176509186351706,0.6582295988934993,0.010564426946486181,0.7380589305917654,0.694623513007057,0.606229196386115,0.7830178296279992,0.02757279575614461,0.8439255154736326,0.8627848528690054,0.7986954946249547,0.9268742111130561,0.08416931353310939,0.9485509304421915,0.9160197583587963,0.8634563780352117,0.968583138682381,0.1900240504539861,0.977178315434241,0.5585561613693651,0.3295235939798574,0.7875887287588729,0.01600903814813583,0.8076673375316497,0.7239453914205456,0.5711969737908673,0.8766938090502238,0.038934920344563806,0.8940898534475855,0.8659391080957408,0.7797113516514016,0.9521668645400799,0.10082898194033325,0.9590926895641776,0.9123908680028012,0.8478951396861845,0.976886596319418,0.20174942628130507,0.979524707385427,0.5038818842576411,0.3548430553684494,0.6529207131468329,0.008539262314165031,0.7085564751703992,0.6588630278026786,0.5482519088351799,0.7694741467701772,0.02270190324940965,0.8198695204303537,0.8516415893038474,0.7781845620703147,0.9250986165373799,0.06953792779459207,0.9406849960018234,0.9080107857309143,0.847629818474573,0.9683917529872557,0.15366982489107658,0.9731184795657835,0.5298450858947581,0.39106145251396646,0.6686287192755498,0.009743863704393521,0.7267733333333334,0.6868466699168092,0.5833069369654735,0.790386402868145,0.02531014068580171,0.8379393889618922,0.8553413623171373,0.7826253663078904,0.9280573583263841,0.0721825423221472,0.9428581713462924,0.9088571663992633,0.8488783269961977,0.9688360058023288,0.15575683057837497,0.9734786684950337
semseg-spunet-pheno4d-tomato,2,Tomato01,T01_0315_a,2438364,0.9614265467689507,0.9291974281906874,0.9936556653472138,0.9970148017277158,0.5902000325282071,0.47096385542168673,0.7094362096347274,0.007800722123522165,0.7691498869670365,0.7337658171197196,0.6324776190193869,0.8350540152200522,0.0197878577603672,0.8715233160621761,0.9033709528549657,0.8495495899251557,0.9571923157847757,0.07987035569750865,0.9655255631492198,0.9362193296511149,0.8894523660552573,0.9829862932469724,0.18399344806599835,0.985034871824591,0.6022473967175166,0.49505858380030565,0.7094362096347274,0.00974423834997564,0.7914141414141415,0.7434483582379857,0.6518427012559193,0.8350540152200522,0.023629777998690926,0.8826061300288104,0.9078878116070288,0.8585833074292819,0.9571923157847757,0.09110083646248059,0.9672319334464767,0.9415706468635312,0.90015500048009,0.9829862932469724,0.21227019427780267,0.9859367996414165,0.6453805611084713,0.47096385542168673,0.8197972667952559,0.011596299814137677,0.8447092941010044,0.7646226293901244,0.6324776190193869,0.8967676397608619,0.02900182253346916,0.9123407384363025,0.9093412346696299,0.8495495899251557,0.969132879414104,0.10475261281744645,0.973714397572673,0.9379254326558868,0.8894523660552573,0.9863984992565161,0.22459403107985518,0.9877401660208677,0.5800778984101437,0.46472141868947303,0.6954343781308143,0.007246251995190218,0.759126153149584,0.7273481793964329,0.6247336053096267,0.8299627534832391,0.019072213992660653,0.867476615417697,0.9026790545979113,0.8487156376746282,0.9566424715211944,0.07895375751938595,0.9651253389293468,0.9360028650219843,0.889118263942792,0.9828874661011765,0.18298375468141753,0.9849522951447955,0.6069377532604624,0.4947985834440018,0.7190769230769231,0.008497910894353755,0.779692099802133,0.7458651815833863,0.6510495382031906,0.840680824963582,0.020817236474947955,0.8771867612293144,0.9047109960012755,0.8516046326584741,0.9578173593440769,0.08107690238208898,0.9660385948051291,0.9367303777267869,0.8903747244673035,0.9830860309862703,0.18515734320224544,0.9851289423032199
semseg-spunet-pheno4d-tomato,2,Tomato01,T01_0317_a,2450405,0.9019885784776597,0.8231537845519307,0.9808233724033887,0.9858378512939697,0.477370111223024,0.4440257808626673,0.5107144415833806,0.013006829483289496,0.6481551204819277,0.6204292925957449,0.5687928177478792,0.6720657674436105,0.031079760284524395,0.7710680427532236,0.7858848915815999,0.7074805119012881,0.8642892712619116,0.11211493610239939,0.8978149217222916,0.8464737327625369,0.7476211838594669,0.9453262816656071,0.27820380712576087,0.9529405379397752,0.4740127271679557,0.43731101275253076,0.5107144415833806,0.015402351856121743,0.6597954533411055,0.6294252498695894,0.5867847322955682,0.6720657674436105,0.035858970251856324,0.7827902900909308,0.7925866007132725,0.7208839301646334,0.8642892712619116,0.12344694040372918,0.9017372187970049,0.8554459284874163,0.7655655753092256,0.9453262816656071,0.30020425195018785,0.9541449276938427,0.5642253551187624,0.44288398773612897,0.6855667225013958,0.018274122032888442,0.7484088523638313,0.6844173225352598,0.5665508831571946,0.802283761913325,0.04569734390845595,0.842869517847415,0.8119122658286224,0.7070752309631189,0.9167493006941259,0.16557467030960188,0.9306722533735905,0.8543586045864415,0.7476211838594669,0.9610960253134161,0.3752595999436828,0.9651118278961827,0.46852080556374026,0.4374577768539209,0.4995838342735596,0.012262054639947274,0.6397310879621926,0.6131586519624392,0.5620503138235444,0.6642669901013342,0.029852208104374583,0.7653451811346548,0.7850689165022169,0.7076592055650139,0.8624786274394198,0.11071108653467487,0.8968140751307656,0.8460380982800606,0.7469163676117594,0.9451598289483619,0.2762951430477819,0.9527926916629126,0.4867919495004455,0.45462068965517244,0.5189632093457186,0.014097261473103426,0.6566118573413617,0.6293325610630456,0.5791912681423631,0.6794738539837282,0.03282192127423834,0.77757469506509,0.7871276156267665,0.7080233985700873,0.8662318326834456,0.11435089301564436,0.8989850324404188,0.8475172590011892,0.7492552950282636,0.9457792229741149,0.2805768842293417,0.9533327418414114
semseg-spunet-pheno4d-tomato,2,Tomato01,T01_0319_a,2476596,0.9597385316126031,0.926401677079908,0.9930753861452983,0.994216254891795,0.5638521006204423,0.48182064848731515,0.6458835527535695,0.01157839227714169,0.7336006974716652,0.7470500659722537,0.6835125194511247,0.8105876124933827,0.026873983483781772,0.8655417993869824,0.8887414694669793,0.8471338345864662,0.9303491043474923,0.10207680219139496,0.9497355648469361,0.9332282066468445,0.8912643933630248,0.9751920199306641,0.24906847947747635,0.9793788360714737,0.5626378390063035,0.4793921252590375,0.6458835527535695,0.013651398936281896,0.732497264042119,0.7497322479298656,0.6888768833663486,0.8105876124933827,0.03136442116517995,0.8665499439988671,0.8879385130635683,0.8455279217796443,0.9303491043474923,0.11396489374932367,0.9499583695016741,0.9334096675147003,0.8916273150987366,0.9751920199306641,0.27465601979491205,0.9792167735941147,0.6303699948945417,0.48182064848731515,0.7789193413017683,0.016819860808949056,0.8166170539658153,0.7805570424187385,0.6835125194511247,0.8776015653863521,0.03731411986452372,0.9031619270224646,0.8958186287617103,0.8471338345864662,0.9445034229369542,0.12085903393205835,0.9575469649437557,0.9348418797944458,0.8912643933630248,0.9784193662258669,0.28002023745495835,0.98165817588252,0.551573692537001,0.4668192219679634,0.6363281631060385,0.010914174132559368,0.7241583425823159,0.7410920015912124,0.6749632352941176,0.8072207678883071,0.025923889080011434,0.862296154385309,0.8872736708588678,0.844993342373047,0.9295539993446884,0.10063934529491286,0.9490898440477766,0.9331180986444798,0.8912253397070268,0.975010857581933,0.2475510741356281,0.979252435229104,0.5854423200040856,0.5079809220985692,0.662903717909602,0.012490531358364464,0.7498868558867265,0.7582651717801512,0.6979755178907722,0.8185548256695301,0.028359086423461882,0.8721274596349347,0.8906350058647787,0.8493913785542426,0.9318786331753148,0.10423339131614523,0.9507755361348704,0.9335331213330296,0.8915785884759632,0.975487654190096,0.2517015290342066,0.9795945540559834
semseg-spunet-pheno4d-tomato,2,Tomato01,T01_0321_a,1672545,0.9688772052678236,0.9441392002232306,0.9936152103124166,0.9946393071636339,0.6431880551265504,0.5636968237587433,0.7226792864943575,0.011319874801574845,0.7988168805788834,0.7637708600891799,0.6945760926803581,0.8329656274980016,0.026489571282088075,0.8820900575555807,0.896776032605535,0.8500135305791088,0.9435385346319611,0.09649067738087765,0.9587632059980792,0.931750817337392,0.8890338143925051,0.9744678202822789,0.22941146576026356,0.9793693526991069,0.6419851278617924,0.5612909692292273,0.7226792864943575,0.013172739746912639,0.8011528685548294,0.7671120689584088,0.7012585104188158,0.8329656274980016,0.03022878308206954,0.8853616566783362,0.898343902374737,0.8531492701175131,0.9435385346319611,0.1056569479445994,0.9591038728807805,0.9335347487290242,0.8926016771757695,0.9744678202822789,0.24276297498722008,0.9793932497931197,0.6864909131965623,0.5385036696242743,0.8344781567688503,0.018340313713532373,0.8625264873675632,0.7747175952266505,0.6566544971788915,0.8927806932744096,0.04242516643797327,0.9124693480650525,0.8948302962687525,0.8319832248096236,0.9576773677278815,0.13360955908510683,0.9659190577621852,0.9345508287992067,0.888473074874555,0.9806285827238584,0.28885321471171177,0.9835216923331678,0.6365064514094901,0.5572813121272365,0.7157315906917437,0.010352486779130008,0.7939936471267687,0.7540900245818059,0.6819110093446377,0.8262690398189739,0.024984081145798767,0.8768995142029817,0.8939987645814279,0.8457596066881565,0.9422379224746993,0.09417265305268319,0.9577481778703304,0.9310319604910293,0.8879304239436819,0.9741334970383767,0.22663246728787567,0.9791163768655043,0.6512577275767479,0.5713226728793815,0.7311927822741143,0.012406841071540676,0.8047323020577322,0.7712404819467635,0.7032197596206858,0.8392612042728412,0.02835678561712839,0.8864173062326052,0.895648924572563,0.8475266817235729,0.943771167421553,0.09962960637830372,0.9586521439073424,0.932001284827727,0.8890820389166153,0.9749205307388389,0.23272497899907027,0.9796630896380925
semseg-spunet-pheno4d-tomato,2,Tomato01,T01_0324_a,2932759,0.9593832836779663,0.9252999282223058,0.993466639133627,0.9940489484475199,0.5847483784660963,0.5411507647487254,0.6283459921834673,0.006650734001668736,0.7416047167392976,0.7495961049039934,0.6809692781772341,0.8182229316307529,0.017790415100592993,0.8690368950646862,0.8890782555747603,0.8303766229121213,0.9477798882373992,0.07776568071225765,0.9584115263868671,0.9156951349286961,0.8536588323752698,0.9777314374821225,0.20877133102310827,0.9802915678550196,0.5855064831855893,0.5611940298507463,0.6098189365204323,0.007458164820225596,0.7392218717139852,0.7415979471815968,0.7026010007029732,0.7805948936602203,0.020225323662803524,0.8482028457751702,0.8841926582105412,0.8419971432698327,0.9263881731512497,0.08518190550263421,0.9436669895684058,0.9187498932847868,0.8673080413868216,0.970191745182752,0.22554188734907982,0.9746515284370937,0.7011536629698953,0.5335248182389373,0.8687825077008534,0.015531450078236909,0.8859055982436883,0.7923329960344047,0.6584352850887093,0.9262307069801,0.03994463916059929,0.9354150305596339,0.8877292334330464,0.8062315570213504,0.9692269098447425,0.13952697783895643,0.9727198746820007,0.9156527997165398,0.8477309513818116,0.9835746480512678,0.2877495218666109,0.9849508235572935,0.5719040628346489,0.5299539170506913,0.6138542086186065,0.006076189690322321,0.730976430976431,0.7397437065913677,0.6689165886584224,0.810570824524313,0.016725547513450643,0.8630025279295441,0.8862015005429984,0.8263135678760851,0.9460894332099117,0.07521074864999136,0.9570939589708716,0.9155506989469513,0.8537184554575858,0.9773829424363166,0.20527019097034568,0.980020199067122,0.5941342490157946,0.5435664046338436,0.6447020933977455,0.007533520483612871,0.7503394586765638,0.7547557140579939,0.6875397195271787,0.821971708588809,0.019658621796063026,0.8720817289346793,0.8909109824646259,0.8321648758146909,0.9496570891145608,0.08064215300336645,0.95971315495721,0.9162786263986097,0.8545483012368874,0.978008951560332,0.21145003731980705,0.9805251140079854
semseg-spunet-pheno4d-tomato,2,Tomato01,T01_0325_a,3011661,0.9662093705446682,0.9418907803198238,0.9905279607695125,0.9919605825489655,0.5458597349188883,0.4721799695780962,0.6195395002596803,0.00771235540786297,0.7161493089938433,0.7218841273848118,0.6616038007486323,0.7821644540209912,0.020434902865893605,0.8472287668784427,0.8983097284871104,0.8579189811678635,0.9387004758063573,0.07783113703700384,0.9552604297763235,0.9370484913368813,0.8990205433089489,0.9750764393648136,0.2015618623742845,0.9796025276919326,0.5280631398768821,0.48478893740902473,0.5713373423447395,0.00940676922136987,0.7010942463819273,0.6826542908334923,0.6674844618907425,0.6978241197762421,0.02526778412311346,0.8011380062550921,0.8764695836321464,0.8554674595308887,0.8974717077334042,0.0909737184895644,0.9308494718631151,0.9280228444644887,0.8970591328122262,0.9589865561167513,0.22760828659002458,0.968810131309639,0.6221646434637229,0.4721043784519331,0.7722249084755128,0.011572351602653817,0.8107712613336394,0.7653798903962048,0.6603102779573368,0.8704495028350727,0.030349033307533618,0.8965109790921325,0.909228224767594,0.857930529966403,0.9605259195687851,0.10924104671807351,0.96812432940118,0.9397232589302513,0.8990205433089489,0.9804259745515538,0.24664462567334106,0.9833308652279856,0.5316801348837887,0.4558273130820785,0.607532956685499,0.007028347480011861,0.7046345726838947,0.703505472276861,0.6358650621424344,0.7711458824112877,0.018741485180436973,0.8364899101748666,0.8947947181803462,0.8524882018820471,0.9371012344786451,0.07514623989884651,0.9538696065218832,0.9367439284115284,0.898733759810064,0.9747540970129929,0.19776262999056002,0.9793752119732569,0.5679865039152028,0.499750658972715,0.6362223488576905,0.008738699342323056,0.7331864123413633,0.7408748082863987,0.6872396943560817,0.7945099222167159,0.02236871945414839,0.8584321700535871,0.9012190451383362,0.8621534178063651,0.9402846724703071,0.08167187475615616,0.956522799713784,0.9369076090996145,0.8984557334656138,0.9753594847336152,0.2049536783854491,0.9797699801215389
semseg-spunet-pheno4d-tomato,2,Tomato02,T02_0305_a,1518307,0.984266649120136,0.9709098008590394,0.9976234973812326,0.9999018643792066,0.9013541069996563,0.8985221674876848,0.9041860465116279,0.0013086944866881336,0.9481630598892803,0.9504972907589042,0.9382863990413421,0.9627081824764663,0.0028505434013015815,0.9762014787430684,0.9730229514594464,0.9548245614035088,0.991221341515384,0.009161520035144408,0.9925952552120776,0.9856780692045464,0.974592994573261,0.9967631438358316,0.02356045253035124,0.9971206530247121,0.8953094866704481,0.8864329268292683,0.9041860465116279,0.001829669493718991,0.9463642908567315,0.9496654481076504,0.9366227137388345,0.9627081824764663,0.00485935980009313,0.9798048251558688,0.9796611952706442,0.9681010490259045,0.991221341515384,0.028126064096391575,0.9965108654926939,0.9838364723474355,0.9709098008590394,0.9967631438358316,0.09465674596771272,0.9989632474707413,0.9013541069996563,0.8985221674876848,0.9041860465116279,0.0013086944866881336,0.9481630598892803,0.9504972907589042,0.9382863990413421,0.9627081824764663,0.0028505434013015815,0.9762014787430684,0.9730229514594464,0.9548245614035088,0.991221341515384,0.009161520035144408,0.9925952552120776,0.9856780692045464,0.974592994573261,0.9967631438358316,0.02356045253035124,0.9971206530247121,0.8980197020093148,0.8981206726013847,0.8979187314172448,0.0012625905037650488,0.9462702138758476,0.9498998556203406,0.9381752701080432,0.9616244411326379,0.0027971945067762974,0.9757475865316694,0.972973773419155,0.9548245614035088,0.9911229854348014,0.009075898352572965,0.9925253991291727,0.9856625103585259,0.974592994573261,0.9967320261437909,0.02336088814712703,0.9970960557106205,0.9074757504956104,0.9024621212121212,0.9124893797790994,0.001402878337516721,0.9516431924882629,0.9518835348240857,0.938908659549229,0.9648584100989424,0.0029730482702114923,0.9771821001329198,0.9731076751732229,0.9548839246605344,0.9913314256859115,0.009261631540920249,0.9926752951216044,0.9856830382183639,0.974592994573261,0.9967730818634669,0.02362499810644356,0.9971285196543073
semseg-spunet-pheno4d-tomato,2,Tomato02,T02_0307_a,2660027,0.9585631667629788,0.9329843425768722,0.9841419909490855,0.9994657948960668,0.6483979532558357,0.7455558503581852,0.5512400561534861,0.0018597555588721467,0.8061451384677583,0.7795120714463029,0.8249860879243183,0.7340380549682876,0.004007478119582996,0.8819887429643527,0.9040834949512211,0.8783365570599613,0.929830432842481,0.010154032271101008,0.9534246575342465,0.9475993088348402,0.9201827295222385,0.975015888147442,0.02438133146768811,0.980602883355177,0.682120028076743,0.813,0.5512400561534861,0.0032116215361723773,0.8686644036052908,0.7988263026545056,0.8636145503407237,0.7340380549682876,0.0077890186828930685,0.9314156088614315,0.9217918855156809,0.9137533381888808,0.929830432842481,0.03595940943456589,0.985144219209016,0.9540001153621571,0.9329843425768722,0.975015888147442,0.1041049583331297,0.9948685911556323,0.6483979532558357,0.7455558503581852,0.5512400561534861,0.0018597555588721467,0.8061451384677583,0.7795120714463029,0.8249860879243183,0.7340380549682876,0.004007478119582996,0.8819887429643527,0.9040834949512211,0.8783365570599613,0.929830432842481,0.010154032271101008,0.9534246575342465,0.9475993088348402,0.9201827295222385,0.975015888147442,0.02438133146768811,0.980602883355177,0.6396353932071968,0.7401618755233045,0.5391089108910891,0.00175637314959585,0.8007277397260274,0.7722772837517666,0.8232067510548523,0.721347816448681,0.003896201053598328,0.8787147819374759,0.903020930676409,0.8783365570599613,0.9277053042928567,0.00995591398132425,0.9524978287958313,0.9473577979453207,0.9201827295222385,0.974532866368403,0.02402231255547406,0.9803129890453834,0.6515193083250539,0.747135217723453,0.5559033989266547,0.0019435892943943803,0.8079303675048356,0.7845349515685573,0.8264348785871964,0.7426350245499181,0.00408943217493657,0.8843537414965986,0.9044456729544907,0.8783365570599613,0.9305547888490201,0.01022433230940889,0.9537448983343751,0.9476632364886093,0.9201827295222385,0.9751437434549801,0.024478698900424693,0.9806800380870473
semseg-spunet-pheno4d-tomato,2,Tomato02,T02_0309_a,2530683,0.8500033665440698,0.7371301122954433,0.9628766207926962,0.9959947571465885,0.6119660335636936,0.6440855704697986,0.5798464966575885,0.005619036441940772,0.7613220815752462,0.7420510505797809,0.7517683332325736,0.7323337679269882,0.010975297972918774,0.8521692169216921,0.728653888997443,0.6357620930940067,0.8215456849008794,0.027814625537848872,0.8639295354453758,0.8022477909803305,0.6795008912655971,0.9249946906950639,0.060382908487550596,0.9352856488449709,0.6190163763798644,0.6581862561021404,0.5798464966575885,0.006984675678463087,0.7940144829146866,0.7501982138867678,0.7680626598465473,0.7323337679269882,0.016540989132182892,0.8960105112279025,0.7556722836148384,0.6897988823287974,0.8215456849008794,0.06094560243222877,0.9362980925087854,0.8310624014952537,0.7371301122954433,0.9249946906950639,0.15998487364873434,0.9749648653521739,0.6119660335636936,0.6440855704697986,0.5798464966575885,0.005619036441940772,0.7613220815752462,0.7420510505797809,0.7517683332325736,0.7323337679269882,0.010975297972918774,0.8521692169216921,0.728653888997443,0.6357620930940067,0.8215456849008794,0.027814625537848872,0.8639295354453758,0.8022477909803305,0.6795008912655971,0.9249946906950639,0.060382908487550596,0.9352856488449709,0.5894609140943241,0.6044214487300094,0.574500379458639,0.005155130057774917,0.7421431856507742,0.7402048289120415,0.7473098098098098,0.7330998480142734,0.010699878254210425,0.8508383189304971,0.7290859988116969,0.6369108850535299,0.8212611125698638,0.027674347201921377,0.8639251802670094,0.8017268451736848,0.6788242936018187,0.9246293967455509,0.0601047227171479,0.9349861280948812,0.6186668392337411,0.6481406628940987,0.5891930155733837,0.00588378710411379,0.7661517797179315,0.7417443461203092,0.7488786555828001,0.7346100366578182,0.011200138460644814,0.8518557719446797,0.7284936544658017,0.6339015151515152,0.8230857937800883,0.02820029217408897,0.8645713645153155,0.8025592723219771,0.6795424349460449,0.9255761096979093,0.06079149383782955,0.9357206000884012
semseg-spunet-pheno4d-tomato,2,Tomato02,T02_0311_a,2801320,0.9644922089670198,0.93629296866398,0.9926914492700596,0.998967272571502,0.49469905682650944,0.3750985027580772,0.6142996108949417,0.0027115788271243556,0.6868088467614534,0.738966617521227,0.6804852039456145,0.7974480310968396,0.006046792226521783,0.8584922368498731,0.9189971569311063,0.8919783686345201,0.9460159452276925,0.022915982465409164,0.962660643352286,0.952126391199621,0.9229012544226439,0.981351527976598,0.05612675453000728,0.9847547208212225,0.5550010596134066,0.4957025083318716,0.6142996108949417,0.0043925720731655075,0.7663551401869159,0.7710653799469724,0.7446827287971053,0.7974480310968396,0.012776476803792498,0.9191696236484033,0.9247720115627591,0.9035280778978257,0.9460159452276925,0.046493081832850225,0.9777875032631563,0.9577303806693904,0.9341092333621829,0.981351527976598,0.11335191980923279,0.9908891933172721,0.49469905682650944,0.3750985027580772,0.6142996108949417,0.0027115788271243556,0.6868088467614534,0.738966617521227,0.6804852039456145,0.7974480310968396,0.006046792226521783,0.8584922368498731,0.9189971569311063,0.8919783686345201,0.9460159452276925,0.022915982465409164,0.962660643352286,0.952126391199621,0.9229012544226439,0.981351527976598,0.05612675453000728,0.9847547208212225,0.4789119950022419,0.35704551648950666,0.6007784735149772,0.0025769994145617065,0.6732234381493282,0.7323879750425412,0.672093023255814,0.7926829268292683,0.005881156026444676,0.8545068285280728,0.916987807482703,0.8894270689177969,0.9445485460476092,0.022313766367283994,0.9616529084277212,0.9519684634334371,0.9227720858302726,0.9811648410366016,0.055653406251338654,0.984625055322861,0.5149144954278778,0.4035964035964036,0.626232587259352,0.0028575814258992188,0.701686445971268,0.7446346707392228,0.6875651720542232,0.8017041694242224,0.006198149443833621,0.8619478200771756,0.9217134123650441,0.8966899405223687,0.9467368842077195,0.023491782445418587,0.9635758570386579,0.9522638680600971,0.9230546995377504,0.9814730365824438,0.056449816515071465,0.9848419694689314
semseg-spunet-pheno4d-tomato,2,Tomato02,T02_0313_a,3583327,0.7548057503966035,0.619012496575559,0.8905990042176478,0.9949192468340177,0.3463979923235902,0.16666666666666666,0.5261293179805138,0.0010347925266100471,0.5671521035598706,0.5069284606025428,0.3716171617161716,0.642239759488914,0.0017994450408796072,0.7047146401985112,0.6393099302074066,0.5116043119847812,0.7670155484300321,0.005738521770410571,0.8127218791032437,0.7148099555353729,0.6075892354464587,0.822030675624287,0.01401965268589777,0.8602623564305193,0.4656379683858284,0.40514661879114305,0.5261293179805138,0.0021100502410190307,0.737071815897368,0.6479760720928617,0.6537123846968094,0.642239759488914,0.004948473862418919,0.8708549515001128,0.75381692634235,0.7406183042546679,0.7670155484300321,0.01900412661194471,0.9377808452524303,0.7916927320503995,0.7613547884765118,0.822030675624287,0.05547023757530362,0.9627404813652097,0.3463979923235902,0.16666666666666666,0.5261293179805138,0.0010347925266100471,0.5671521035598706,0.5069284606025428,0.3716171617161716,0.642239759488914,0.0017994450408796072,0.7047146401985112,0.6393099302074066,0.5116043119847812,0.7670155484300321,0.005738521770410571,0.8127218791032437,0.7148099555353729,0.6075892354464587,0.822030675624287,0.01401965268589777,0.8602623564305193,0.34336738536289096,0.1632,0.5235347707257819,0.001004373868195674,0.5640455682133926,0.5003067852437291,0.365699032365699,0.6349145381217591,0.0017589798530806705,0.6983975884499445,0.637128573728629,0.5097788572159019,0.764478290241356,0.005657033254291333,0.8108134773814809,0.7136525931128853,0.6069409902780918,0.8203641959476788,0.01387760592321047,0.8591537966537967,0.36173765983717765,0.18660049627791564,0.5368748233964397,0.0010925600705712875,0.5813537675606641,0.5220156614483378,0.3929024081115336,0.651128914785142,0.0018787009949133863,0.7153891859774213,0.6417530440459572,0.5135335558027437,0.7699725322891707,0.005934708163670243,0.814915828082385,0.7180250786223188,0.6127097661623109,0.8233403910823266,0.014311002038050113,0.8617031649148807
semseg-spunet-pheno4d-tomato,2,Tomato02,T02_0315_a,2136519,0.9722277710208327,0.9483402787756862,0.9961152632659792,0.9986538851280986,0.539929628993659,0.39663629992992294,0.6832229580573952,0.0030741594153854937,0.7378197320341048,0.6849836065573771,0.5531162790697675,0.8168509340449867,0.007530005583849243,0.8506961710591745,0.8766518121385203,0.8037938614345029,0.9495097628425375,0.026962081778818724,0.9581633538755316,0.9487570013978848,0.9134788634788635,0.984035139316906,0.08554522566848223,0.9863379457128945,0.5967997029669215,0.5103764478764479,0.6832229580573952,0.0043369611971623,0.7810274120440319,0.7421192906225895,0.6673876472001923,0.8168509340449867,0.011050217667149228,0.8827565758820789,0.9032310572431901,0.8569523516438426,0.9495097628425375,0.03932097023242012,0.9668015712415189,0.9567793810679805,0.9295236228190551,0.984035139316906,0.11073152169486908,0.9878434356243131,0.615823180146048,0.39663629992992294,0.8350100603621731,0.00541488280703331,0.8511539458898781,0.7282883754578772,0.5531162790697675,0.9034604718459869,0.013037094451301393,0.9137646298556761,0.8957372335704736,0.8238304093567251,0.9676440577842221,0.04013725129521432,0.971896354688994,0.9503168126865593,0.9136792615895184,0.9869543637836002,0.10195790442303579,0.9885371955838135,0.5325821634837902,0.3876945885841364,0.6774697383834439,0.0028869389881391178,0.732166018158236,0.6777995842080651,0.5420345489443378,0.8135646194717925,0.007311893786107215,0.8472666752016387,0.8741817573390714,0.7996008647929486,0.9487626498851943,0.026516029110904234,0.9574595777730707,0.9485742028612867,0.9132383599722029,0.9839100457503706,0.08493863148420398,0.9862403773564111,0.5536157689090245,0.4024966261808367,0.7047349116372124,0.0033657552308217244,0.753719927687387,0.6932836449732469,0.5604897660818714,0.8260775238646225,0.007907722795818806,0.8576501923646049,0.8782669531064242,0.8055824459503066,0.950951460262542,0.02767164719808249,0.9592361428257303,0.9490121285044536,0.9137269806170749,0.9842972763918323,0.08680615524598657,0.986536398095577
semseg-spunet-pheno4d-tomato,2,Tomato02,T02_0317_a,2842484,0.8858983885341299,0.7886350731600786,0.9831617039081813,0.9913104172266229,0.5246841062039486,0.39064752711088824,0.6587206852970089,0.012213261358727086,0.7199850213158198,0.6369197313354592,0.4959520446480863,0.7778874180228321,0.028238681378681463,0.8177231275227986,0.7466873519348247,0.5878220140515222,0.9055526898181273,0.09596078641075904,0.9167641246925031,0.8311585113110306,0.7020925974365682,0.960224425185493,0.2203512842992256,0.9636334607923748,0.5262068778727637,0.39369307044851837,0.6587206852970089,0.013275712369884932,0.7213006147975408,0.6455279439418643,0.5131684698608965,0.7778874180228321,0.03135461800312684,0.8232931276297335,0.7557309505204983,0.6059092112228692,0.9055526898181273,0.10481044044575097,0.9200394734192171,0.8399284766281327,0.7196325280707724,0.960224425185493,0.2415067244002077,0.965190486526172,0.5379615524676795,0.39064752711088824,0.6852755778244707,0.013075535341623735,0.7380471924018619,0.6471721239676298,0.4959520446480863,0.7983922032871734,0.030621808249404393,0.8317364031157373,0.7513432183038173,0.5902544667027613,0.9124319699048735,0.10277982215555127,0.922235153174739,0.8325506513990291,0.7020925974365682,0.96300870536149,0.23565796676428083,0.9659731822158262,0.5158083067691583,0.38051710629407154,0.651099507244245,0.011617303738561062,0.7126763975531464,0.6312538990201103,0.4891116366074895,0.7733961614327312,0.027347911193167665,0.8137928372954616,0.7451614061463008,0.5859125645187766,0.9044102477738248,0.09486069226774892,0.9157988429016466,0.8310528843296873,0.7020614241615655,0.9600443444978091,0.21944046123038863,0.9634825155990483,0.533556210255163,0.40113331345064124,0.6659791070596847,0.012940442232920221,0.7270478210042682,0.6422601441668998,0.5033372463525071,0.7811830419812924,0.029087234967725414,0.820899854862119,0.7487535606330417,0.5908378237128079,0.9066692975532754,0.0971154103242094,0.9177537321272673,0.8315460161548942,0.7026914141018613,0.9604006182079272,0.22130186132973836,0.9637896691344208
semseg-spunet-pheno4d-tomato,2,Tomato02,T02_0319_a,1542285,0.8322290484795811,0.6943078004216444,0.9701502965375179,0.9758747572595208,0.5241377333436985,0.35393163832295,0.694343828364447,0.019015292244948242,0.7381593753196712,0.6187671982268679,0.45835356433458396,0.7791808321191517,0.04277873415095135,0.8139351592221532,0.7621477843069704,0.6386997897137969,0.8855957789001438,0.1381411347448753,0.9048077238996869,0.8340768553950122,0.7173990320199065,0.9507546787701178,0.3061658513180119,0.9562108874511589,0.5177060191982639,0.35007042837020463,0.685341610026323,0.020176556213669976,0.7416607751140819,0.6093956238512799,0.45058226336219764,0.7682089843403621,0.04548056941486171,0.8132413321167883,0.7452707890939642,0.6236384813952024,0.8669030967927259,0.14997682010782704,0.8956667978055138,0.7861552240014273,0.646503570278404,0.9258068777244507,0.3371704970222754,0.9383592333268591,0.5593862949291633,0.35393163832295,0.7648409515353765,0.023904142230521595,0.7916564949684,0.645069370193049,0.45835356433458396,0.8317851760515139,0.05405875049034387,0.8527358648979299,0.7758163697827718,0.6405826378182978,0.9110501017472458,0.1712874079693442,0.9231945611604473,0.8375457997557034,0.7173990320199065,0.9576925674915002,0.3507931413454712,0.9617816617777802,0.5126502284385295,0.33952733176979977,0.6857731251072593,0.017553175969421995,0.7294621749408984,0.6099840598371588,0.44558748904368684,0.7743806306306307,0.04080892960769248,0.8090055450515579,0.7582644034691579,0.6337259719612661,0.8828028349770496,0.13490891761250354,0.9025270584616568,0.833049326353123,0.7165308977207274,0.9495677549855186,0.29961582975909123,0.955253596137574,0.5323726200352356,0.3633588981061199,0.7013863419643512,0.020689431590140604,0.7448368798771506,0.6243338300702854,0.4666666666666667,0.7820009934739042,0.045070139435966765,0.8169066766411072,0.7684150056195409,0.6485563758621885,0.8882736353768933,0.14195041772435055,0.9073393992545494,0.8416488303714444,0.7318961827308456,0.9514014780120432,0.31235212687667974,0.9570781506883438
semseg-spunet-pheno4d-tomato,2,Tomato02,T02_0321_a,1774166,0.926848595532833,0.8626938673132394,0.9910033237524267,0.9925457933474094,0.6711624101824378,0.5804672761573066,0.761857544207569,0.009080886455946062,0.8205573831543665,0.8452693996838372,0.7805203001192063,0.910018499248468,0.025783382163788508,0.9315757257782441,0.9416744880528491,0.9052992141849687,0.9780497619207297,0.10178190766816633,0.9817807263343264,0.9645223061742734,0.9374749060116071,0.9915697063369397,0.25688689784383195,0.9924828857293312,0.6808692128423193,0.5998808814770696,0.761857544207569,0.010537909079533708,0.8203359007274283,0.8499760444512175,0.7899335896539671,0.910018499248468,0.028904285168355158,0.9296815584719487,0.9414599622981439,0.9048701626755582,0.9780497619207297,0.110363968196888,0.9807664807664808,0.9638609077549803,0.9361521091730209,0.9915697063369397,0.2760034855813943,0.9920314657038531,0.7381358230361259,0.5708577137148566,0.9054139323573952,0.02012494884920577,0.9157821033468702,0.8658785802166691,0.7710367753999584,0.9607203850333799,0.05348033949472597,0.9651570882033662,0.9422167692177494,0.897574200913242,0.9868593375222567,0.17095130895305174,0.9881666754589575,0.9643558053721306,0.9345326881798669,0.9941789225643942,0.3758058716038973,0.9946021099615744,0.6472452031511802,0.5480089916506101,0.7464814146517502,0.008173981465094021,0.8058888429182182,0.8380089032268314,0.773343097766386,0.902674708687277,0.023808369679049198,0.9267282196969697,0.9399154727873726,0.9029493468881139,0.9768815986866314,0.0968832679692881,0.9808944248256122,0.9644265628655575,0.9374097695583049,0.9914433561728101,0.25341484393230396,0.9923821174377224,0.6938028451765734,0.6054661958938146,0.7821394944593322,0.01039699780065676,0.8364415049333189,0.8536851684963791,0.7901061486080513,0.917264188384707,0.027983289049615424,0.9366729107498942,0.9431012194629016,0.9076620825147348,0.9785403564110685,0.1056992412209455,0.9822053240049486,0.9645968499758995,0.9374590223646827,0.9917346775871161,0.26204143242515077,0.9926135447026811
semseg-spunet-pheno4d-tomato,2,Tomato02,T02_0324_a,3311762,0.9786612576904266,0.960812158910862,0.9965103564699911,0.9969393935916893,0.6132318759090221,0.5466623669783941,0.6798013848396501,0.00918785830624302,0.7689956618903642,0.7811208917328623,0.7202156684422503,0.8420261150234741,0.023160480735028664,0.887695236108576,0.9173965610496864,0.874236287499142,0.9605568346002307,0.08965680504818885,0.9690154316621874,0.954019157540811,0.9220749856666425,0.9859633294149797,0.2433157938281797,0.9879524052995518,0.6150730213218438,0.5503446578040374,0.6798013848396501,0.009467769724998354,0.7669909105405837,0.7830547474428742,0.7240833798622743,0.8420261150234741,0.02378582760476145,0.8870805986822896,0.9192103569112358,0.877863879222241,0.9605568346002307,0.09238375221407819,0.9690115802100323,0.9556633523925595,0.9253633753701394,0.9859633294149797,0.25061915681138924,0.987964929740202,0.6921873896214468,0.5466623669783941,0.8377124122644994,0.015637597146171734,0.8642735768903993,0.8186987524893852,0.7202156684422503,0.9171818365365202,0.03810207376013131,0.9317351507706938,0.9246219129930873,0.874236287499142,0.9750075384870325,0.13037953814313952,0.9786931489209932,0.9554579610652076,0.9215352740581895,0.9893806480722259,0.3129168098432194,0.99055201841927,0.5960147037709491,0.5226500566251415,0.6693793509167566,0.008388887848824885,0.7572528975595709,0.7714712604700755,0.7066873491899345,0.8362551717502165,0.021881403313402353,0.8825794165539701,0.9152627000391133,0.8714710669585227,0.9590543331197038,0.08659921818053351,0.9679214493925996,0.9548334147181543,0.9235545112628599,0.9861123181734487,0.2391705684164502,0.9880971017932623,0.6362841842605569,0.5717930461611487,0.7007753223599652,0.010192761436359256,0.7862009716791089,0.7902728350304065,0.7299365434863755,0.8506091265744373,0.024634016574862565,0.8935794660586894,0.9194548685006205,0.8770865761365466,0.9618231608646944,0.09251087487567042,0.9699680782311815,0.9546314179952635,0.9230014360938248,0.9862613998967023,0.24832219223482846,0.9881940796513551
semseg-spunet-pheno4d-tomato,2,Tomato02,T02_0325_a,3455376,0.9468031382869233,0.9022408542830223,0.9913654222908245,0.9924251369460226,0.6159584984465774,0.5111902733679238,0.720726723525231,0.008465359486203528,0.7803493897644525,0.7080610988511041,0.5837049385288602,0.8324172591733481,0.021337764688994773,0.8616438356164383,0.8280006369913615,0.7269315885692292,0.9290696854134939,0.08296521131130158,0.9391089592431874,0.8799815499422827,0.7922159140877688,0.9677471857967967,0.22093775033455115,0.9707121739848027,0.6206428762900154,0.5205590290547996,0.720726723525231,0.008815249049596918,0.7823046618516086,0.7146518096088015,0.5968863600442548,0.8324172591733481,0.022161408772880288,0.8640043877977435,0.8343472747473414,0.7396248640811889,0.9290696854134939,0.08614576242932752,0.9406415243931118,0.8876435764097612,0.8075399670227257,0.9677471857967967,0.23056419909150264,0.9716676331704084,0.6600680995040384,0.5001515381118351,0.8199846608962419,0.012515859344974324,0.8448447291141582,0.7341299771546509,0.575448831190173,0.8928111231191288,0.0319704715203208,0.904535167918892,0.8388872878406649,0.7264932608939533,0.9512813147873765,0.11498748616648376,0.9559705530736803,0.8830115919460904,0.7922159140877688,0.9738072698044119,0.2666022453128111,0.975728687564521,0.6023617122352923,0.4965470776486441,0.7081763468219406,0.007657053819902668,0.7698616675485676,0.70479648656534,0.580461270670148,0.8291317024605319,0.020202432383624822,0.8591688512613348,0.8285310997649415,0.7281198759679854,0.9289423235618978,0.08147130731937711,0.9390651974679767,0.8795372753051577,0.7915845805522068,0.9674899700581086,0.21910842698450184,0.9704940681704711,0.6208691178973498,0.5157432958324489,0.7259949399622505,0.009357592343061941,0.7845302158718377,0.7148305571127571,0.5953126812855319,0.8343484329399823,0.022770025606475244,0.8642331498875176,0.8286811369770903,0.7275998504579725,0.9297624234962083,0.08601755641064822,0.9396648307836204,0.881093704928471,0.7938616049789635,0.9683258048779786,0.22491676737929533,0.971211006057861
semseg-spunet-pheno4d-tomato,3,Tomato01,T01_0305_a,1962709,0.9528701417149832,0.9121586232697344,0.993581660160232,0.999401847140865,0.6422197856211127,0.6284801460520311,0.6559594251901945,0.001907058050887829,0.7825273844509751,0.8288124944513873,0.8120300751879699,0.8455949137148048,0.004675680398877266,0.9073771384984199,0.9127501717925196,0.8599439775910365,0.9655563659940027,0.015232517912742032,0.9715690537512125,0.9377341911471683,0.8878923766816144,0.9875760056127222,0.03828789698320026,0.988688987065524,0.6573985623391503,0.658837699488106,0.6559594251901945,0.0035349101675286555,0.8366964543095993,0.8334655439065577,0.8213361740983107,0.8455949137148048,0.009445618275556896,0.9366740385134041,0.9206749244273864,0.8757934828607702,0.9655563659940027,0.035712884589615676,0.9832510628584472,0.94500548805526,0.9024349704977978,0.9875760056127222,0.10560709712952862,0.9943360543430017,0.6422197856211127,0.6284801460520311,0.6559594251901945,0.001907058050887829,0.7825273844509751,0.8288124944513873,0.8120300751879699,0.8455949137148048,0.004675680398877266,0.9073771384984199,0.9127501717925196,0.8599439775910365,0.9655563659940027,0.015232517912742032,0.9715690537512125,0.9377341911471683,0.8878923766816144,0.9875760056127222,0.03828789698320026,0.988688987065524,0.635232102937519,0.6215326751292901,0.6489315307457479,0.0018418420662461934,0.7773167358229599,0.8243608626673142,0.808256259869163,0.8404654654654654,0.004540153430793867,0.9046122769610594,0.9123342200137692,0.859782250082481,0.9648861899450573,0.014988976970095923,0.9711071076515178,0.9374575666752207,0.8874768334657135,0.987438299884728,0.03789150607655032,0.9885706602124512,0.652284648575933,0.6357615894039735,0.6688077077478924,0.0020028440283302315,0.7901297379801577,0.8344699335482746,0.8172043010752689,0.8517355660212803,0.004857062356161815,0.9108360432182944,0.9132925262350577,0.8605185428290122,0.9660665096411034,0.015434279865227092,0.9719407123757964,0.9384121118777591,0.8891641674273048,0.9876600563282135,0.038569650416847324,0.9887716146418145
semseg-spunet-pheno4d-tomato,3,Tomato01,T01_0307_a,1921834,0.8591241758695709,0.7684621275664637,0.9497862241726781,0.9966963848074287,0.4300418805292484,0.40876890675856786,0.4513148542999289,0.004039370726087685,0.6022156382841685,0.5262331177172777,0.4792543595911004,0.5732118758434548,0.008728121159267658,0.690234887325623,0.717383174669677,0.5903219048949095,0.8444444444444444,0.022498821438271983,0.8643123106454821,0.7856556969951749,0.6494119051883694,0.9218994888019804,0.041464559374014616,0.9263126192149382,0.4613441669897746,0.4713734796796203,0.4513148542999289,0.005130515955072083,0.6385395537525355,0.5542963556121451,0.5353808353808354,0.5732118758434548,0.012555194673421326,0.7648887231132662,0.7441700190226712,0.6438955936008981,0.8444444444444444,0.04511315753597865,0.9268281430219146,0.8265338575398309,0.7311682262776813,0.9218994888019804,0.11480388004374988,0.9712238367613333,0.4300418805292484,0.40876890675856786,0.4513148542999289,0.004039370726087685,0.6022156382841685,0.5262331177172777,0.4792543595911004,0.5732118758434548,0.008728121159267658,0.690234887325623,0.717383174669677,0.5903219048949095,0.8444444444444444,0.022498821438271983,0.8643123106454821,0.7856556969951749,0.6494119051883694,0.9218994888019804,0.041464559374014616,0.9263126192149382,0.4308920687369905,0.4141293532338308,0.4476547842401501,0.003856212347164219,0.6027526649574956,0.5116264318461196,0.46398261229559096,0.5592702513966481,0.008361284065116966,0.6777024083639306,0.7163850700545094,0.5901501921061824,0.8426199480028362,0.022289125907856765,0.8630357643103931,0.785443281855465,0.6493490982921295,0.9215374654188004,0.04129909242941898,0.9260173869220109,0.4319316714934487,0.40844564240790654,0.4554177005789909,0.004328157374674399,0.6042317864871364,0.5424966492474234,0.4978886756238004,0.5871046228710463,0.009188618788095121,0.7037204824735263,0.7194054254014297,0.5917756749234623,0.847035175879397,0.022827153645944447,0.8662639617050376,0.7865732693978449,0.6506217647408817,0.922524774054808,0.04178144418300436,0.926871489594879
semseg-spunet-pheno4d-tomato,3,Tomato01,T01_0309_a,2177884,0.9640837560709643,0.9391111505366806,0.989056361605248,0.9984241584951264,0.5823659541860388,0.4554955582651106,0.7092363501069668,0.006137149636987094,0.7661229986532995,0.7621651370979668,0.655840581305736,0.8684896928901977,0.013649487300517384,0.8948430719547886,0.9052710714879035,0.8593252149622452,0.9512169280135618,0.03937583452562212,0.9624166239096973,0.9291604744575033,0.8821486031885329,0.9761723457264736,0.07318479772109075,0.9797789043089818,0.6348750606467037,0.5605137711864406,0.7092363501069668,0.007999507779110366,0.8094937435426472,0.8160746246323287,0.7636595563744596,0.8684896928901977,0.01962914461927265,0.9219883040935672,0.9261802300003863,0.9011435319872109,0.9512169280135618,0.06182514771218302,0.9745113184005704,0.951433603338695,0.9266948609509164,0.9761723457264736,0.13702520428085244,0.9884996230208595,0.5831861809083599,0.4554955582651106,0.7108768035516093,0.006165158474923366,0.7671855217099873,0.7634188050140434,0.655840581305736,0.8709970287223506,0.01386161981078882,0.8964523501937792,0.9053641198226132,0.8593252149622452,0.9514030246829812,0.039492002328866,0.9625271773884129,0.9291686601746028,0.8821486031885329,0.9761887171606726,0.07322749971991162,0.9797906960703783,0.5682809254620377,0.4435742257030972,0.6929876252209782,0.005819410032857581,0.7533533217610857,0.751951700974704,0.6419654106058871,0.8619379913435209,0.012969928609604551,0.8893333805359861,0.9042483381165329,0.8577418785310734,0.9507547977019924,0.03897406840768379,0.962029193812514,0.9288299755811198,0.8816074642765309,0.9760524868857088,0.07281655037642042,0.9796766423265609,0.5971214414646322,0.4677336965775583,0.726509186351706,0.006509529433156219,0.7795020102983706,0.7704967473528073,0.665918563642193,0.8750749310634216,0.014350626571479473,0.8999808024572855,0.905655474652955,0.859355908535521,0.951955040770389,0.039844179028818795,0.9628583940259979,0.9292719051249431,0.8821830676999561,0.97636074254993,0.07368344686861192,0.9799157495918341
semseg-spunet-pheno4d-tomato,3,Tomato01,T01_0311_a,2080173,0.9049846046030231,0.8248536264786713,0.9851155827273749,0.9964671207635134,0.35829718066580274,0.14980486340438307,0.5667894979272224,0.006757130296374388,0.5962578258394992,0.5275034475744266,0.2974393380297439,0.7575675571191093,0.013729146566175025,0.7792989950628524,0.6954935394725392,0.4729780376283637,0.9180090413167148,0.0442025735359511,0.9233161861466682,0.7997231804508849,0.6329992692347844,0.9664470916669854,0.10640989956123842,0.9681456148831494,0.39040901753275375,0.2140285371382851,0.5667894979272224,0.007336889768302925,0.6130913379635696,0.6165695788002286,0.4755716004813478,0.7575675571191093,0.01670918716856723,0.8113527820933311,0.7900011539655566,0.6619932666143984,0.9180090413167148,0.058924906726507846,0.9400443813533049,0.8700937607013612,0.7737404297357372,0.9664470916669854,0.1522229160747688,0.9767914100742144,0.42771306586100555,0.14633431085043988,0.7090918208715712,0.010081373039646221,0.7218539888417338,0.5611299665705464,0.2889733840304182,0.8332865491106745,0.02013246013672901,0.8432388547959598,0.705012270977956,0.4729780376283637,0.9370465043275483,0.056647692283286054,0.9401631066642905,0.8014692054396438,0.6329992692347844,0.9699391416445032,0.11809210099352313,0.9712967938384381,0.3583241139272879,0.14743089176948304,0.5692173360850928,0.006525418799301789,0.5978340945926035,0.5229280411435736,0.29135914613375724,0.75449693615339,0.013408980887647326,0.7762162549743663,0.6921693889137183,0.46831518451300663,0.91602359331443,0.04317333221804148,0.9214880634241939,0.7987888538570006,0.6313830344972213,0.9661946732167799,0.1056186192206129,0.9679069661591679,0.3636757515064192,0.15446091252542865,0.5728905904874098,0.007055663158785351,0.6025754581999047,0.5329194132915241,0.3015047576897544,0.7643340688932939,0.014178628412156105,0.7852783617006849,0.6984446202565522,0.4774433296172427,0.9194459108958616,0.04499145023034142,0.9246607543540977,0.7998429349173505,0.6329992692347844,0.9666866005999165,0.10713291634878445,0.9683605932108321
semseg-spunet-pheno4d-tomato,3,Tomato01,T01_0313_a,1924288,0.9469150415829761,0.904403077165437,0.9894270060005154,0.996215743173579,0.5913418270992341,0.4987399495979839,0.6839437046004843,0.00902775468121196,0.759555606723463,0.7519202643802497,0.6798082045817795,0.82403232417872,0.024379926497488942,0.8718932514814342,0.8740900247089611,0.8121398386477142,0.9360402107702082,0.07100392456846376,0.949894607412612,0.9208656447986672,0.8691335054678008,0.9725977841295335,0.1545132537333289,0.9768168487327127,0.60545927794983,0.5269748512991757,0.6839437046004843,0.010564426946486181,0.7770180530276944,0.7623729026075725,0.7007134810364251,0.82403232417872,0.02757279575614461,0.8798296204153945,0.8814542626992299,0.8268683146282515,0.9360402107702082,0.08416931353310939,0.9553301310151513,0.9271052650122549,0.8816127458949764,0.9725977841295335,0.1900240504539861,0.9800853796275786,0.6524899244971711,0.4763869784502522,0.82859287054409,0.01600903814813583,0.8517171979484516,0.7915626718349842,0.6798082045817795,0.9033171390881889,0.038934920344563806,0.9197832412375537,0.8852522970210863,0.8121398386477142,0.9583647553944583,0.10082898194033325,0.9647157052735744,0.9245023628318723,0.8691335054678008,0.9798712201959439,0.20174942628130507,0.9822447865150017,0.5783091976764031,0.48046181172291297,0.6761565836298933,0.008539262314165031,0.7507911392405063,0.7367048665491063,0.6614829839981969,0.8119267491000156,0.02270190324940965,0.8624699553622525,0.8726587309731548,0.8108526275073217,0.934464834438988,0.06953792779459207,0.948838286837405,0.9206684472071978,0.8689070196458797,0.9724298747685157,0.15366982489107658,0.9766896061953636,0.6098441816548215,0.5205232295895355,0.6991651337201076,0.009743863704393521,0.7732266666666666,0.7591565688325803,0.6877759883630319,0.8305371493021289,0.02531014068580171,0.8766015111695138,0.8757361742621333,0.8144346648612052,0.9370376836630615,0.0721825423221472,0.9506695464362851,0.9213962256631029,0.8699728363389422,0.9728196149872635,0.15575683057837497,0.9770019451423156
semseg-spunet-pheno4d-tomato,3,Tomato01,T01_0315_a,2438364,0.9399529796401862,0.891009918845807,0.9888960404345654,0.9949572746316793,0.5919741055471845,0.5281078382426361,0.6558403728517331,0.007800722123522165,0.7515377740392198,0.6926393041993519,0.6214796035952984,0.7637990048034056,0.0197878577603672,0.8298031088082901,0.8552079079279195,0.7842988094785288,0.9261170063773101,0.07987035569750865,0.941762129466555,0.9015800313184574,0.8329048843187661,0.9702551783181487,0.18399344806599835,0.9740573239747417,0.5972178220308735,0.5385952712100139,0.6558403728517331,0.00974423834997564,0.7765993265993266,0.7004302494095442,0.637061494015683,0.7637990048034056,0.023629777998690926,0.8473740844874865,0.8626915121782514,0.7992660179791926,0.9261170063773101,0.09110083646248059,0.9463214142623696,0.9105127933666894,0.8507704084152303,0.9702551783181487,0.21227019427780267,0.9763887386203806,0.6243674879189884,0.4890882189754023,0.7596467568625745,0.011596299814137677,0.804604611684821,0.7277879522156752,0.6076708130521002,0.8479050913792501,0.02900182253346916,0.8769037148069064,0.8656722938304706,0.7842988094785288,0.9470457781824124,0.10475261281744645,0.955595576000783,0.9045830331925182,0.8329048843187661,0.9762611820662704,0.22459403107985518,0.9787470646882452,0.5970062626364333,0.535656836461126,0.6583556888117406,0.007246251995190218,0.7549380270530307,0.6899724826308145,0.619389160689688,0.7605558045719408,0.019072213992660653,0.8276959466724008,0.8543238944814663,0.7834346214119176,0.925213167551015,0.07895375751938595,0.9411379715143519,0.9012702557308891,0.8324595893403233,0.9700809221214551,0.18298375468141753,0.973914173844247,0.6019017878716397,0.5428910385106771,0.6609125372326022,0.008497910894353755,0.7582645625211138,0.7014409099268946,0.6336425695781551,0.769239250275634,0.020817236474947955,0.8350669818754926,0.8567678665593277,0.7864644984311294,0.9270712346875261,0.08107690238208898,0.9425124560560459,0.9022834428199671,0.8341358629836803,0.9704310226562539,0.18515734320224544,0.9742203990865618
semseg-spunet-pheno4d-tomato,3,Tomato01,T01_0317_a,2450405,0.8898675996064902,0.8024038632790038,0.9773313359339767,0.9833562207063731,0.49665275315303137,0.47735600175875714,0.5159495045473056,0.013006829483289496,0.6643448795180723,0.6195443628457121,0.5744124694435705,0.6646762562478538,0.031079760284524395,0.7691115838126001,0.7735689028803479,0.6938491962882207,0.853288609472475,0.11211493610239939,0.8898033320350748,0.8280012109166233,0.7202147958760399,0.9357876259572065,0.27820380712576087,0.9447728659609923,0.49053238884962924,0.46511527315195295,0.5159495045473056,0.015402351856121743,0.6723544062317842,0.6272886315865602,0.5899010069252666,0.6646762562478538,0.035858970251856324,0.7802979435295724,0.7804457690582784,0.7076029286440818,0.853288609472475,0.12344694040372918,0.8942296566885403,0.8379460357959574,0.7401044456347081,0.9357876259572065,0.30020425195018785,0.9464806653417108,0.5845368587620636,0.476146386628332,0.6929273308957953,0.018274122032888442,0.7599321110341901,0.6855905960332489,0.5721966391011886,0.7989845529653093,0.04569734390845595,0.8415388874501014,0.8017682239481903,0.6934413103189646,0.910095137577416,0.16557467030960188,0.9252400024647236,0.8372674041027917,0.7202147958760399,0.9543200123295434,0.3752595999436828,0.9590566132122871,0.48839881770789473,0.47218668440714395,0.5046109510086455,0.012262054639947274,0.656737777481945,0.6124933183723058,0.5682589597683937,0.6567276769762179,0.029852208104374583,0.7635133287764867,0.7729193045679896,0.6943179044984951,0.8515207046374841,0.11071108653467487,0.8888704582232101,0.8270451356827526,0.718735545900533,0.9353547254649723,0.2762951430477819,0.9443957845606209,0.5047507552956741,0.485516115871073,0.5239853947202753,0.014097261473103426,0.6714624826308476,0.6279432318457685,0.5837672211215039,0.6721192425700332,0.03282192127423834,0.7753615079513099,0.7744642969716677,0.6938767319828633,0.8550518619604721,0.11435089301564436,0.890805336074174,0.8290976022526837,0.7218862183450623,0.936308986160305,0.2805768842293417,0.9452225148975968
semseg-spunet-pheno4d-tomato,3,Tomato01,T01_0319_a,2476596,0.9523957268469543,0.91345995045417,0.9913315032397385,0.9928979131033079,0.6295001519064494,0.5882654697018275,0.6707348341110713,0.01157839227714169,0.7760767218831734,0.7824984981313858,0.7364052466183905,0.8285917496443812,0.026873983483781772,0.8840525271951439,0.8764225463121504,0.833434650455927,0.9194104421683738,0.10207680219139496,0.9425560614391443,0.9197465803188936,0.8705240014058375,0.9689691592319495,0.24906847947747635,0.9743191935698282,0.6209955357154029,0.5712562373197346,0.6707348341110713,0.013651398936281896,0.7687302197639682,0.7807683478778271,0.7329449461112729,0.8285917496443812,0.03136442116517995,0.8819727847367946,0.8760822026350842,0.8327539631017946,0.9194104421683738,0.11396489374932367,0.9434073234246843,0.9208296092862882,0.8726900593406269,0.9689691592319495,0.27465601979491205,0.9745785137574756,0.6952933776684742,0.5882654697018275,0.802321285635121,0.016819860808949056,0.8458565392740541,0.813776245712086,0.7364052466183905,0.8911472448057814,0.03731411986452372,0.9164935289789204,0.8844618483568898,0.833119310234126,0.9358043864796537,0.12085903393205835,0.9513729499296737,0.9217727522370269,0.8705240014058375,0.9730215030682163,0.28002023745495835,0.9771577959241352,0.6194220075648488,0.5778647062790855,0.6609793088506121,0.010914174132559368,0.7684424713281539,0.7779008156670792,0.730177304964539,0.8256243263696196,0.025923889080011434,0.8814852888494307,0.8757010535450394,0.8322980642604916,0.919104042829587,0.10063934529491286,0.9422651789618967,0.9196105440802493,0.8704795388577736,0.9687415493027249,0.2475510741356281,0.9741617788100815,0.647043145553114,0.6069729632082856,0.6871133278979425,0.012490531358364464,0.7890023921898235,0.7919816410804572,0.747885216033316,0.8360780661275983,0.028359086423461882,0.889668821368568,0.8783875201322511,0.8356492735598394,0.9211257667046626,0.10423339131614523,0.9436903433742407,0.9201111609542356,0.8708817632003651,0.9693405587081061,0.2517015290342066,0.9745878404717636
semseg-spunet-pheno4d-tomato,3,Tomato01,T01_0321_a,1672545,0.9602695553671008,0.9296639870754237,0.9908751236587778,0.992521576400037,0.6631308916787315,0.6056307525717379,0.7206310307857252,0.011319874801574845,0.8073205514181587,0.768347799279921,0.7088022284122563,0.8278933701475857,0.026489571282088075,0.8818192077643607,0.8753000069348006,0.8216337907375644,0.9289662231320368,0.09649067738087765,0.9483966911422995,0.9187275001661649,0.8688811901365396,0.9685738101957901,0.22941146576026356,0.974824146926904,0.6613300636317601,0.6020290964777948,0.7206310307857252,0.013172739746912639,0.8110021786492375,0.7718036511712935,0.7157139321950012,0.8278933701475857,0.03022878308206954,0.8862121481833106,0.8785966418926126,0.8282270606531882,0.9289662231320368,0.1056569479445994,0.9499479390660721,0.9214112348148173,0.8742486594338447,0.9685738101957901,0.24276297498722008,0.9751423533120542,0.708329400477129,0.5801265428897417,0.8365322580645161,0.018340313713532373,0.867840260798696,0.7804089949272269,0.6705138339920949,0.890304155862359,0.04242516643797327,0.9117647058823529,0.8753993253016449,0.8032068748690002,0.9475917757342895,0.13360955908510683,0.9579447616660999,0.9225644533576233,0.8688339741064272,0.9762949326088194,0.28885321471171177,0.9799966881934095,0.6562046046057848,0.6001403016485444,0.7122689075630252,0.010352486779130008,0.8022523823274618,0.7656943635717675,0.7063869792584758,0.8250017478850591,0.024984081145798767,0.8802019766913155,0.8733213550489558,0.8185107556536128,0.928131954444299,0.09417265305268319,0.9477169413617086,0.9179738134291777,0.8677495472754212,0.9681980795829344,0.22663246728787567,0.9745444568437659,0.6710945134933828,0.6126288401881317,0.7295601867986339,0.012406841071540676,0.8130210592260614,0.7721079053277635,0.7120798319327731,0.8321359787227538,0.02835678561712839,0.8842245087290208,0.8738217816957643,0.8184821259494603,0.9291614374420684,0.09962960637830372,0.9481741530890869,0.9190342356815218,0.8689363898093324,0.969132081553711,0.23272497899907027,0.9751825980171769
semseg-spunet-pheno4d-tomato,3,Tomato01,T01_0324_a,2932759,0.9519151587043351,0.9110205524080884,0.9928097650005818,0.9934536046091752,0.640150923608878,0.6073050894595347,0.6729967577582214,0.006650734001668736,0.7828249166880287,0.7967334886369968,0.7445020310967922,0.8489649461772012,0.017790415100592993,0.8951221849544801,0.9118016719534081,0.865986118224687,0.9576172256821291,0.07776568071225765,0.9667292211094937,0.9301479840301662,0.8789414753368088,0.9813544927235236,0.20877133102310827,0.9835776675878198,0.6336436502516363,0.6150353178607467,0.6522519826425258,0.007458164820225596,0.7734192840488273,0.7728367986798323,0.7350695281729764,0.8106040691866884,0.020225323662803524,0.8715523636118416,0.8950116187517747,0.8492704392804755,0.9407527982230739,0.08518190550263421,0.954775076255514,0.9142109978950909,0.8561617937109747,0.972260202079207,0.22554188734907982,0.9763991775768754,0.744423788409081,0.6005683901723505,0.8882791866458114,0.015531450078236909,0.9043468715697036,0.8330284787683966,0.7256302903431328,0.9404266671936603,0.03994463916059929,0.9485351862601155,0.9071526959851783,0.8402055674518202,0.9740998245185366,0.13952697783895643,0.9772042453671685,0.9267175915015724,0.8679151474975141,0.9855200355056308,0.2877495218666109,0.9867780542718332,0.6300878566301262,0.5990599059905991,0.6611158072696535,0.006076189690322321,0.7750280583613917,0.7899040808788595,0.7362338880932392,0.8435742736644799,0.016725547513450643,0.8911155508440023,0.9102697935969247,0.863965792143789,0.9565737950500605,0.07521074864999136,0.9659616910347955,0.9298803921298393,0.878739587106121,0.9810211971535575,0.20527019097034568,0.9833158363344009,0.6635301707840465,0.6289006644797712,0.6981596770883218,0.007533520483612871,0.8003077758667512,0.8102137499370513,0.7624297723144511,0.8579977275596515,0.019658621796063026,0.9024525618343914,0.9125089073645756,0.8662026968247064,0.9588151179044446,0.08064215300336645,0.967484693704969,0.9304832320510894,0.8794238929062332,0.9815425711959456,0.21145003731980705,0.9837324956622139
semseg-spunet-pheno4d-tomato,3,Tomato01,T01_0325_a,3011661,0.9289285254102027,0.8764603561971026,0.9813966946233028,0.9843322339400086,0.5562096451397694,0.4900966566312787,0.6223226336482601,0.00771235540786297,0.7229086838593016,0.7450019899587206,0.6942278246626072,0.7957761552548339,0.020434902865893605,0.8604715402239085,0.8875059575610768,0.8440532133165662,0.9309587018055873,0.07783113703700384,0.9497399755120499,0.9140149784007415,0.8630210300969651,0.965008926704518,0.2015618623742845,0.9713295422347274,0.5349784015361383,0.4968065031209174,0.5731502999513592,0.00940676922136987,0.7043416872573244,0.6955291043094632,0.6867643757416375,0.704293832877289,0.02526778412311346,0.8087860390549029,0.8540141633207994,0.8253302816741825,0.8826980449674161,0.0909737184895644,0.9210824068734442,0.8867646605427024,0.8341864992233022,0.9393428218621026,0.22760828659002458,0.9540408969494324,0.6255879202955466,0.48256494266323424,0.7686108979278587,0.011572351602653817,0.8096809365316194,0.782949971661558,0.6885703188446736,0.8773296244784423,0.030349033307533618,0.9035021498670693,0.898265252752012,0.8417370644139388,0.9547934410900851,0.10924104671807351,0.9635558986860062,0.9177332245724457,0.8629666939495058,0.9724997551953857,0.24664462567334106,0.9765592816467199,0.5413982187907479,0.4733625957483432,0.6094338418331525,0.007028347480011861,0.7109179383001842,0.7275721926968713,0.6705258644213152,0.7846185209724275,0.018741485180436973,0.8502560104884573,0.8842017470276555,0.8389073693218678,0.9294961247334432,0.07514623989884651,0.9484302852219252,0.9133813179392137,0.862289264943393,0.9644733709350345,0.19776262999056002,0.9709382565976151,0.5786361340995705,0.517598927840869,0.6396733403582718,0.008738699342323056,0.7401398282544266,0.7611607902270086,0.7160117910012633,0.8063097894527539,0.02236871945414839,0.8698620986536435,0.8902724594223002,0.8480853260801128,0.9324595927644875,0.08167187475615616,0.9509529694919664,0.9141095994201851,0.8627247986321891,0.965494400208181,0.2049536783854491,0.9716436263367738
semseg-spunet-pheno4d-tomato,3,Tomato02,T02_0305_a,1518307,0.9708037008655686,0.9440518256772674,0.9975555760538696,0.9998122909266703,0.9039065420905001,0.8988877654196158,0.9089253187613844,0.0013086944866881336,0.949672873678913,0.9516145422995768,0.9391357273280584,0.9640933572710951,0.0028505434013015815,0.9768946395563771,0.9735640665130351,0.9556344276841171,0.991493705341953,0.009161520035144408,0.9928109273903667,0.986016737254493,0.9751737835153923,0.9968596909935937,0.02356045253035124,0.9972045174997205,0.8453077298032274,0.7816901408450704,0.9089253187613844,0.001829669493718991,0.8995680345572354,0.9218395141987759,0.8795856711264566,0.9640933572710951,0.00485935980009313,0.9621848739495799,0.9656627465678926,0.9398317877938323,0.991493705341953,0.028126064096391575,0.9934666541775946,0.9710123926666081,0.9451650943396226,0.9968596909935937,0.09465674596771272,0.9980586982841397,0.9039065420905001,0.8988877654196158,0.9089253187613844,0.0013086944866881336,0.949672873678913,0.9516145422995768,0.9391357273280584,0.9640933572710951,0.0028505434013015815,0.9768946395563771,0.9735640665130351,0.9556344276841171,0.991493705341953,0.009161520035144408,0.9928109273903667,0.986016737254493,0.9751737835153923,0.9968596909935937,0.02356045253035124,0.9972045174997205,0.9007889662771023,0.8984771573604061,0.9031007751937985,0.0012625905037650488,0.9478351591027647,0.9510415634263472,0.9390243902439024,0.963058736608792,0.0027971945067762974,0.9764539675064752,0.9735165085263868,0.9556344276841171,0.9913985893686564,0.009075898352572965,0.9927431059506531,0.9860016534963855,0.9751737835153923,0.9968295234773786,0.02336088814712703,0.997180636612253,0.9097896440129449,0.9029126213592233,0.9166666666666666,0.001402878337516721,0.9530516431924883,0.9529533163119641,0.9397590361445783,0.96614759647935,0.0029730482702114923,0.9778466991581746,0.9736467831564946,0.9556933983163491,0.9916001679966401,0.009261631540920249,0.9928886360403926,0.9860215545840689,0.9751737835153923,0.9968693256527456,0.02362499810644356,0.9972121550041818
semseg-spunet-pheno4d-tomato,3,Tomato02,T02_0307_a,2660027,0.9515522174789294,0.9195346816624028,0.9835697532954559,0.9993733146317688,0.6233557301772934,0.684285308326229,0.5624261520283577,0.0018597555588721467,0.7754194461289671,0.776581204433434,0.8084235156478502,0.7447388932190179,0.004007478119582996,0.8771106941838649,0.8987006646581115,0.8688688688688688,0.928532460447354,0.010154032271101008,0.9514994446501296,0.9445925043491894,0.9149957822334696,0.9741892264649091,0.02438133146768811,0.9798010947498266,0.6504452156899315,0.7384642793515054,0.5624261520283577,0.0032116215361723773,0.8281634086386516,0.7884487861181678,0.8321586790173178,0.7447388932190179,0.0077890186828930685,0.9195424489598919,0.912136641131176,0.8957408218149978,0.928532460447354,0.03595940943456589,0.982572423238163,0.946861954063656,0.9195346816624028,0.9741892264649091,0.1041049583331297,0.9939802543676559,0.6233557301772934,0.684285308326229,0.5624261520283577,0.0018597555588721467,0.7754194461289671,0.776581204433434,0.8084235156478502,0.7447388932190179,0.004007478119582996,0.8771106941838649,0.8987006646581115,0.8688688688688688,0.928532460447354,0.010154032271101008,0.9514994446501296,0.9445925043491894,0.9149957822334696,0.9741892264649091,0.02438133146768811,0.9798010947498266,0.6090425577818933,0.6718423409973127,0.546242774566474,0.00175637314959585,0.7647688356164384,0.7698010762206935,0.8062416802248188,0.7333604722165683,0.003896201053598328,0.8736009262832883,0.8976428824488141,0.8688688688688688,0.9264168960287592,0.00995591398132425,0.9505343050258657,0.9443450165610208,0.9149957822334696,0.9736942508885721,0.02402231255547406,0.9794992175273866,0.631819286916433,0.6916143130292269,0.5720242608036391,0.0019435892943943803,0.7816247582205029,0.7812264150426331,0.8100898811249637,0.7523629489603024,0.00408943217493657,0.8795734510020224,0.899061533856587,0.8688688688688688,0.9292541988443053,0.01022433230940889,0.9518329227488326,0.9446580267684315,0.9149957822334696,0.9743202713033933,0.024478698900424693,0.9798814387074977
semseg-spunet-pheno4d-tomato,3,Tomato02,T02_0309_a,2530683,0.8732598158785674,0.7779231312629183,0.9685965004942165,0.9966459647454857,0.7545202393236878,0.7943746004687833,0.7146658781785925,0.005619036441940772,0.8642756680731364,0.8275504733728946,0.840782635279731,0.8143183114660582,0.010975297972918774,0.9062466246624662,0.7696577213368091,0.6923638038929627,0.8469516387806555,0.027814625537848872,0.8861628072169342,0.8321277132142377,0.728027184212246,0.9362282422162295,0.060382908487550596,0.9455271251881422,0.7567855464070721,0.7989052146355518,0.7146658781785925,0.006984675678463087,0.8815342837746096,0.8323200274142057,0.8503217433623533,0.8143183114660582,0.016540989132182892,0.9338748208313425,0.7929987171085342,0.7390457954364129,0.8469516387806555,0.06094560243222877,0.9469831554650725,0.8570756867395739,0.7779231312629183,0.9362282422162295,0.15998487364873434,0.9790352976627124,0.7545202393236878,0.7943746004687833,0.7146658781785925,0.005619036441940772,0.8642756680731364,0.8275504733728946,0.840782635279731,0.8143183114660582,0.010975297972918774,0.9062466246624662,0.7696577213368091,0.6923638038929627,0.8469516387806555,0.027814625537848872,0.8861628072169342,0.8321277132142377,0.728027184212246,0.9362282422162295,0.060382908487550596,0.9455271251881422,0.7421679429190365,0.7725640411778789,0.7117718446601942,0.005155130057774917,0.8543614901119116,0.8278978319163202,0.8394100519053045,0.8163856119273359,0.010699878254210425,0.9063077036708768,0.7702315466873919,0.6936302792522502,0.8468328141225338,0.027674347201921377,0.8862711501392161,0.8316814298718289,0.7274483481221964,0.9359145116214614,0.0601047227171479,0.9452750055882082,0.7557908301013336,0.7931459060127232,0.7184357541899441,0.00588378710411379,0.864607118871726,0.825484188038767,0.8368914423949199,0.8140769336826141,0.011200138460644814,0.9048475867908552,0.7691665928540818,0.6902604106917517,0.8480727750164119,0.02820029217408897,0.8865005745032649,0.832395125811053,0.728062724599804,0.936727527022302,0.06079149383782955,0.9458932425053951
semseg-spunet-pheno4d-tomato,3,Tomato02,T02_0311_a,2801320,0.9227335267452901,0.8686626487805932,0.9768044047099869,0.9970581725757857,0.3975612560861528,0.257542310522443,0.5375802016498625,0.0027115788271243556,0.6015007898894155,0.586240112539937,0.500894667780031,0.671585557299843,0.006046792226521783,0.7529960446307338,0.8628019825293705,0.8181699969658879,0.9074339680928529,0.022915982465409164,0.9346522314822027,0.892991935014021,0.8280316536861531,0.9579522163418888,0.05612675453000728,0.9650318961514733,0.4666300204498476,0.3956798392498326,0.5375802016498625,0.0043925720731655075,0.7067045916294189,0.6406728245027014,0.6097600917055597,0.671585557299843,0.012776476803792498,0.8668380319074628,0.8763441301429603,0.8452542921930677,0.9074339680928529,0.046493081832850225,0.9633221234317655,0.9111007844235121,0.8642493525051353,0.9579522163418888,0.11335191980923279,0.9808525044483285,0.3975612560861528,0.257542310522443,0.5375802016498625,0.0027115788271243556,0.6015007898894155,0.586240112539937,0.500894667780031,0.671585557299843,0.006046792226521783,0.7529960446307338,0.8628019825293705,0.8181699969658879,0.9074339680928529,0.022915982465409164,0.9346522314822027,0.892991935014021,0.8280316536861531,0.9579522163418888,0.05612675453000728,0.9650318961514733,0.39754127279609647,0.2575483870967742,0.5375341584954187,0.0025769994145617065,0.6014683474165397,0.5768081879894547,0.48919545842998413,0.6644209175489253,0.005881156026444676,0.7460394537177542,0.8595066367671123,0.8140431756726805,0.904970097861544,0.022313766367283994,0.9328885902604467,0.8926449977669845,0.8277514959741846,0.9575384995597843,0.055653406251338654,0.9647344823383771,0.3974965978300078,0.262359163025983,0.5326340326340326,0.0028575814258992188,0.5992504684572142,0.5944100759632542,0.5108149187419618,0.6780052331845468,0.006198149443833621,0.7590278177734262,0.8672281041240796,0.8258107378648839,0.9086454703832753,0.023491782445418587,0.9362539508874301,0.8932930330717384,0.8283644991102925,0.9582215670331842,0.056449816515071465,0.9652320184147621
semseg-spunet-pheno4d-tomato,3,Tomato02,T02_0313_a,3583327,0.7517763627229441,0.6149643855188788,0.8885883399270096,0.9948045489568772,0.5300426601509929,0.44353602452733776,0.6165492957746479,0.0010347925266100471,0.7063106796116505,0.6165661340564104,0.5308722639660242,0.7022600041467966,0.0017994450408796072,0.7772952853598015,0.6562531434454514,0.5371399696816574,0.7753663172092453,0.005738521770410571,0.8218158828964646,0.7099998993070427,0.6006294610239982,0.8193703375900873,0.01401965268589777,0.857714433584808,0.5877286708758297,0.5589080459770115,0.6165492957746479,0.0021100502410190307,0.7969845258563683,0.7116364436549176,0.7210128831630387,0.7022600041467966,0.004948473862418919,0.8937514098804421,0.7628880144468078,0.7504097116843702,0.7753663172092453,0.01900412661194471,0.9396164351375959,0.7877048045010248,0.7560392714119623,0.8193703375900873,0.05547023757530362,0.9617845930934557,0.5300426601509929,0.44353602452733776,0.6165492957746479,0.0010347925266100471,0.7063106796116505,0.6165661340564104,0.5308722639660242,0.7022600041467966,0.0017994450408796072,0.7772952853598015,0.6562531434454514,0.5371399696816574,0.7753663172092453,0.005738521770410571,0.8218158828964646,0.7099998993070427,0.6006294610239982,0.8193703375900873,0.01401965268589777,0.857714433584808,0.5253041655340815,0.43809024134312696,0.6125180897250362,0.001004373868195674,0.7024173381494859,0.6140576932165209,0.5307133421400264,0.6974020442930153,0.0017589798530806705,0.7745518007298112,0.6542229012817249,0.5355233002291826,0.7729225023342671,0.005657033254291333,0.8200384786147699,0.708816008098938,0.5999548609151949,0.817677155282681,0.01387760592321047,0.8565797940797941,0.536151987764891,0.44868035190615835,0.6236236236236237,0.0010925600705712875,0.7118773946360153,0.6162334680416353,0.5296517100721682,0.7028152260111022,0.0018787009949133863,0.7773321449792038,0.658243971030024,0.5384141836985964,0.7780737583614515,0.005934708163670243,0.8237092071851783,0.7131981347634122,0.6057343732835329,0.8206618962432916,0.014311002038050113,0.8591486125465572
semseg-spunet-pheno4d-tomato,3,Tomato02,T02_0315_a,2136519,0.9820794525252503,0.9665571061659213,0.9976017988845793,0.9991284889111681,0.6089766187180492,0.5037517053206003,0.714201532115498,0.0030741594153854937,0.7784713763702802,0.8043356763709761,0.7303041407108831,0.8783672120310693,0.007530005583849243,0.9085032322227747,0.9247255067483493,0.8809639333656801,0.9684870801310184,0.026962081778818724,0.9744466626160924,0.9684604075874308,0.9468265210931831,0.9900942940816786,0.08554522566848223,0.9915795348226449,0.6492098394168224,0.5842181467181468,0.714201532115498,0.0043369611971623,0.8140513706022016,0.8315818286647481,0.7847964452984268,0.8783672120310693,0.011050217667149228,0.9240967427675887,0.9382226191343226,0.9079581581376269,0.9684870801310184,0.03932097023242012,0.9786334960123795,0.9722357879150705,0.9543772817484625,0.9900942940816786,0.11073152169486908,0.992129512215741,0.6797890512334274,0.5037517053206003,0.8558263971462544,0.00541488280703331,0.8742328636874406,0.8343158042250578,0.7303041407108831,0.9383274677392325,0.013037094451301393,0.9471530121347024,0.9365046382304035,0.8930465741480782,0.9799627023127289,0.04013725129521432,0.9828346199594188,0.9694324080202784,0.9469493278179938,0.991915488222563,0.10195790442303579,0.9929350196249455,0.5891013371234171,0.4776657060518732,0.7005369681949608,0.0028869389881391178,0.7649156939040207,0.7985808264782948,0.7218968448894767,0.8752648080671129,0.007311893786107215,0.9057739085904494,0.923223978594161,0.8784375258072508,0.9680104313810713,0.026516029110904234,0.974016804349361,0.9683476462925107,0.9466791393826005,0.990016153202421,0.08493863148420398,0.9915193995801028,0.630799728569577,0.5213675213675214,0.7402319357716325,0.0033657552308217244,0.7975246836323182,0.8100606064352922,0.735013501350135,0.8851077115204495,0.007907722795818806,0.9128736312518496,0.925723912186107,0.8820418302748617,0.9694059940973522,0.02767164719808249,0.9751019096429356,0.9686182924059636,0.9469785709364018,0.9902580138755254,0.08680615524598657,0.9917018488863008
semseg-spunet-pheno4d-tomato,3,Tomato02,T02_0317_a,2842484,0.8936697421333349,0.8045496952628413,0.9827897890038286,0.9911081293685382,0.5099994601014655,0.3661793557369787,0.6538195644659524,0.012213261358727086,0.7115163037216269,0.6264629002393534,0.4792727272727273,0.7736530732059793,0.028238681378681463,0.8126775302735835,0.7668968977163689,0.6208334091860698,0.9129603862466681,0.09596078641075904,0.923641789512661,0.8427340539015686,0.7226178365547643,0.9628502712483731,0.2203512842992256,0.9660442727250956,0.510840223084436,0.36786088170291964,0.6538195644659524,0.013275712369884932,0.7119726521093915,0.6355065788416381,0.49736008447729674,0.7736530732059793,0.03135461800312684,0.8184123422159888,0.7742458823896203,0.6355313785325727,0.9129603862466681,0.10481044044575097,0.9262357261296581,0.8502530366131268,0.7376558019778805,0.9628502712483731,0.2415067244002077,0.9673464155494924,0.5235185998276366,0.3661793557369787,0.6808578439182945,0.013075535341623735,0.7305405332687599,0.636935654649027,0.4792727272727273,0.7945985820253268,0.030621808249404393,0.827255807541187,0.7712374286583467,0.6230772014911868,0.9193976558255065,0.10277982215555127,0.928707855553654,0.8440494665953832,0.7226178365547643,0.965481096636002,0.23565796676428083,0.9682497977171145,0.5005954054709921,0.3550514376154049,0.6461393733265793,0.011617303738561062,0.7038338077645206,0.6205271377755078,0.4719846705226926,0.7690696050283231,0.027347911193167665,0.8085828959555418,0.765485792568017,0.6190720046820418,0.911899580453992,0.09486069226774892,0.9227562676160806,0.8426352214768996,0.7225888920773225,0.9626815508764768,0.21944046123038863,0.9659033339959856,0.5183631517498922,0.3761512068861735,0.660575096613611,0.012940442232920221,0.7182394040725335,0.6320862114039666,0.48713885985908373,0.7770335629488495,0.029087234967725414,0.8160014513788099,0.768806160493523,0.6236153026004301,0.9139970183866158,0.0971154103242094,0.9245496270589642,0.8430945937279666,0.723173842869787,0.9630153445861461,0.22130186132973836,0.9661901256980798
semseg-spunet-pheno4d-tomato,3,Tomato02,T02_0319_a,1542285,0.8983356889767025,0.8163234128689143,0.9803479650844906,0.9841261504845084,0.5479982934026126,0.38478708791208793,0.7112094988931374,0.019015292244948242,0.7553449040133665,0.6369050933376468,0.4861429277276198,0.7876672589476738,0.04277873415095135,0.8224987495642421,0.7788281075871362,0.6666487223657767,0.8910074928084957,0.1381411347448753,0.9100130014597306,0.8479233179286942,0.7421381054483479,0.9537085304090407,0.3061658513180119,0.9589978716420123,0.5432675264939593,0.3846482605350885,0.7018867924528301,0.020176556213669976,0.7577607815412302,0.6329712123598064,0.48945354218583126,0.7764888825337813,0.04548056941486171,0.8212534215328468,0.7823070792360755,0.6873530399731274,0.8772611184990236,0.14997682010782704,0.9044689525176497,0.8524231805914542,0.7606101893471534,0.944236171835755,0.3371704970222754,0.9538107701153625,0.5730992861156199,0.3844570252187339,0.7617415470125057,0.023904142230521595,0.790707136463504,0.6602021516674705,0.48601194485607796,0.8343923584788632,0.05405875049034387,0.8558903255211456,0.7919888088453555,0.6685460417149892,0.9154315759757217,0.1712874079693442,0.927426620333568,0.8511933171371622,0.7421381054483479,0.9602485288259764,0.3507931413454712,0.9642122423630788,0.5378442441084949,0.37259946705871544,0.7030890211582743,0.017553175969421995,0.7475620567375887,0.6273933776603338,0.4718895307876568,0.7828972245330107,0.04080892960769248,0.8175535041865933,0.7751769524452496,0.662027435141724,0.8883264697487754,0.13490891761250354,0.9078570467347213,0.8469652042809297,0.7413417526057464,0.9525886559561129,0.29961582975909123,0.9581015077051589,0.552732683063293,0.3893981666002391,0.7160671995263469,0.020689431590140604,0.7595349274499358,0.6426071076241393,0.4947579270371633,0.7904562882111154,0.045070139435966765,0.8254520867200875,0.7847425890019363,0.6758845697536464,0.8936006082502261,0.14195041772435055,0.9124278301542059,0.8548757187812264,0.755432728031182,0.9543187095312706,0.31235212687667974,0.959809937393095
semseg-spunet-pheno4d-tomato,3,Tomato02,T02_0321_a,1774166,0.8970552726136175,0.8084726719978851,0.9856378732293499,0.9881921984752272,0.45212851768159157,0.3166830708661417,0.5875739644970415,0.009080886455946062,0.6528458816957359,0.5077401832751026,0.3422540324671957,0.6732263340830096,0.025783382163788508,0.7201162994053865,0.729856951398935,0.5829897592764995,0.8767241435213706,0.10178190766816633,0.8943392882853947,0.8288598103719094,0.705064106496534,0.9526555142472849,0.25688689784383195,0.9571594698964367,0.47966444849981876,0.37175493250259606,0.5875739644970415,0.010537909079533708,0.6743153615746684,0.5393493733162974,0.40547241254958527,0.6732263340830096,0.028904285168355158,0.740449679218424,0.7450035177463936,0.6132828919714166,0.8767241435213706,0.110363968196888,0.8999662928234357,0.8383422421771924,0.7240289701070999,0.9526555142472849,0.2760034855813943,0.9590913175242405,0.5378643084398569,0.27956989247311825,0.7961587244065954,0.02012494884920577,0.8104747234280913,0.5741541167258077,0.3141837220371252,0.8341245114144904,0.05348033949472597,0.8455150026875204,0.7557357210850488,0.580890960090112,0.9305804820799856,0.17095130895305174,0.9363855771259759,0.8368856226203478,0.7050957660517397,0.9686754791889558,0.3758058716038973,0.9706468169096892,0.44458745641441233,0.3083503054989817,0.580824607329843,0.008173981465094021,0.6461867328644325,0.4909560499123166,0.32990800021520417,0.6520040996094291,0.023808369679049198,0.7024147727272727,0.7228278294362274,0.5751980085992306,0.8704576502732241,0.0968832679692881,0.8892644586268886,0.8284105362075231,0.704860897868943,0.9519601745461033,0.25341484393230396,0.9565903024911032,0.4650600278928948,0.32929114761327305,0.6008289081725166,0.01039699780065676,0.6649138024503958,0.5208785656503866,0.35544884359074874,0.6863082877100245,0.027983289049615424,0.7319072652929683,0.7371769918159179,0.5939300146161122,0.8804239690157236,0.1056992412209455,0.8977006100422337,0.8295222558895157,0.7053896799877507,0.9536548317912807,0.26204143242515077,0.9579806627160388
semseg-spunet-pheno4d-tomato,3,Tomato02,T02_0324_a,3311762,0.9643664180621045,0.9348372176861095,0.9938956184380996,0.9946973846550567,0.6047809993489788,0.5784651925578239,0.6310968061401337,0.00918785830624302,0.7550282634415669,0.7370991424241822,0.6858064151156871,0.7883918697326774,0.023160480735028664,0.8551797867069959,0.8890535873046216,0.8339233946484004,0.9441837799608428,0.08965680504818885,0.9563252301951354,0.9237276782949587,0.8715648263027296,0.9758905302871879,0.2433157938281797,0.9792195124372676,0.6059165212153595,0.5807362362905854,0.6310968061401337,0.009467769724998354,0.7537234890767023,0.7394938725344635,0.6905958753362498,0.7883918697326774,0.02378582760476145,0.8554453937262768,0.8918574837004685,0.8395311874400941,0.9441837799608428,0.09238375221407819,0.9567025000571984,0.9270030159034723,0.8781155015197568,0.9758905302871879,0.25061915681138924,0.9794889342173589,0.6857603870726943,0.5627131697656508,0.8088076043797376,0.015637597146171734,0.8465088437475863,0.7867874501425731,0.683582846993149,0.8899920532919974,0.03810207376013131,0.9110591591710584,0.8993161622185424,0.8339233946484004,0.9647089297886844,0.13037953814313952,0.9699666038268957,0.926431116440712,0.8710596395615284,0.9818025933198955,0.3129168098432194,0.9837519033953291,0.5854556673363636,0.5547120903536382,0.6161992443190889,0.008388887848824885,0.7402994744798791,0.7270671743073124,0.6735247636938307,0.780609584920794,0.021881403313402353,0.8489084536196285,0.8875315630691651,0.8324017227160267,0.9426614034223036,0.08659921818053351,0.9552922634904253,0.9241673918024425,0.8724842200886495,0.9758505635162356,0.2391705684164502,0.9792128533120559,0.6226246521343157,0.5942699667221298,0.6509793375465017,0.010192761436359256,0.7688410949164592,0.7454055584580538,0.6923662048356425,0.7984449120804651,0.024634016574862565,0.8611948714177147,0.8916915079578751,0.8374326716637162,0.9459503442520342,0.09251087487567042,0.9576400086169192,0.9245841070512415,0.87280879929483,0.976359414807653,0.24832219223482846,0.9795995544660402
semseg-spunet-pheno4d-tomato,3,Tomato02,T02_0325_a,3455376,0.9487492005354154,0.9058123694487331,0.9916860316220978,0.9927938377762652,0.627590156284914,0.5330256487856548,0.7221546637841733,0.008465359486203528,0.7889986667122492,0.7217244999495149,0.6067222767419038,0.8367267231571262,0.021337764688994773,0.8695510646955107,0.8366472737114139,0.7410894632206759,0.9322050842021518,0.08296521131130158,0.9432146395233644,0.8853492360774413,0.8007741458623071,0.9699243262925756,0.22093775033455115,0.9731642876884767,0.6306363136059625,0.5391179634277519,0.7221546637841733,0.008815249049596918,0.7890019697964543,0.7270615405789504,0.6173963580007749,0.8367267231571262,0.022161408772880288,0.8710431466778102,0.8422818933455722,0.7523587024889927,0.9322050842021518,0.08614576242932752,0.9444478039144545,0.8924622300394995,0.8150001337864233,0.9699243262925756,0.23056419909150264,0.9739621381573167,0.6685076153793654,0.518014705882353,0.8190005248763778,0.012515859344974324,0.8484287927486299,0.7456930710972154,0.596448943520527,0.8949371986739038,0.0319704715203208,0.9090341269122839,0.8471269795079513,0.740751927509737,0.9535020315061657,0.11498748616648376,0.9589479645126785,0.8881771953577513,0.8007741458623071,0.9755802448531954,0.2666022453128111,0.9777597097733309,0.613717516475708,0.5178968156010861,0.7095382173503298,0.007657053819902668,0.7785546904527931,0.7187541426898382,0.6041479964153117,0.8333602889643646,0.020202432383624822,0.8671193433323305,0.8371756445868495,0.7423286215667966,0.9320226676069022,0.08147130731937711,0.9431466996312794,0.884914105279845,0.8001716855423214,0.9696565250173685,0.21910842698450184,0.9729402379071777,0.6370690586686547,0.5440546885789256,0.7300834287583837,0.009357592343061941,0.7957877157172017,0.7283988428466961,0.6177857197171318,0.8390119659762603,0.022770025606475244,0.8722276592229184,0.8371037492416131,0.7413502696521564,0.9328572288310698,0.08601755641064822,0.9436853810102179,0.8864139794724526,0.8023446545735238,0.9704833043713815,0.22491676737929533,0.973637753290134
semseg-spunet-pheno4d-tomato,4,Tomato01,T01_0305_a,1962709,0.947624170287229,0.9028021015761821,0.992446238998276,0.9993213461598229,0.5907484156843834,0.6194831013916501,0.5620137299771167,0.001907058050887829,0.7443227357734438,0.8032323259851484,0.7941055234954658,0.8123591284748309,0.004675680398877266,0.8911408957175547,0.9015506764024666,0.8438818565400844,0.9592194962648487,0.015232517912742032,0.9665852761146604,0.9295477583602081,0.8737360970677452,0.9853594196526709,0.03828789698320026,0.9867062330334806,0.6050834723756993,0.6481532147742818,0.5620137299771167,0.0035349101675286555,0.8146439896223696,0.8097975092446514,0.8072358900144718,0.8123591284748309,0.009445618275556896,0.9281514644802848,0.9115880955943791,0.8639566949239097,0.9592194962648487,0.035712884589615676,0.9809969469569435,0.9388484780125624,0.8923375363724539,0.9853594196526709,0.10560709712952862,0.9935737856770682,0.5907484156843834,0.6194831013916501,0.5620137299771167,0.001907058050887829,0.7443227357734438,0.8032323259851484,0.7941055234954658,0.8123591284748309,0.004675680398877266,0.8911408957175547,0.9015506764024666,0.8438818565400844,0.9592194962648487,0.015232517912742032,0.9665852761146604,0.9295477583602081,0.8737360970677452,0.9853594196526709,0.03828789698320026,0.9867062330334806,0.5839881981094674,0.6144726083401472,0.5535037878787878,0.0018418420662461934,0.7391424619640388,0.7980822969100632,0.7902582406046609,0.8059063532154653,0.004540153430793867,0.8878913702165863,0.9010654667810332,0.8437108886107635,0.9584200449513027,0.014988976970095923,0.9660423535810191,0.9292421908064806,0.8732876712328768,0.9851967103800845,0.03789150607655032,0.9865671641791045,0.6018457512674937,0.6249036237471087,0.5787878787878787,0.0020028440283302315,0.7524802849147799,0.8097312159300024,0.7993975903614458,0.8200648414985591,0.004857062356161815,0.8952061260883247,0.902158652980389,0.8444894146948941,0.9598278912658839,0.015434279865227092,0.9670220843099065,0.9302840578103951,0.8751093886735842,0.985458726947206,0.038569650416847324,0.9868033447378503
semseg-spunet-pheno4d-tomato,4,Tomato01,T01_0307_a,1921834,0.8521355749354261,0.7680469036277024,0.9362242462431498,0.9963768983169202,0.471517193726804,0.47256905032160423,0.4704653371320038,0.004039370726087685,0.6408604920778049,0.586124390959041,0.5914861837191935,0.5807625981988886,0.008728121159267658,0.7391200667700012,0.703016095511017,0.6096534798106702,0.7963787112113637,0.022498821438271983,0.8455098406531141,0.7790975260151554,0.6581546491991198,0.900040402831191,0.041464559374014616,0.9161730749924706,0.5030033884692082,0.5355414398064126,0.4704653371320038,0.005130515955072083,0.6885395537525355,0.6076754167465032,0.6345882352941177,0.5807625981988886,0.012555194673421326,0.8069128434663683,0.727636276685386,0.6588938421594083,0.7963787112113637,0.04511315753597865,0.9196885813148789,0.8172145557928605,0.7343887087545299,0.900040402831191,0.11480388004374988,0.9684409474514354,0.471517193726804,0.47256905032160423,0.4704653371320038,0.004039370726087685,0.6408604920778049,0.586124390959041,0.5914861837191935,0.5807625981988886,0.008728121159267658,0.7391200667700012,0.703016095511017,0.6096534798106702,0.7963787112113637,0.022498821438271983,0.8455098406531141,0.7790975260151554,0.6581546491991198,0.900040402831191,0.041464559374014616,0.9161730749924706,0.4689639773157328,0.47180599369085174,0.4661219609406138,0.003856212347164219,0.6385103224935906,0.5794233273561425,0.5849422722421656,0.5739043824701195,0.008361284065116966,0.7337731034911942,0.7017004934932425,0.6095165721634419,0.793884414823043,0.022289125907856765,0.8440564011579046,0.7788345776614685,0.6581021598935408,0.8995669954293962,0.04129909242941898,0.9158372180924783,0.47992794589614124,0.48238002479192493,0.47747586700035755,0.004328157374674399,0.6485934118778552,0.5953324464265632,0.6015659756206068,0.5890989172325197,0.009188618788095121,0.7464182569794439,0.7053647313683439,0.6108133302260546,0.7999161325106332,0.022827153645944447,0.8477319352632778,0.7800120653844964,0.6591662839940813,0.9008578467749117,0.04178144418300436,0.9168088471549373
semseg-spunet-pheno4d-tomato,4,Tomato01,T01_0309_a,2177884,0.9666528766600999,0.9430973515190878,0.990208401801112,0.9985518053303114,0.5760260524846158,0.40571663582150935,0.7463354691477223,0.006137149636987094,0.7837797396378872,0.7646956726909164,0.647775746496039,0.8816155988857939,0.013649487300517384,0.9027819827093215,0.9124656295617914,0.8682530999270606,0.9566781591965222,0.03937583452562212,0.9662997341293904,0.934576688320135,0.890418230766314,0.978735145873956,0.07318479772109075,0.9818681456571385,0.6394073054916204,0.5324791418355185,0.7463354691477223,0.007999507779110366,0.819882906669728,0.8219772667023348,0.7623389345188758,0.8816155988857939,0.01962914461927265,0.9262222222222222,0.9316546509422516,0.9066311426879811,0.9566781591965222,0.06182514771218302,0.9765759610243004,0.9549960465970988,0.9312569473202414,0.978735145873956,0.13702520428085244,0.9894311803635755,0.5767015167932411,0.40571663582150935,0.7476863977649729,0.006165158474923366,0.7847620466224771,0.7657950855982647,0.647775746496039,0.8838144247004904,0.01386161981078882,0.9042697671337242,0.9125474689785087,0.8682530999270606,0.9568418380299568,0.039492002328866,0.9663988652350335,0.9345839591308591,0.890418230766314,0.9787496874954044,0.07322749971991162,0.9818787190950646,0.5616480488740445,0.39029535864978904,0.7330007390983001,0.005819410032857581,0.7719741202461733,0.7539341041438878,0.6319877753724691,0.8758804329153066,0.012969928609604551,0.8976882500796545,0.9114876579883824,0.8667035653337023,0.9562717506430625,0.03897406840768379,0.9659523332665731,0.9342625297118619,0.8898963730569949,0.9786286863667288,0.07281655037642042,0.981776449371319,0.5910122348989149,0.4214214214214214,0.7606030483764082,0.006509529433156219,0.7961486915426395,0.773276602487065,0.6591579195659866,0.8873952854081434,0.014350626571479473,0.9075318359250016,0.9128052750077142,0.8682831229205596,0.957327427094869,0.039844179028818795,0.9666958606066194,0.9346769764144987,0.8904514612789508,0.9789024915500464,0.07368344686861192,0.9819908521006518
semseg-spunet-pheno4d-tomato,4,Tomato01,T01_0311_a,2080173,0.9121985473514825,0.8401840711358244,0.9842130235671407,0.9962955004223206,0.39602027708508947,0.2099521817095039,0.582088372460675,0.006757130296374388,0.6238616960728515,0.5650501792827913,0.3571508317517026,0.7729495268138801,0.013729146566175025,0.79838229629889,0.7204890843667919,0.5163600723763571,0.9246180963572268,0.0442025735359511,0.9302330639811199,0.8165307884247158,0.6638016875425816,0.96925988930685,0.10640989956123842,0.9710188795171469,0.4246786176862355,0.26726886291179597,0.582088372460675,0.007336889768302925,0.6385794784431923,0.6456108429068599,0.5182721589998397,0.7729495268138801,0.01670918716856723,0.8270613959376258,0.8076780013811551,0.6907379064050833,0.9246180963572268,0.058924906726507846,0.9456002088534273,0.8813141714894956,0.7933684536721413,0.96925988930685,0.1522229160747688,0.978942049581557,0.4641404888300955,0.20564988290398126,0.7226310947562098,0.010081373039646221,0.7412140575079872,0.5956823858554783,0.3470007593014427,0.844364012409514,0.02013246013672901,0.8562525370710857,0.7292805155192774,0.5163600723763571,0.9422009586621977,0.056647692283286054,0.9455603927459117,0.8181339221536829,0.6638016875425816,0.9724661567647841,0.11809210099352313,0.9738858222200512,0.39732867239427483,0.20983810709838108,0.5848192376901685,0.006525418799301789,0.6260498010903197,0.5611041900896724,0.35240040858018384,0.7698079715991609,0.013408980887647326,0.7954325458000215,0.7174187658890059,0.5120559823533886,0.9227815494246232,0.04317333221804148,0.9285698378763585,0.8156715839168098,0.662315102384587,0.9690280654490327,0.1056186192206129,0.9708017569012994,0.40386583425870104,0.21805816813775142,0.5896735003796507,0.007055663158785351,0.6318048647543776,0.5699989486441743,0.3606231355651309,0.7793747617232177,0.014178628412156105,0.8037906014782668,0.7232141315188898,0.5204813873523696,0.9259468756854099,0.04499145023034142,0.9314563521743776,0.8166407683153916,0.6638016875425816,0.9694798490882016,0.10713291634878445,0.9712144668057706
semseg-spunet-pheno4d-tomato,4,Tomato01,T01_0313_a,1924288,0.9295446143120834,0.8729245307921759,0.9861646978319908,0.9949965909468853,0.4923765295223877,0.3224292800643518,0.6623237789804236,0.00902775468121196,0.7090720699976975,0.6552685719236595,0.5358782849239281,0.774658858923391,0.024379926497488942,0.821183442042887,0.8333566357696038,0.7487517085553292,0.9179615629838783,0.07100392456846376,0.9340784003747292,0.8952267812036725,0.8260719291845081,0.964381633222837,0.1545132537333289,0.969535327987946,0.5168697496049087,0.3714157202293939,0.6623237789804236,0.010564426946486181,0.7250233656352993,0.6721584071711497,0.5696579554189085,0.774658858923391,0.02757279575614461,0.8311658939274003,0.843263423284066,0.7685652835842537,0.9179615629838783,0.08416931353310939,0.9408703061136288,0.9034045248370085,0.84242741645118,0.964381633222837,0.1900240504539861,0.9736696010785947,0.5512670634922465,0.30006238303181537,0.8024717439526777,0.01600903814813583,0.8178926183211063,0.7027436023828184,0.5346950041402153,0.8707922006254215,0.038934920344563806,0.88749632951603,0.8474381456726713,0.7487517085553292,0.9461245827900133,0.10082898194033325,0.953577907887684,0.8999161481364295,0.8260719291845081,0.9737603670883509,0.20174942628130507,0.9766681091328717,0.48184588344511836,0.3054488547446294,0.6582429121456073,0.008539262314165031,0.7028967867575463,0.6347829144024688,0.5088254266111535,0.7607404021937842,0.02270190324940965,0.808263706077601,0.8314971441857681,0.7470014887222269,0.9159927996493094,0.06953792779459207,0.9326886429366793,0.8949666224337415,0.8257674848041856,0.9641657600632974,0.15366982489107658,0.9693681202549839,0.5081278422061197,0.3433228840125392,0.6729328003997003,0.009743863704393521,0.7206933333333333,0.6650181539319415,0.5477525061981244,0.7822838016657585,0.02531014068580171,0.827714356110381,0.8355756376892054,0.7519266762083012,0.9192245991701096,0.0721825423221472,0.9351115910727141,0.8959334678770048,0.8272000610465671,0.9646668747074426,0.15575683057837497,0.9697785607281438
semseg-spunet-pheno4d-tomato,4,Tomato01,T01_0315_a,2438364,0.9509592141112425,0.9101514452644527,0.9917669829580323,0.9961654617604263,0.5161930195068499,0.382654787414007,0.6497312515996928,0.007800722123522165,0.7122128174123338,0.6778819268894695,0.5609537669316019,0.794810086847337,0.0197878577603672,0.8374300518134715,0.8770541455604961,0.8093947408686528,0.9447135502523395,0.07987035569750865,0.9552253367085488,0.9184909957757611,0.8590296975281698,0.9779522940233524,0.18399344806599835,0.9805636107105203,0.5346412058683135,0.4195511601369342,0.6497312515996928,0.00974423834997564,0.7430976430976431,0.6913352997341593,0.5878605126209815,0.794810086847337,0.023629777998690926,0.8529279044742962,0.8836958864311442,0.8226782226099489,0.9447135502523395,0.09110083646248059,0.957908858047061,0.925936772685894,0.8739212513484358,0.9779522940233524,0.21227019427780267,0.9819355786024514,0.5813326181574315,0.382654787414007,0.780010448900856,0.011596299814137677,0.8064082614231151,0.715858710634431,0.5609537669316019,0.8707636543372601,0.02900182253346916,0.8890790050482911,0.8847336348347733,0.8093947408686528,0.9600725288008938,0.10475261281744645,0.9658608202016248,0.9206979510582983,0.8590296975281698,0.9823662045884268,0.22459403107985518,0.9840771891125955,0.5054037007525212,0.3758999173846335,0.6349074841204088,0.007246251995190218,0.7007187729922463,0.672558956856744,0.5548390811215383,0.7902788325919496,0.019072213992660653,0.8337383077088485,0.876185866112013,0.8083642836736039,0.9440074485504222,0.07895375751938595,0.954705534027987,0.9182179609745931,0.8586114083730584,0.9778245135761278,0.18298375468141753,0.9804563618800441,0.5355646930407667,0.41050886102186757,0.6606205250596658,0.008497910894353755,0.7254958737512668,0.6897576109967217,0.5791285010854027,0.8003867209080407,0.020817236474947955,0.8434003152088259,0.8787257788199374,0.8119352125434037,0.9455163450964711,0.08107690238208898,0.9558916512810137,0.919132982653897,0.8601847101077476,0.9780812552000463,0.18515734320224544,0.9806857874417749
semseg-spunet-pheno4d-tomato,4,Tomato01,T01_0317_a,2450405,0.9032043565916839,0.8247990245498836,0.981609688633484,0.9864169392406561,0.4814123702477501,0.4352586074589451,0.5275661330365551,0.013006829483289496,0.6536458333333334,0.6177035438914902,0.560669561071097,0.6747375267118833,0.031079760284524395,0.7701357703721211,0.7783479656713372,0.6966166746626061,0.8600792566800685,0.11211493610239939,0.8940912251071064,0.8470457716239164,0.748044167556285,0.9460473756915476,0.27820380712576087,0.9534730208651161,0.48086491705208534,0.43416370106761565,0.5275661330365551,0.015402351856121743,0.6671877483970113,0.6282780535964749,0.5818185804810665,0.6747375267118833,0.035858970251856324,0.7829496181816112,0.7859963613231465,0.7119134659662246,0.8600792566800685,0.12344694040372918,0.898636341096547,0.8563919254383638,0.76673647518518,0.9460473756915476,0.30020425195018785,0.9547539361248032,0.5641802920679055,0.4341037808051431,0.6942568033306681,0.018274122032888442,0.7523169342772281,0.6806795991904978,0.5584272752268353,0.8029319231541603,0.04569734390845595,0.8422354590674871,0.8051020461963654,0.6962100523254602,0.9139940400672705,0.16557467030960188,0.9281483763633003,0.8548163301669958,0.748044167556285,0.9615884927777064,0.3752595999436828,0.965506591353484,0.4732637999094909,0.428625134264232,0.5179024655547498,0.012262054639947274,0.6459213898226113,0.61085164215154,0.5541478833100161,0.667555400993064,0.029852208104374583,0.7647436773752563,0.7776416497097101,0.6969459343600681,0.8583373650593519,0.11071108653467487,0.8931390003944163,0.8461477827778894,0.7466149630650408,0.945680602490738,0.2762951430477819,0.9531516095918232,0.49008121562753637,0.44623172635662584,0.5339307048984469,0.014097261473103426,0.6611567855488653,0.6264410299732005,0.5712514307516215,0.6816306291947795,0.03282192127423834,0.7764432342372586,0.779348297430581,0.6968590061086346,0.8618375887525274,0.11435089301564436,0.8951307252521359,0.8481096186980306,0.7497190611101439,0.9465001762859172,0.2805768842293417,0.953866539059557
semseg-spunet-pheno4d-tomato,4,Tomato01,T01_0319_a,2476596,0.9504515298128107,0.9097784094115715,0.9911246502140497,0.9928995282234163,0.47451517696101597,0.3556833558863329,0.593346998035699,0.01157839227714169,0.667898866608544,0.6565346129158132,0.559366289121767,0.7537029367098593,0.026873983483781772,0.8123685317627262,0.8563585161894512,0.8017490266546871,0.9109680057242154,0.10207680219139496,0.9345379603881283,0.9133393180132985,0.8587841235479114,0.9678945124786855,0.24906847947747635,0.973138988590271,0.4961943751301014,0.3990417522245038,0.593346998035699,0.013651398936281896,0.6883670028690585,0.6753293074834179,0.5969556782569766,0.7537029367098593,0.03136442116517995,0.8261518853714742,0.8599244093644036,0.8088808130045917,0.9109680057242154,0.11396489374932367,0.9377668337791635,0.9167879222949493,0.865681332111213,0.9678945124786855,0.27465601979491205,0.9741477656965769,0.5470276445906018,0.3556833558863329,0.7383719332948707,0.016819860808949056,0.7713894757057806,0.6981251304802398,0.559366289121767,0.8368839718387127,0.03731411986452372,0.8648660347141064,0.8652688797669523,0.8017490266546871,0.9287887328792175,0.12085903393205835,0.9447111610021415,0.9154153268080771,0.8587841235479114,0.9720465300682429,0.28002023745495835,0.9761080437262165,0.46465091312376705,0.3436274160188289,0.5856744102287053,0.010914174132559368,0.65952645209027,0.6476904236686716,0.5462681092976344,0.7491127380397088,0.025923889080011434,0.8073142999548307,0.8542953171928902,0.798744968320179,0.9098456660656015,0.10063934529491286,0.9336029497317878,0.9131976089941378,0.8587335555763967,0.967661662411879,0.2475510741356281,0.9729743395684768,0.4914420635249679,0.3762683916793506,0.6066157353705852,0.012490531358364464,0.6820650417016875,0.6711462639823392,0.5790745277004128,0.7632180002642657,0.028359086423461882,0.8213970441666429,0.8587759426753637,0.8046647230320699,0.9128871623186575,0.10423339131614523,0.9358923701499938,0.9137327509787647,0.8591909577632362,0.9682745441942933,0.2517015290342066,0.9734199816158482
semseg-spunet-pheno4d-tomato,4,Tomato01,T01_0321_a,1672545,0.9669160900775677,0.9404224650078808,0.9934097151472546,0.994486247006807,0.5975566516605434,0.483980996467292,0.7111323068537948,0.011319874801574845,0.7760523952886494,0.7304409033322561,0.6377957658779576,0.8230860407865545,0.026489571282088075,0.868615280442388,0.8812528130417627,0.8246033981038206,0.9379022279797049,0.09649067738087765,0.9536635994671128,0.9256728658480717,0.8782966438108986,0.973049087885245,0.22941146576026356,0.9780167369905213,0.6040656795930551,0.49699905233231545,0.7111323068537948,0.013172739746912639,0.7829974582425563,0.7386679320252312,0.6542498232639078,0.8230860407865545,0.03022878308206954,0.8741668150082083,0.8845578191239973,0.8312134102682897,0.9379022279797049,0.1056569479445994,0.9546221055252495,0.9282896531083223,0.8835302183313997,0.973049087885245,0.24276297498722008,0.9782332427000827,0.6553730690861217,0.476264684727883,0.8344814534443603,0.018340313713532373,0.857440912795436,0.7543037499343206,0.6159350571256765,0.8926724427429646,0.04242516643797327,0.9099185433636799,0.8846013255182573,0.8133984582976458,0.9558041927388689,0.13360955908510683,0.9639053466268102,0.9288778774114097,0.8781572034754496,0.9795985513473697,0.28885321471171177,0.9825157310813049,0.5820034180652403,0.4654741549388399,0.6985326811916407,0.010352486779130008,0.7650591972278371,0.7219072705152993,0.6263251465068809,0.8174893945237177,0.024984081145798767,0.8640964893387896,0.8779617169187379,0.8194206190050497,0.9365028148324261,0.09417265305268319,0.9525230464484343,0.9248749443044573,0.8770507342540067,0.9726991543549077,0.22663246728787567,0.977747175197136,0.6134759424275276,0.5021468926553673,0.724804992199688,0.012406841071540676,0.7874801214399306,0.7403288956571951,0.6498706491063029,0.8307871422080872,0.02835678561712839,0.8743569199628911,0.8811999646890778,0.8235958683021304,0.9388040610760252,0.09962960637830372,0.9540612716416119,0.9259370691717134,0.8783510807145124,0.9735230576289143,0.23272497899907027,0.9783297323265929
semseg-spunet-pheno4d-tomato,4,Tomato01,T01_0324_a,2932759,0.9503541358299541,0.907155110397875,0.9935531612620331,0.9941287367969888,0.5782734418464713,0.4904899731238371,0.6660569105691057,0.006650734001668736,0.7472955652396821,0.7564383830767782,0.6774030439399302,0.8354737222136263,0.017790415100592993,0.8777192141830379,0.9132983202087066,0.8664732299617439,0.9601234104556694,0.07776568071225765,0.9683208516758159,0.9323890393152856,0.8824778978388998,0.9823001807916714,0.20877133102310827,0.9843681607640998,0.5897721820350166,0.5181945090739879,0.6613498549960454,0.007458164820225596,0.7537603438028619,0.766620718995456,0.7011892083777068,0.8320522296132052,0.020225323662803524,0.8791051318362668,0.9159208067993658,0.8735286834502682,0.9583129301484634,0.08518190550263421,0.9675683897877655,0.9270908806863323,0.8757107612159973,0.9784710001566673,0.22554188734907982,0.9815876999365041,0.6746270473635974,0.47683649884433726,0.8724175958828575,0.015531450078236909,0.885708013172338,0.7876484990895498,0.6460433042388002,0.9292536939402993,0.03994463916059929,0.9373442141564516,0.9030211687622443,0.8321534394350704,0.9738888980894181,0.13952697783895643,0.976881663933685,0.9296164104606575,0.8728506130740767,0.9863822078472382,0.2877495218666109,0.9875399928901528,0.5668634432962747,0.4786105216128672,0.6551163649796823,0.006076189690322321,0.7380471380471381,0.7467246286818998,0.6643446575929697,0.82910459977083,0.016725547513450643,0.8722987849628965,0.9111456246042987,0.8633887043189369,0.9589025448896605,0.07521074864999136,0.9673761759038876,0.9328840912857271,0.8835600389695273,0.982208143601927,0.20527019097034568,0.9843158230455409,0.6030531507455024,0.5185495898583147,0.68755671163269,0.007533520483612871,0.7662261247397484,0.7751850574724405,0.7043074401238503,0.8460626748210307,0.019658621796063026,0.887362542061262,0.915052814071979,0.8684157857389786,0.9616898424049795,0.08064215300336645,0.9694212360044651,0.932766154028974,0.8830405792508258,0.9824917288071223,0.21145003731980705,0.9845274876961679
semseg-spunet-pheno4d-tomato,4,Tomato01,T01_0325_a,3011661,0.9422407729601145,0.8979121708392358,0.9865693750809933,0.9886408198001037,0.533413577304887,0.43576080521018357,0.6310663493995905,0.00771235540786297,0.7127911482326603,0.7200004244127496,0.6530521478077166,0.7869487010177827,0.020434902865893605,0.8478949677461287,0.8919303418243375,0.8487290089796804,0.9351316746689946,0.07783113703700384,0.9524234111629216,0.9301393025389402,0.8883081905189413,0.9719704145589391,0.2015618623742845,0.9770458424212073,0.5113498673191942,0.4388672460293677,0.5838324886090206,0.00940676922136987,0.6965407695022944,0.6513740275972923,0.6028574067801828,0.699890648414402,0.02526778412311346,0.798720071486767,0.844668440663032,0.7992797573919637,0.8900571239341005,0.0909737184895644,0.9254513070201692,0.8990940065343255,0.847320139021704,0.950867874046947,0.22760828659002458,0.962693240784911,0.6031301652836406,0.4331595762569363,0.7731007543103449,0.011572351602653817,0.806553425915299,0.7584479485311433,0.6471214568952857,0.869774440167001,0.030349033307533618,0.894847977593243,0.900782674546929,0.8447198261315623,0.9568455229622956,0.10924104671807351,0.9650361553448815,0.9328936692047156,0.8878882808681788,0.9778990575412524,0.24664462567334106,0.9811620737469878,0.5229267752421437,0.4230095027216533,0.6228440477626341,0.007028347480011861,0.7045400859828979,0.7010718294883638,0.625986815333279,0.7761568436434486,0.018741485180436973,0.8371631557500487,0.8880214144987759,0.8426691197282763,0.9333737092692755,0.07514623989884651,0.9508782007379095,0.9296490361993895,0.8877453443329714,0.9715527280658077,0.19776262999056002,0.9767425460968377,0.5530137056444056,0.46187298492914447,0.6441544263596666,0.008738699342323056,0.727296907059807,0.7379922957983722,0.6784260971918614,0.797558494404883,0.02236871945414839,0.8580610684756632,0.896392712748823,0.8551733921409319,0.9376120333567142,0.08167187475615616,0.9543436544591166,0.9301301749440143,0.8879313099041534,0.9723290399838752,0.2049536783854491,0.9772685665960849
semseg-spunet-pheno4d-tomato,4,Tomato02,T02_0305_a,1518307,0.975019580068189,0.9539757148452801,0.9960634452910979,0.999842587829734,0.8436977769435123,0.8297655453618756,0.8576300085251491,0.0013086944866881336,0.9159536990437847,0.9197338594127584,0.8978593272171254,0.9416083916083916,0.0028505434013015815,0.9614140480591498,0.9557650663887445,0.9256455921638468,0.9858845406136422,0.009161520035144408,0.9879942487419123,0.9766128589796405,0.958457711442786,0.9947680065164949,0.02356045253035124,0.9953315442245332,0.838151424015661,0.8186728395061729,0.8576300085251491,0.001829669493718991,0.9154067674586033,0.9204829966607269,0.8993576017130621,0.9416083916083916,0.00485935980009313,0.9681485497424777,0.9677005946892057,0.949516648764769,0.9858845406136422,0.028126064096391575,0.9944970026227051,0.9743718606808875,0.9539757148452801,0.9947680065164949,0.09465674596771272,0.998364853393451,0.8436977769435123,0.8297655453618756,0.8576300085251491,0.0013086944866881336,0.9159536990437847,0.9197338594127584,0.8978593272171254,0.9416083916083916,0.0028505434013015815,0.9614140480591498,0.9557650663887445,0.9256455921638468,0.9858845406136422,0.009161520035144408,0.9879942487419123,0.9766128589796405,0.958457711442786,0.9947680065164949,0.02356045253035124,0.9953315442245332,0.8391052010144803,0.8290685772773797,0.8491418247515808,0.0012625905037650488,0.9128847157016171,0.9188214061685063,0.897671568627451,0.9399712437095614,0.0027971945067762974,0.9606781257358136,0.9556866538718558,0.9256455921638468,0.9857277155798649,0.009075898352572965,0.9878809869375907,0.9765877879076279,0.958457711442786,0.9947178643724697,0.02336088814712703,0.9952916631424624,0.8528072598902574,0.8365949119373777,0.8690196078431373,0.001402878337516721,0.9215962441314554,0.9218883520640268,0.898910411622276,0.9448662925057775,0.0029730482702114923,0.9630039875941515,0.9559024378113514,0.9257447754557581,0.9860601001669449,0.009261631540920249,0.9881240221874555,0.9766208662158178,0.958457711442786,0.9947840209888497,0.02362499810644356,0.9953442988569835
semseg-spunet-pheno4d-tomato,4,Tomato02,T02_0307_a,2660027,0.9594526398330767,0.933257055682685,0.9856482239834684,0.9994736895527753,0.6903903221467209,0.7676991150442478,0.6130815292491939,0.0018597555588721467,0.8302001212856277,0.7995052177042101,0.8380952380952381,0.7609151973131822,0.004007478119582996,0.8931519699812382,0.9123895923209592,0.8881908314518504,0.936588353190068,0.010154032271101008,0.957830433172899,0.9522095585585177,0.9270246027678114,0.977394514349224,0.02438133146768811,0.982437745740498,0.7111665442503765,0.8092515592515592,0.6130815292491939,0.0032116215361723773,0.8711225564789886,0.8117695405661192,0.8626238838190561,0.7609151973131822,0.0077890186828930685,0.9324291712920508,0.9252119510903565,0.913835548990645,0.936588353190068,0.03595940943456589,0.9853637627675034,0.9553257850159544,0.933257055682685,0.977394514349224,0.1041049583331297,0.9949444247838741,0.6903903221467209,0.7676991150442478,0.6130815292491939,0.0018597555588721467,0.8302001212856277,0.7995052177042101,0.8380952380952381,0.7609151973131822,0.004007478119582996,0.8931519699812382,0.9123895923209592,0.8881908314518504,0.936588353190068,0.010154032271101008,0.957830433172899,0.9522095585585177,0.9270246027678114,0.977394514349224,0.02438133146768811,0.982437745740498,0.6843242797344262,0.7634878973461651,0.6051606621226875,0.00175637314959585,0.8264126712328768,0.7930193536818106,0.8364237458674716,0.7496149614961496,0.003896201053598328,0.8901968351987649,0.9114312344813023,0.8881908314518504,0.9346716375107542,0.00995591398132425,0.9569912774232526,0.9519911911494374,0.9270246027678114,0.9769577795310636,0.02402231255547406,0.9821752738654147,0.6916967239330546,0.7684154742978272,0.614977973568282,0.0019435892943943803,0.8309477756286267,0.8040272078104118,0.8394644115574348,0.7685900040633888,0.00408943217493657,0.8952932524361096,0.9127162763794048,0.8881908314518504,0.937241721306959,0.01022433230940889,0.9581203809243667,0.9522673611133953,0.9270246027678114,0.9775101194589791,0.024478698900424693,0.9825076020517861
semseg-spunet-pheno4d-tomato,4,Tomato02,T02_0309_a,2530683,0.8712502996931651,0.7740168058372626,0.9684837935490677,0.9966100060734592,0.7641942181672585,0.7914206128133705,0.7369678235211465,0.005619036441940772,0.8683544303797468,0.8294153121254806,0.8384230287859825,0.8204075954649788,0.010975297972918774,0.907038703870387,0.7671198826813304,0.6870409947542258,0.847198770608435,0.027814625537848872,0.8855803381162097,0.8299798469221569,0.7238727140687925,0.9360869797755212,0.060382908487550596,0.9452588181401741,0.7647647391273196,0.7925616547334925,0.7369678235211465,0.006984675678463087,0.8819868748585653,0.8332722546992515,0.8461369139335241,0.8204075954649788,0.016540989132182892,0.9332059245102723,0.7905749620973442,0.7339511535862535,0.847198770608435,0.06094560243222877,0.9463931428867824,0.8550518928063919,0.7740168058372626,0.9360869797755212,0.15998487364873434,0.9788105347135261,0.7641942181672585,0.7914206128133705,0.7369678235211465,0.005619036441940772,0.8683544303797468,0.8294153121254806,0.8384230287859825,0.8204075954649788,0.010975297972918774,0.907038703870387,0.7671198826813304,0.6870409947542258,0.847198770608435,0.027814625537848872,0.8855803381162097,0.8299798469221569,0.7238727140687925,0.9360869797755212,0.060382908487550596,0.9452588181401741,0.7514354571135757,0.7680976960846028,0.7347732181425486,0.005155130057774917,0.8588072972558639,0.8297221025285033,0.8369318550217208,0.8225123500352858,0.010699878254210425,0.907120171356821,0.767697558816093,0.688312699525033,0.8470824181071531,0.027674347201921377,0.8856857285642893,0.8295261884765133,0.7232789705249926,0.935773406428034,0.0601047227171479,0.9450054567209709,0.7648184033231882,0.7902517407605785,0.739385065885798,0.00588378710411379,0.8685023505708529,0.8272211240279086,0.8344678217821783,0.8199744262736389,0.011200138460644814,0.9056237651707593,0.7666208720154477,0.6849336274623631,0.8483081165685324,0.02820029217408897,0.8859260712384048,0.8302476002064852,0.723909168922041,0.9365860314909294,0.06079149383782955,0.9456267387743429
semseg-spunet-pheno4d-tomato,4,Tomato02,T02_0311_a,2801320,0.9473177287240102,0.9066734741634225,0.9879619832845978,0.9984339525652193,0.4622500940061204,0.35295560461123376,0.571544583401007,0.0027115788271243556,0.6527119536598209,0.6153995239836885,0.5645552858088723,0.6662437621585046,0.006046792226521783,0.7670464608300372,0.8724227358221435,0.8337824183226675,0.9110630533216193,0.022915982465409164,0.9384998831684711,0.9241854055938592,0.8790885703785373,0.9692822408091811,0.05612675453000728,0.9748901284114254,0.5295691276705284,0.48759367194004993,0.571544583401007,0.0043925720731655075,0.7499390491670053,0.6634893859148423,0.6607350096711799,0.6662437621585046,0.012776476803792498,0.8774831661590903,0.8860818052828967,0.8611005572441742,0.9110630533216193,0.046493081832850225,0.9663165491930407,0.936434448170403,0.903586655531625,0.9692822408091811,0.11335191980923279,0.9861842001669108,0.4622500940061204,0.35295560461123376,0.571544583401007,0.0027115788271243556,0.6527119536598209,0.6153995239836885,0.5645552858088723,0.6662437621585046,0.006046792226521783,0.7670464608300372,0.8724227358221435,0.8337824183226675,0.9110630533216193,0.022915982465409164,0.9384998831684711,0.9241854055938592,0.8790885703785373,0.9692822408091811,0.05612675453000728,0.9748901284114254,0.45393754033625394,0.3409032258064516,0.5669718548660563,0.0025769994145617065,0.6462113866186452,0.6069808712455851,0.5553174692680727,0.6586442732230976,0.005881156026444676,0.7606676783004552,0.869382714121945,0.8301204819277108,0.9086449463161792,0.022313766367283994,0.936840084469188,0.9239352045300739,0.8788957055214724,0.9689747035386755,0.055653406251338654,0.9746765617082417,0.4736647179265988,0.37410899057254543,0.5732204452806522,0.0028575814258992188,0.6599625234228607,0.6228460343109941,0.5725116430196036,0.6731804256023847,0.006198149443833621,0.772677532684444,0.8764130475615846,0.8405750282668389,0.9122510668563301,0.023491782445418587,0.9400072939460248,0.9244000650382291,0.8793177232988935,0.9694824067775648,0.056449816515071465,0.9750338320664753
semseg-spunet-pheno4d-tomato,4,Tomato02,T02_0313_a,3583327,0.7563983961859122,0.621147883313295,0.8916489090585294,0.9949705957619832,0.5808208879418457,0.49785177228786254,0.6637900035958288,0.0010347925266100471,0.7478425026968716,0.6503146302351015,0.5691166554281861,0.7315126050420168,0.0017994450408796072,0.8017990074441688,0.6725529805591768,0.5583684950773559,0.7867374660409978,0.005738521770410571,0.8320284005252152,0.7207912328254831,0.615097751158323,0.8264847144926432,0.01401965268589777,0.8640842406990863,0.6328349654122261,0.6018799272286234,0.6637900035958288,0.0021100502410190307,0.8263457214654146,0.7397097200883702,0.7479068351347237,0.7315126050420168,0.004948473862418919,0.9066095195127453,0.7757577821887514,0.7647780983365048,0.7867374660409978,0.01900412661194471,0.9437281564803666,0.7964457360637355,0.7664067576348278,0.8264847144926432,0.05547023757530362,0.9637466795460033,0.5808208879418457,0.49785177228786254,0.6637900035958288,0.0010347925266100471,0.7478425026968716,0.6503146302351015,0.5691166554281861,0.7315126050420168,0.0017994450408796072,0.8017990074441688,0.6725529805591768,0.5583684950773559,0.7867374660409978,0.005738521770410571,0.8320284005252152,0.7207912328254831,0.615097751158323,0.8264847144926432,0.01401965268589777,0.8640842406990863,0.580912147492983,0.4986195472114854,0.6632047477744807,0.001004373868195674,0.747707696582384,0.6481377140838238,0.5690419365837027,0.7272334915839448,0.0017589798530806705,0.7994605743296843,0.670676536621846,0.5569016625853848,0.7844514106583073,0.005657033254291333,0.8303981056681959,0.7196716393098486,0.6144769684592694,0.8248663101604278,0.01387760592321047,0.8630148005148005,0.5842553935837687,0.5002562788313686,0.6682545083361687,0.0010925600705712875,0.7509578544061303,0.6499494562072978,0.5682406209573092,0.7316582914572864,0.0018787009949133863,0.801693404634581,0.6740910062999173,0.5591129936464433,0.7890690189533913,0.005934708163670243,0.8335841248941973,0.7238160348142674,0.6198995085859422,0.8277325610425925,0.014311002038050113,0.8654472416684542
semseg-spunet-pheno4d-tomato,4,Tomato02,T02_0315_a,2136519,0.981636535705909,0.9657212521065653,0.9975518193052527,0.9991050863577623,0.6032546922867147,0.49797160243407707,0.7085377821393523,0.0030741594153854937,0.7739037758830695,0.792990485511425,0.7153985507246376,0.8705824202982124,0.007530005583849243,0.9023495773247141,0.9199930867648601,0.8735918892822658,0.9663942842474544,0.026962081778818724,0.972728061800191,0.9678616496389376,0.9458369246681607,0.9898863746097145,0.08554522566848223,0.9914044504264946,0.6454306872207809,0.5823235923022095,0.7085377821393523,0.0043369611971623,0.8102741204403194,0.822631029797896,0.7746796392975795,0.8705824202982124,0.011050217667149228,0.9195645728323945,0.9344290964164375,0.9024639085854206,0.9663942842474544,0.03932097023242012,0.9772408046661112,0.9715771023461635,0.9532678300826123,0.9898863746097145,0.11073152169486908,0.9919181672161637,0.6754418234040432,0.49797160243407707,0.8529120443740095,0.00541488280703331,0.8716397268562538,0.8248400408925427,0.7153985507246376,0.9342815310604476,0.013037094451301393,0.9435987649888705,0.9324955653147335,0.8863652802893309,0.978625850340136,0.04013725129521432,0.9816801548615808,0.9688539192963106,0.9459617501375894,0.9917460884550316,0.10195790442303579,0.9927881194482062,0.585201499312928,0.47466095645967166,0.6957420421661844,0.0028869389881391178,0.7613488975356679,0.7869605453264259,0.7066293183940243,0.8672917722588275,0.007311893786107215,0.8994366918448342,0.918404537185062,0.8709226850710706,0.9658863892990532,0.026516029110904234,0.9722692932288357,0.9677468499503771,0.9456871218668972,0.989806578033857,0.08493863148420398,0.9913430648085391,0.6226167030090874,0.5117340286831812,0.7334993773349938,0.0033657552308217244,0.7916840495063273,0.7990235051463201,0.7203133345202065,0.8777336757724337,0.007907722795818806,0.907013909440663,0.9210521768303398,0.8747308827047285,0.967373470955951,0.02767164719808249,0.9734273777507146,0.9680225183787103,0.9459914741474147,0.990053562610006,0.08680615524598657,0.9915293077325397
semseg-spunet-pheno4d-tomato,4,Tomato02,T02_0317_a,2842484,0.8729840099744952,0.7643810039000811,0.9815870160489093,0.9904886008153432,0.5192754489883671,0.3813751416698149,0.6571757563069193,0.012213261358727086,0.7169892844797787,0.6259908423296288,0.47914076529907446,0.7728409193601832,0.028238681378681463,0.8121044500921911,0.7421281591281592,0.5801537818333848,0.9041025364229337,0.09596078641075904,0.915323334567598,0.8093211109735513,0.6634376876680853,0.9552045342790173,0.2203512842992256,0.9588389785182287,0.5195864309754568,0.3819971056439942,0.6571757563069193,0.013275712369884932,0.7170871316514734,0.6341976522820929,0.4955543852040026,0.7728409193601832,0.03135461800312684,0.8173015427769986,0.7508355936280093,0.5975686508330849,0.9041025364229337,0.10481044044575097,0.9184417397842388,0.8195765200884714,0.6839485058979254,0.9552045342790173,0.2415067244002077,0.9606950831707889,0.5323301294977169,0.3813751416698149,0.6832851173256188,0.013075535341623735,0.7348992385718514,0.6363148611100664,0.47914076529907446,0.7934889569210584,0.030621808249404393,0.8264056432526826,0.7468302446396866,0.5826346223346585,0.9110258669447149,0.10277982215555127,0.9208454561013178,0.8108727217991367,0.6634376876680853,0.9583077559301882,0.23565796676428083,0.9614707085424585,0.5102615949880973,0.3708830862091589,0.6496401037670357,0.011617303738561062,0.7096178305372176,0.6200737410196278,0.4719057391550492,0.7682417428842063,0.027347911193167665,0.8080040135844396,0.7405865941817591,0.5782245840866341,0.902948604276884,0.09486069226774892,0.9143450526628096,0.8092026365955436,0.6634025329677503,0.955002740223337,0.21944046123038863,0.9586681330520268,0.526941193561064,0.3902000718821133,0.6636823152400145,0.012940442232920221,0.7232417149226544,0.6315942812494607,0.48695535233996773,0.7762332101589536,0.029087234967725414,0.8154329946782777,0.7439925169658133,0.5828326025370361,0.9051524313945903,0.0971154103242094,0.9162503758390721,0.8097574839977821,0.664112987283719,0.9554019807118453,0.22130186132973836,0.9590157810147731
semseg-spunet-pheno4d-tomato,4,Tomato02,T02_0319_a,1542285,0.882236449742998,0.7839455581851501,0.980527341300846,0.9842662024204346,0.5189498784024452,0.34825829086960153,0.689641465935289,0.019015292244948242,0.7337606983325945,0.6237525112942062,0.46627307573688154,0.7812319468515309,0.04277873415095135,0.8162996195643937,0.7703443562291115,0.6516505822442221,0.8890381302140007,0.1381411347448753,0.9080698230017883,0.8429534781019904,0.732695723459489,0.9532112327444918,0.3061658513180119,0.9585107847393556,0.5136879235066232,0.34666335486007616,0.6807124921531701,0.020176556213669976,0.7374188572530368,0.6168310911881557,0.4634703196347032,0.7701918627416082,0.04548056941486171,0.8154225593065694,0.76457874587425,0.6525730540470649,0.8765844377014351,0.14997682010782704,0.90363888684735,0.8409463720547844,0.7337172800751415,0.9481754640344273,0.3371704970222754,0.9570318434346834,0.5545239003337146,0.3480838273357268,0.7609639733317023,0.023904142230521595,0.7879946835923726,0.6497793711193756,0.46614984803770426,0.8334088942010469,0.05405875049034387,0.85453498692638,0.783730907610334,0.6536180308422301,0.9138437843784378,0.1712874079693442,0.9258594714089956,0.8462571746003409,0.732695723459489,0.9598186257411929,0.3507931413454712,0.9637889701546885,0.5006224359155899,0.3235504652827487,0.677694406548431,0.017553175969421995,0.7207446808510638,0.6133157541336342,0.4510471806674338,0.7755843275998344,0.04080892960769248,0.8104990546402072,0.7665882616193974,0.6468592057761733,0.8863173174626215,0.13490891761250354,0.9058673126093393,0.8419777279131577,0.7318751199188663,0.9520803359074492,0.29961582975909123,0.9576037724007938,0.5301019638358108,0.3621973929236499,0.6980065347479717,0.020689431590140604,0.742141715503463,0.631116508756123,0.4773202778475186,0.7849127396647275,0.045070139435966765,0.8201867330350592,0.7764497809988722,0.6612294372294373,0.8916701247683072,0.14195041772435055,0.9105367974859314,0.8501135373198287,0.7463996370471191,0.9538274375925384,0.31235212687667974,0.9593324974674926
semseg-spunet-pheno4d-tomato,4,Tomato02,T02_0321_a,1774166,0.8800201574791762,0.7743295221033775,0.9857107928549749,0.9878658479533482,0.4441674225530552,0.23186409550045914,0.6564707496056512,0.009080886455946062,0.6881633666439079,0.5871812892094921,0.3853581207666811,0.7890044576523031,0.025783382163788508,0.8133962924099335,0.8356806853598695,0.7304950032143066,0.9408663675054325,0.10178190766816633,0.9488808160462515,0.8912422716414516,0.8066261611479436,0.9758583821349598,0.25688689784383195,0.9769900824995612,0.4786844765992328,0.3008982035928144,0.6564707496056512,0.010537909079533708,0.6999893025246042,0.6216040845454666,0.45420371143863,0.7890044576523031,0.028904285168355158,0.8215128410132407,0.844424731966316,0.7479830964271994,0.9408663675054325,0.110363968196888,0.949704806847664,0.89620944584455,0.8165605095541402,0.9758583821349598,0.2760034855813943,0.9773237814391557,0.541614299105966,0.2307340846786476,0.8524945135332845,0.02012494884920577,0.8583951827475144,0.6444155741872053,0.3844219300136524,0.9044092183607583,0.05348033949472597,0.9096466174130244,0.8480351374521853,0.7293228695626806,0.9667474053416899,0.17095130895305174,0.9693830449461912,0.8948923503485519,0.8058327645680766,0.9839519361290271,0.3758058716038973,0.9841887866671066,0.43525849897867186,0.21802078010560383,0.6524962178517398,0.008173981465094021,0.6830781961108813,0.5756869129680515,0.374293678897009,0.7770801470390941,0.023808369679049198,0.8032433712121212,0.830748406957159,0.7236609152288072,0.9378358986855109,0.0968832679692881,0.9463775620029438,0.891015880344354,0.8065166336889991,0.975515126999709,0.25341484393230396,0.976692615658363,0.4572028056048241,0.24475524475524477,0.6696503664544035,0.01039699780065676,0.701073403447902,0.6068559897896704,0.41059557261325474,0.8031164069660861,0.027983289049615424,0.8266159083126876,0.8413593307287605,0.7399994377758412,0.9427192236816797,0.1056992412209455,0.9505940446226697,0.8915868370969875,0.8068196479587135,0.9763540262352614,0.26204143242515077,0.9774211935771825
semseg-spunet-pheno4d-tomato,4,Tomato02,T02_0324_a,3311762,0.9735861724531709,0.9514846380389186,0.9956877068674233,0.9962307073998675,0.5519215714266258,0.4748554733635855,0.6289876694896661,0.00918785830624302,0.7221309320362824,0.7229032841439729,0.6458385876418663,0.7999679806460794,0.023160480735028664,0.8533936533597559,0.8922471366704867,0.8359873690487484,0.9485069042922251,0.08965680504818885,0.9591374165605782,0.9424051546937613,0.9023323146211999,0.9824779947663228,0.2433157938281797,0.9848896257650744,0.5555429604733926,0.48209825145711904,0.6289876694896661,0.009467769724998354,0.7220538988996971,0.7265515326218002,0.6531350845975209,0.7999679806460794,0.02378582760476145,0.8538585555964607,0.8952061861117047,0.8419054679311844,0.9485069042922251,0.09238375221407819,0.959470899125029,0.9447725583500048,0.9070671219336868,0.9824779947663228,0.25061915681138924,0.9850082711740248,0.6351053197915778,0.46747445076800687,0.8027361888151487,0.015637597146171734,0.831833629412219,0.7695022029053005,0.6455333228296833,0.8934710829809175,0.03810207376013131,0.9107659388992353,0.9016296551253253,0.8359873690487484,0.9672719412019023,0.13037953814313952,0.971900432158523,0.9446378622053048,0.9024288342720327,0.9868468901385768,0.3129168098432194,0.9882505746372211,0.5336432298302618,0.4499354224729794,0.6173510371875442,0.008388887848824885,0.7085163055215608,0.7109641085562304,0.62917070238135,0.7927575147311107,0.021881403313402353,0.8466315237490686,0.8894955585202864,0.8324286901135419,0.9465624269270307,0.08659921818053351,0.9576946679870012,0.9418508508643001,0.9015516318887106,0.9821500698398896,0.2391705684164502,0.9846277377423378,0.5713935807982138,0.4950857142857143,0.6477014473107133,0.010192761436359256,0.7379132598649129,0.7332478083456134,0.6564426447479753,0.8100529719432515,0.024634016574862565,0.8604716726728935,0.8948982305124202,0.8396443902697546,0.9501520707550858,0.09251087487567042,0.9603948115701724,0.9431744210939066,0.9034980372212775,0.9828508049665355,0.24832219223482846,0.9851942644798537
semseg-spunet-pheno4d-tomato,4,Tomato02,T02_0325_a,3455376,0.9451773751130286,0.8988097127440089,0.9915450374820483,0.9926757609012739,0.6068606500045697,0.492406264831514,0.7213150351776253,0.008465359486203528,0.780622884687703,0.7063644162719136,0.5795206055508831,0.8332082269929441,0.021337764688994773,0.8643835616438356,0.8308124253061453,0.7309023585285358,0.9307224920837547,0.08296521131130158,0.9416937588078528,0.8768832027773064,0.7861225755197737,0.967643830034839,0.22093775033455115,0.9710828727979115,0.6104318179198388,0.49954860066205237,0.7213150351776253,0.008815249049596918,0.7816152330925804,0.7122654849341665,0.5913227428753891,0.8332082269929441,0.022161408772880288,0.8662896991224405,0.8367857007996654,0.7428489095155761,0.9307224920837547,0.08614576242932752,0.9430401859802597,0.8845814717351383,0.8015191134354377,0.967643830034839,0.23056419909150264,0.9719889642845487,0.6517102068265053,0.4832324173265021,0.8201879963265085,0.012515859344974324,0.8460702476472356,0.732294928052709,0.5714937191658721,0.8930961369395459,0.0319704715203208,0.9064361365076491,0.8414862805423411,0.7305538570463103,0.9524187040383719,0.11498748616648376,0.957855659724407,0.8799207004986024,0.7861225755197737,0.973718825477431,0.2666022453128111,0.9760337208305155,0.5927979315068629,0.47585374266988617,0.7097421203438395,0.007657053819902668,0.7702774208179001,0.7029505901845317,0.5760186365434486,0.8298825438256147,0.020202432383624822,0.861819015285,0.8313318037684334,0.7321283045930176,0.9305353029438492,0.08147130731937711,0.9416192445135944,0.876417262373179,0.7854782912893069,0.9673562334570511,0.21910842698450184,0.9708414454062992,0.6129999758291922,0.4992065781881131,0.7267933734702712,0.009357592343061941,0.7852724686088947,0.7135357406358552,0.5919139147725058,0.8351575664992047,0.022770025606475244,0.8669657723153573,0.8314346989284511,0.7314476029646308,0.9314217948922713,0.08601755641064822,0.9422151044838387,0.8780239425367216,0.7878021819579949,0.9682457031154481,0.22491676737929533,0.9715944475611576
