model,seed,plant,scan,n_points,mIoU_global,IoU_c1_global,IoU_c2_global,acc_global,O_mIoU_r1,O_IoU_c1_r1,O_IoU_c2_r1,O_band_share_r1,O_acc_r1,O_mIoU_r2,O_IoU_c1_r2,O_IoU_c2_r2,O_band_share_r2,O_acc_r2,O_mIoU_r5,O_IoU_c1_r5,O_IoU_c2_r5,O_band_share_r5,O_acc_r5,O_mIoU_r10,O_IoU_c1_r10,O_IoU_c2_r10,O_band_share_r10,O_acc_r10,J_mIoU_r1,J_IoU_c1_r1,J_IoU_c2_r1,J_band_share_r1,J_acc_r1,J_mIoU_r2,J_IoU_c1_r2,J_IoU_c2_r2,J_band_share_r2,J_acc_r2,J_mIoU_r5,J_IoU_c1_r5,J_IoU_c2_r5,J_band_share_r5,J_acc_r5,J_mIoU_r10,J_IoU_c1_r10,J_IoU_c2_r10,J_band_share_r10,J_acc_r10,I_mIoU_r1,I_IoU_c1_r1,I_IoU_c2_r1,I_band_share_r1,I_acc_r1,I_mIoU_r2,I_IoU_c1_r2,I_IoU_c2_r2,I_band_share_r2,I_acc_r2,I_mIoU_r5,I_IoU_c1_r5,I_IoU_c2_r5,I_band_share_r5,I_acc_r5,I_mIoU_r10,I_IoU_c1_r10,I_IoU_c2_r10,I_band_share_r10,I_acc_r10,O8_mIoU_r1,O8_IoU_c1_r1,O8_IoU_c2_r1,O8_band_share_r1,O8_acc_r1,O8_mIoU_r2,O8_IoU_c1_r2,O8_IoU_c2_r2,O8_band_share_r2,O8_acc_r2,O8_mIoU_r5,O8_IoU_c1_r5,O8_IoU_c2_r5,O8_band_share_r5,O8_acc_r5,O8_mIoU_r10,O8_IoU_c1_r10,O8_IoU_c2_r10,O8_band_share_r10,O8_acc_r10,O32_mIoU_r1,O32_IoU_c1_r1,O32_IoU_c2_r1,O32_band_share_r1,O32_acc_r1,O32_mIoU_r2,O32_IoU_c1_r2,O32_IoU_c2_r2,O32_band_share_r2,O32_acc_r2,O32_mIoU_r5,O32_IoU_c1_r5,O32_IoU_c2_r5,O32_band_share_r5,O32_acc_r5,O32_mIoU_r10,O32_IoU_c1_r10,O32_IoU_c2_r10,O32_band_share_r10,O32_acc_r10
semseg-ptv3-pheno4d-maize,0,Maize01,M01_0313_a,1554168,0.8937875002142056,0.8576641920851287,0.9299108083432825,0.9918091223085278,0.2571759557214571,0.5143519114429141,0.0,0.004998816086806575,0.5143519114429141,0.2564302416212003,0.5128604832424006,0.0,0.009080742879791631,0.5128604832424006,0.4040857734974961,0.5351005958034712,0.27307095119152097,0.017505829485615455,0.6042195023339582,0.6734590525325496,0.707184423777669,0.6397336812874301,0.0359645804057219,0.8073530727256463,0.2532622154490904,0.5065244308981808,0.0,0.008270019714728395,0.596903446666148,0.2764018691588785,0.552803738317757,0.0,0.01724910048334543,0.678715308863026,0.4636334985461269,0.6541960459007328,0.27307095119152097,0.040590206464166036,0.8017563883076533,0.6945687743176956,0.7494038673479612,0.6397336812874301,0.08313258283531767,0.9032058327270476,0.2571759557214571,0.5143519114429141,0.0,0.004998816086806575,0.5143519114429141,0.2564302416212003,0.5128604832424006,0.0,0.009080742879791631,0.5128604832424006,0.4040857734974961,0.5351005958034712,0.27307095119152097,0.017505829485615455,0.6042195023339582,0.6734590525325496,0.707184423777669,0.6397336812874301,0.0359645804057219,0.8073530727256463,0.25529475246189126,0.5105895049237825,0.0,0.004769754621122041,0.5105895049237825,0.25492978243469405,0.5098595648693881,0.0,0.008842673378939729,0.5098595648693881,0.40124287223684035,0.5330644811586661,0.2694212633150146,0.017393229046023338,0.6016572950577094,0.6722023072044382,0.7046950416849496,0.6397095727239268,0.03576382990770625,0.8062717017793211,0.26131262889724616,0.5226252577944923,0.0,0.005303802420330363,0.5226252577944923,0.25502767850886415,0.5100553570177283,0.0,0.009182404990966227,0.5100553570177283,0.40665725263457597,0.53590207740712,0.27741242786203196,0.017588832095371928,0.6060872110038045,0.674214352941038,0.7076613997936689,0.640767306088407,0.0360585213438959,0.8078549633304188
semseg-ptv3-pheno4d-maize,0,Maize01,M01_0315_a,1301557,0.4594308600032124,0.48684891079469395,0.43201280921173096,0.8963257083631374,0.21610914828973055,0.41531322505800466,0.016905071521456438,0.001003413603860607,0.4211332312404288,0.33725023458630016,0.5539617486338798,0.12053872053872054,0.0023871409396591927,0.5796588348889604,0.6978248283791348,0.74011844098609,0.6555312157721797,0.008337706300991812,0.8261150018429783,0.8870811734537959,0.8925215013954548,0.881640845512137,0.02428860203586935,0.9403093663998988,0.2723772392161176,0.5278494069107788,0.016905071521456438,0.004200353883848345,0.6650813974757637,0.3645089391568265,0.6084791577749324,0.12053872053872054,0.008961574483484011,0.7640603566529492,0.7280050571527765,0.8004788985333733,0.6555312157721797,0.0266388640681891,0.9038705583756346,0.8955778980182756,0.9095149505244142,0.881640845512137,0.06953364316737569,0.9629179465647169,0.21610914828973055,0.41531322505800466,0.016905071521456438,0.001003413603860607,0.4211332312404288,0.33725023458630016,0.5539617486338798,0.12053872053872054,0.0023871409396591927,0.5796588348889604,0.6978248283791348,0.74011844098609,0.6555312157721797,0.008337706300991812,0.8261150018429783,0.8870811734537959,0.8925215013954548,0.881640845512137,0.02428860203586935,0.9403093663998988,0.2086474860875209,0.41171617161716173,0.005578800557880056,0.0009342656525991562,0.4136513157894737,0.3278607865074031,0.5420694593626925,0.11365211365211365,0.002271894354223442,0.5674670273926277,0.6920324476154255,0.7373695198329854,0.6466953753978656,0.008174056149673046,0.8226337061753924,0.8861020701371477,0.8914081832307073,0.8807959570435882,0.024063487038984848,0.9397509578544061,0.23361753692461798,0.4371508379888268,0.030084235860409144,0.00111942849986593,0.44680851063829785,0.3551221299452612,0.5773000316155549,0.13294422827496757,0.0025876699983174,0.6030285035629454,0.7037500907836445,0.743265306122449,0.6642348754448398,0.00851518604256287,0.8297392402779031,0.8880406805002212,0.8930393379435438,0.8830420230568985,0.02450065575307113,0.9408259901533444
semseg-ptv3-pheno4d-maize,0,Maize01,M01_0317_a,803846,0.7234992138441276,0.648478247042361,0.7985201806458943,0.9449272621870358,0.21153856946432079,0.4095238095238095,0.013553329404832056,0.003555407379025336,0.41427571728481455,0.3092345877191059,0.5088314005352363,0.10963777490297542,0.007394451175971517,0.5368438761776582,0.5558303685712527,0.6679457870672763,0.4437149500752291,0.019272348186095346,0.7374774076942938,0.7865476333737718,0.8131802525832377,0.759915014164306,0.04310651542708429,0.88260079074197,0.21878898503095812,0.4240246406570842,0.013553329404832056,0.006264881581795518,0.443010325655282,0.3104703699006528,0.5113029648983302,0.10963777490297542,0.013090815902548498,0.5911812220849567,0.5706896898027152,0.6976644295302014,0.4437149500752291,0.03494450429559891,0.7995372018511926,0.79108058400523,0.8222461538461538,0.759915014164306,0.08452862861791935,0.9149791016659798,0.21153856946432079,0.4095238095238095,0.013553329404832056,0.003555407379025336,0.41427571728481455,0.3092345877191059,0.5088314005352363,0.10963777490297542,0.007394451175971517,0.5368438761776582,0.5558303685712527,0.6679457870672763,0.4437149500752291,0.019272348186095346,0.7374774076942938,0.7865476333737718,0.8131802525832377,0.759915014164306,0.04310651542708429,0.88260079074197,0.2098477839457221,0.41008018327605955,0.009615384615384616,0.0032767470386118732,0.4134396355353075,0.2929813121438533,0.4897575643676001,0.09620505992010653,0.006978948704105015,0.516042780748663,0.5500584130329081,0.6642727422816576,0.4358440837841587,0.018978759613159736,0.7334163607760881,0.7846905172022539,0.811264730444465,0.7581163039600428,0.0426748407033188,0.8814132462686567,0.22156931696621177,0.4256505576208178,0.017488076311605722,0.004056747187894199,0.43146274149034036,0.32401602973560695,0.528056606878394,0.11997545259281989,0.008046317329438724,0.5565862708719852,0.5692333778570087,0.6784189723320158,0.4600477833820016,0.020048616277247133,0.7475800446760983,0.7902379842618469,0.8167815160113499,0.7636944525123439,0.04397608497149952,0.8849222065063649
semseg-ptv3-pheno4d-maize,0,Maize01,M01_0319_a,860826,0.7714804124634536,0.7743497222838561,0.768611102643051,0.9279052909647246,0.3910668932945158,0.635884973673552,0.1462488129154796,0.0030470733922999538,0.6572626763248189,0.5711213474306818,0.7569259962049336,0.3853166986564299,0.007054851967761197,0.7890663592952413,0.8274430277082649,0.8945315609328982,0.7603544944836318,0.01947780387674164,0.9209757261287052,0.9243306006756835,0.9444327951352485,0.9042284062161186,0.04223269278576623,0.963553844037959,0.33888460423277067,0.5315203955500618,0.1462488129154796,0.005468003986868426,0.5974081155725515,0.540233116857745,0.6951495350590601,0.3853166986564299,0.013205920824882148,0.7865939479239972,0.8116480635005379,0.8629416325174438,0.7603544944836318,0.03570756459493556,0.9194807729845793,0.9121406120871122,0.9200528179581058,0.9042284062161186,0.07852225653035573,0.9605882178891617,0.3910668932945158,0.635884973673552,0.1462488129154796,0.0030470733922999538,0.6572626763248189,0.5711213474306818,0.7569259962049336,0.3853166986564299,0.007054851967761197,0.7890663592952413,0.8274430277082649,0.8945315609328982,0.7603544944836318,0.01947780387674164,0.9209757261287052,0.9243306006756835,0.9444327951352485,0.9042284062161186,0.04223269278576623,0.963553844037959,0.37718808409962434,0.6185612788632326,0.1358148893360161,0.0027729181042394167,0.6401340594888982,0.5608036835289116,0.748406374501992,0.3732009925558313,0.006705187807989071,0.7811850311850311,0.8254647613124708,0.8932484692233322,0.7576810534016094,0.019231528787466923,0.9199637571730594,0.9239176689911515,0.9438915943256405,0.9039437436566623,0.04191787887447637,0.9632801241547501,0.42017148260159465,0.6507021966150522,0.189640768588137,0.003489671548024804,0.6770972037283621,0.6102135606001113,0.7729250043500957,0.44750211685012703,0.007904036355779217,0.8082010582010583,0.8435817732319271,0.9048405630565929,0.7823229834072614,0.02170705810465762,0.9290912982981911,0.9291154813571312,0.9484836702954899,0.9097472924187726,0.04539361032310827,0.9660917187020166
semseg-ptv3-pheno4d-maize,0,Maize01,M01_0321_a,1114990,0.3232381744208909,0.32376216010727477,0.3227141887345071,0.5893738957300065,0.517562434134745,0.6985074626865672,0.3366174055829228,0.0013856626516829747,0.7385113268608414,0.509456239553327,0.7236743838685586,0.29523809523809524,0.00401976699342595,0.7523427041499331,0.6020212274757129,0.7872508507535245,0.41679160419790107,0.017002843074825785,0.8153286211625699,0.8126189025749148,0.8646924280727097,0.7605453770771198,0.04260845388747881,0.9053633072324662,0.3682239349936991,0.5686900958466453,0.16775777414075285,0.0047874868832904335,0.6701011614837018,0.3869043075592194,0.6172429585527822,0.15656565656565657,0.011964232863075006,0.7489505247376311,0.45236033505895046,0.6711726443548094,0.23354802576309158,0.03901380281437502,0.7918390804597701,0.6640424920105266,0.7415802862892509,0.5865046977318022,0.0907174055372694,0.8619066921076827,0.517562434134745,0.6985074626865672,0.3366174055829228,0.0013856626516829747,0.7385113268608414,0.509456239553327,0.7236743838685586,0.29523809523809524,0.00401976699342595,0.7523427041499331,0.6020212274757129,0.7872508507535245,0.41679160419790107,0.017002843074825785,0.8153286211625699,0.8126189025749148,0.8646924280727097,0.7605453770771198,0.04260845388747881,0.9053633072324662,0.5077715006512474,0.6791958041958042,0.33634719710669075,0.0011928358101866384,0.7240601503759398,0.5226282477130215,0.7323218639934977,0.3129346314325452,0.0037139346541224584,0.7614102873702004,0.5953607144726722,0.7833704804358593,0.4073509485094851,0.01664319859370936,0.8114458155951932,0.8121452830168459,0.8637451889565718,0.7605453770771198,0.04240127714149903,0.9049009031875965,0.5052768476916375,0.6959619952494062,0.31459170013386883,0.0017210916689835783,0.7331943720687858,0.5212295578956023,0.7247278382581649,0.31773127753303965,0.004554300935434398,0.7560063016935802,0.625830009888101,0.7956871133722611,0.4559729064039409,0.018169669683136172,0.8255590108100104,0.8191210161169539,0.8680518870693197,0.7701901451645881,0.044073937882850966,0.9085100321517235
semseg-ptv3-pheno4d-maize,0,Maize01,M01_0324_a,1214597,0.8508693900885189,0.8504766932810416,0.8512620868959964,0.9277439348195328,0.5735745467678607,0.6335523772709702,0.5135967162647511,0.0029540662458412133,0.7357859531772575,0.7337242982309471,0.7984581497797357,0.6689904466821586,0.007367052610865991,0.8567277603933839,0.8836449806581097,0.9280982319929111,0.8391917293233083,0.02686899440719844,0.9475716255553853,0.9373784435277783,0.9617507022332011,0.9130061848223556,0.05798466487238154,0.9726387232350769,0.5641923423717161,0.6246101502693507,0.5037745344740815,0.004475558559752741,0.7562545989698307,0.7244357496300937,0.7865504358655043,0.662321063394683,0.010634803148698704,0.867151815437021,0.8813695983768011,0.9272381206798678,0.8355010760737345,0.0372172827695112,0.9516193257233874,0.9325991133475717,0.9568667647593698,0.9083314619357736,0.0793275465030788,0.9728388911376115,0.5735745467678607,0.6335523772709702,0.5135967162647511,0.0029540662458412133,0.7357859531772575,0.7337242982309471,0.7984581497797357,0.6689904466821586,0.007367052610865991,0.8567277603933839,0.8836449806581097,0.9280982319929111,0.8391917293233083,0.02686899440719844,0.9475716255553853,0.9373784435277783,0.9617507022332011,0.9130061848223556,0.05798466487238154,0.9726387232350769,0.5413023040005523,0.6036906854130053,0.47891392258809934,0.002556403481977973,0.7095008051529791,0.7207968696931959,0.7846074380165289,0.656986301369863,0.006756973712268349,0.8474473010844401,0.8826013658098906,0.9269534452258704,0.8382492863939106,0.026341247343769168,0.946865037194474,0.9370462936160057,0.9612911030019556,0.9128014842300557,0.057451154580490486,0.9723846374319289,0.6036026599072426,0.6571618037135278,0.5500435161009574,0.003523802545206352,0.758411214953271,0.7415358598530941,0.8012232415902141,0.6818484781159743,0.00845136288003346,0.8604968339016074,0.8843363715404604,0.9265264860493327,0.8421462570315881,0.028378136945834707,0.9470813508181501,0.9395290205544518,0.9625285427116064,0.916529498397297,0.05961236525366027,0.9733858158966923
semseg-ptv3-pheno4d-maize,0,Maize01,M01_0325_a,1407956,0.8075674493958285,0.8312868596682443,0.7838480391234127,0.9173830716300794,0.32314413543481424,0.2649384885764499,0.3813497822931785,0.0023857279630897558,0.49240845489729085,0.3904449130826424,0.3568012244117084,0.4240886017535764,0.00594194704948166,0.5524743007410949,0.43250644609340383,0.42044060382994614,0.4445722883568615,0.021647693535877543,0.5882082745496899,0.5059669159567646,0.5117334311119259,0.5002004008016032,0.049529246652594255,0.6602423460242346,0.32727321586259817,0.27484989993328884,0.3796965317919075,0.003832506129452909,0.5911786508524833,0.388208284437377,0.3533042300165588,0.4231123388581952,0.0091679001332428,0.6375890920359467,0.45858406753624525,0.4732049036777583,0.4439632313947322,0.03174673072169869,0.6930958879591929,0.5284625286873242,0.5570515435876513,0.49987351378699724,0.07616644270133442,0.7651414131053068,0.32314413543481424,0.2649384885764499,0.3813497822931785,0.0023857279630897558,0.49240845489729085,0.3904449130826424,0.3568012244117084,0.4240886017535764,0.00594194704948166,0.5524743007410949,0.43250644609340383,0.42044060382994614,0.4445722883568615,0.021647693535877543,0.5882082745496899,0.5059669159567646,0.5117334311119259,0.5002004008016032,0.049529246652594255,0.6602423460242346,0.317465940876551,0.254341164453524,0.38059071729957805,0.0020369954742903897,0.4881450488145049,0.38538332337408554,0.36027713625866054,0.4104895104895105,0.005281415044220132,0.5465303926842389,0.43106917250985793,0.43191149635036497,0.4302268486693509,0.01984437013656677,0.5846814602720114,0.5037778943361994,0.5146496510849823,0.49290613758741647,0.047083857734190555,0.6576359138357569,0.32579451982538926,0.2641363284275755,0.387452711223203,0.002737301449761214,0.4958484691229891,0.3870899075041467,0.3482849604221636,0.42589485458612975,0.006485998141987391,0.5503723171265879,0.42782549346424403,0.41640458557370397,0.4392464013547841,0.022606530317708793,0.5838700556096641,0.5059535236276529,0.5120314253647587,0.49987562189054724,0.05046393495251272,0.6604410916102518
semseg-ptv3-pheno4d-maize,0,Maize02,M02_0313_a,1729943,0.5662250897207541,0.6340456849377402,0.498404494503768,0.9463358041276505,0.2801111797405806,0.5602223594811612,0.0,0.0009358689852787057,0.5602223594811612,0.3158167769289468,0.5902495647127104,0.041383989145183174,0.0020278124770584925,0.5972063854047891,0.6785761137076682,0.7230686261291628,0.6340836012861736,0.006695596328896386,0.8035051368384701,0.8620576426155857,0.8884604941623676,0.8356547910688038,0.017716190649056066,0.9233881493082746,0.3032311516155758,0.6064623032311516,0.0,0.0018873454212075195,0.7090352220520674,0.38191443946237114,0.7224448897795591,0.041383989145183174,0.005434283094876536,0.8231039251143495,0.7531801675148646,0.8722767337435556,0.6340836012861736,0.026666774570029184,0.9452440821989074,0.8859266423221732,0.9361984935755427,0.8356547910688038,0.0731989435490071,0.9794835347074153,0.2801111797405806,0.5602223594811612,0.0,0.0009358689852787057,0.5602223594811612,0.3158167769289468,0.5902495647127104,0.041383989145183174,0.0020278124770584925,0.5972063854047891,0.6785761137076682,0.7230686261291628,0.6340836012861736,0.006695596328896386,0.8035051368384701,0.8620576426155857,0.8884604941623676,0.8356547910688038,0.017716190649056066,0.9233881493082746,0.272635814889336,0.545271629778672,0.0,0.0008618781081226375,0.545271629778672,0.30255728993689807,0.6051145798737961,0.0,0.001740519774350947,0.6051145798737961,0.639149357093906,0.6920539730134933,0.5862447411743187,0.005828515737223712,0.775662005355549,0.8497568371129384,0.8684345375352293,0.8310791366906475,0.01587219925743218,0.9144875810328502,0.29093198992443325,0.5818639798488665,0.0,0.001147436649646838,0.5818639798488665,0.31588420085822705,0.5938566552901023,0.03791174642635177,0.0022376459802432797,0.6001033324722294,0.6908558008145709,0.7334890359413521,0.6482225656877898,0.007007745341898548,0.8122576919904314,0.866699032009846,0.8924551023613801,0.8409429616583118,0.018386154919555153,0.9261797717483573
semseg-ptv3-pheno4d-maize,0,Maize02,M02_0315_a,1441265,0.26764010809121763,0.32524020430760436,0.21004001187483087,0.7900566516220127,0.39755843975627503,0.556993006993007,0.238123872519543,0.0022591265312069606,0.6108722358722358,0.5156414750334024,0.6357815442561205,0.39550140581068416,0.004563352332846492,0.705792914702752,0.7674817842869557,0.8288841641074101,0.7060794044665012,0.01289561600399649,0.8725384698159905,0.8903518153747152,0.9187572438030434,0.8619463869463869,0.028956506957429757,0.9432357310586093,0.40829504951523116,0.5784662265109193,0.238123872519543,0.003917392013266124,0.7059865391427559,0.552047091448306,0.7085927770859277,0.39550140581068416,0.00971507668610561,0.8328095986287674,0.7922658309918518,0.8784522575172024,0.7060794044665012,0.03474309027139353,0.9445820186124536,0.9017042918230584,0.9414621966997299,0.8619463869463869,0.08916750215956122,0.978407021803072,0.39755843975627503,0.556993006993007,0.238123872519543,0.0022591265312069606,0.6108722358722358,0.5156414750334024,0.6357815442561205,0.39550140581068416,0.004563352332846492,0.705792914702752,0.7674817842869557,0.8288841641074101,0.7060794044665012,0.01289561600399649,0.8725384698159905,0.8903518153747152,0.9187572438030434,0.8619463869463869,0.028956506957429757,0.9432357310586093,0.3923823016564952,0.5458211143695014,0.23894348894348894,0.002162683475974231,0.602502406159769,0.5124209698667577,0.6305598159509203,0.39428212378259503,0.004490499665224646,0.7021013597033374,0.7665762293699687,0.8270730542734362,0.7060794044665012,0.012803335958342151,0.8716197908199209,0.8901580169142153,0.9183696468820436,0.8619463869463869,0.02886838992135381,0.9430624654505252,0.4078652930098593,0.5660130718954248,0.2497175141242938,0.002429809923921,0.6207881210736722,0.5262488471643195,0.6518897915930767,0.4006079027355623,0.004843661644458167,0.7175189800888125,0.7690584158677007,0.8308027719380207,0.7073140597973808,0.013019118621488761,0.873747601790663,0.890480297099288,0.9187572438030434,0.8622033503955328,0.028978709675181177,0.9432792223339559
semseg-ptv3-pheno4d-maize,0,Maize02,M02_0317_a,861631,0.4226213003605954,0.41732830029021534,0.42791430043097545,0.7952917200054316,0.4744970118915761,0.6154639175257732,0.333530106257379,0.004044654846448189,0.6760401721664275,0.6524063639658071,0.7450056539766302,0.559807073954984,0.00819724452811006,0.8061730142998725,0.8546359865612739,0.9040017028522775,0.8052702702702703,0.023375435656330844,0.9284543965046422,0.9248452391786792,0.954433704913616,0.8952567734437423,0.04886894738002695,0.9657539126511031,0.4678509366430034,0.6021717670286278,0.333530106257379,0.0048501040468599665,0.708303421871261,0.6548819218988131,0.7499567698426423,0.559807073954984,0.011103360951497799,0.8471830249817079,0.8629251334874173,0.9205799967045641,0.8052702702702703,0.04134832660384782,0.9569427681252982,0.9294817073383062,0.9637066412328699,0.8952567734437423,0.09852593511607637,0.9819184149458731,0.4744970118915761,0.6154639175257732,0.333530106257379,0.004044654846448189,0.6760401721664275,0.6524063639658071,0.7450056539766302,0.559807073954984,0.00819724452811006,0.8061730142998725,0.8546359865612739,0.9040017028522775,0.8052702702702703,0.023375435656330844,0.9284543965046422,0.9248452391786792,0.954433704913616,0.8952567734437423,0.04886894738002695,0.9657539126511031,0.4649335741974333,0.6176470588235294,0.3122200895713372,0.0038125369212574757,0.6727549467275494,0.64160262290973,0.7405488389944348,0.5426564068250251,0.007947717758530044,0.8003796728971962,0.8524855925609903,0.9020984081041968,0.8028727770177838,0.022952981032483742,0.9271375840622946,0.9243384741025875,0.953924740337136,0.8947522078680389,0.048411675067401246,0.9654304413492196,0.4925167018299328,0.6289688539461747,0.3560645497136908,0.004643519093440232,0.6908272931767058,0.6769123381199205,0.7626315789473684,0.5911930972924725,0.008945824836850113,0.8217436429683446,0.8586077311061866,0.9072207364739765,0.8099947257383966,0.024156512474597595,0.9307677524742961,0.9261950234182381,0.955640798662339,0.8967492481741371,0.05003766113336219,0.9665537876327875
semseg-ptv3-pheno4d-maize,0,Maize02,M02_0319_a,1133991,0.6770658059891939,0.6398712099189848,0.7142604020594028,0.8993431164797604,0.40145594110994864,0.6553626149131767,0.14754926730672058,0.0045741103765373796,0.6747638326585695,0.5676777613340684,0.7746147819273962,0.36074074074074075,0.011418080037672257,0.8000463392029658,0.8113067819335977,0.9109975095032115,0.7116160543639839,0.03282036629920343,0.9270245580095653,0.9209225553385978,0.9492393376443763,0.8926057730328193,0.06709047955407053,0.9643007360672976,0.37886761172718764,0.6101859561476547,0.14754926730672058,0.008915414672603221,0.7221562809099901,0.5643636776765611,0.7679866146123815,0.36074074074074075,0.021840561344843124,0.8488311059070538,0.8074249612550664,0.9032338681461488,0.7116160543639839,0.06378004763706238,0.9464646185327544,0.9180409379601631,0.9434761028875069,0.8926057730328193,0.13789527430111878,0.9752385337528457,0.40145594110994864,0.6553626149131767,0.14754926730672058,0.0045741103765373796,0.6747638326585695,0.5676777613340684,0.7746147819273962,0.36074074074074075,0.011418080037672257,0.8000463392029658,0.8113067819335977,0.9109975095032115,0.7116160543639839,0.03282036629920343,0.9270245580095653,0.9209225553385978,0.9492393376443763,0.8926057730328193,0.06709047955407053,0.9643007360672976,0.3843730017320087,0.6512691516121656,0.11747685185185185,0.004035305394839994,0.6667395104895105,0.5446357498449466,0.7674080798910576,0.32186341979883537,0.010785799887300693,0.7905322541084131,0.8051665486788888,0.909517939834094,0.7008151575236836,0.032080501520735175,0.9253415431979989,0.9200089960830117,0.9485147764108203,0.8915032157552031,0.06619981992802412,0.9638204342613561,0.42633386012701285,0.6731470230862697,0.17952069716775598,0.005443605813450019,0.6949619309897943,0.6011007555844602,0.7859239928233567,0.4162775183455637,0.012463943717366364,0.8142776284137541,0.8207895105744163,0.9138051412250079,0.7277738799238248,0.03418986570440154,0.929947641278275,0.9223063389493773,0.949851363577614,0.8947613143211407,0.06812311561555603,0.9648418790695266
semseg-ptv3-pheno4d-maize,0,Maize02,M02_0321_a,1444663,0.48397032017121855,0.4941475017237229,0.47379313861871425,0.7424721197954125,0.5964931239963774,0.6650674662668665,0.5279187817258884,0.003172366150444775,0.7562731835042549,0.7633576582120218,0.8299044819985305,0.6968108344255133,0.007860656776009353,0.8776858048608664,0.9015173844482682,0.9508484146087783,0.8521863542877582,0.029890015872213797,0.9616961163474677,0.9372596614886273,0.9695216308955124,0.9049976920817423,0.06636980389198034,0.9763772136584552,0.6030864669540991,0.6782541521823098,0.5279187817258884,0.005415795933030748,0.7870654396728016,0.7629870653042151,0.8294675803900896,0.6965065502183406,0.01233782549978784,0.8909896768402155,0.899468740472077,0.9469035068717356,0.8520339740724184,0.045672935487376644,0.966536328089479,0.9365625057433579,0.9682032643294128,0.9049217471573029,0.1045136478195953,0.981329518435362,0.5964931239963774,0.6650674662668665,0.5279187817258884,0.003172366150444775,0.7562731835042549,0.7633576582120218,0.8299044819985305,0.6968108344255133,0.007860656776009353,0.8776858048608664,0.9015173844482682,0.9508484146087783,0.8521863542877582,0.029890015872213797,0.9616961163474677,0.9372596614886273,0.9695216308955124,0.9049976920817423,0.06636980389198034,0.9763772136584552,0.5836298891022961,0.6539482415394824,0.5133115366651098,0.0028470307608071915,0.7464138098711403,0.7572089725241141,0.8293125810635539,0.6851053639846744,0.0073172774550189215,0.8755084665594551,0.8999554123676304,0.9503533026113671,0.8495575221238938,0.0288440972046768,0.9612191024718022,0.9359762545174396,0.9687749869034161,0.9031775221314631,0.0648296523133769,0.9758160094814056,0.6162738841144706,0.6905132192846034,0.5420345489443378,0.003647909581680987,0.7734345351043643,0.7762571889687646,0.8433708115328955,0.7091435664046338,0.008590930895302227,0.8866328257191202,0.9034215499424705,0.9524817291684302,0.8543613707165109,0.03136510037288973,0.9628354519774012,0.9384081385890282,0.9699773338812083,0.906838943296848,0.0674766364197048,0.9767647028651737
semseg-ptv3-pheno4d-maize,0,Maize02,M02_0324_a,1311008,0.4595865962272705,0.3046622649569447,0.6145109274975963,0.6952032329322171,0.39755091067855575,0.3391529259618493,0.4559488953952622,0.00366588152017379,0.5746982937994174,0.41983019121402804,0.37436194895591646,0.4652984334721396,0.010154781664185115,0.594907233531135,0.4300745326913045,0.45936156985701543,0.4007874955255936,0.03853447118553052,0.6023674261169065,0.4633336028687858,0.5379883567562651,0.38867884898130645,0.08693234518782494,0.6424729531714765,0.39182949299597536,0.32771009059668854,0.4559488953952622,0.0039343772120383706,0.58278402481582,0.41599433295714816,0.36728919071873234,0.4646994751955639,0.010735251043471894,0.6028136990194686,0.42752680700537826,0.45474375821287777,0.4003098557978787,0.04096847616490517,0.6121206479240365,0.4614434075081866,0.5368777261390729,0.3860090888773002,0.09552039346823207,0.6624796371418532,0.39755091067855575,0.3391529259618493,0.4559488953952622,0.00366588152017379,0.5746982937994174,0.41983019121402804,0.37436194895591646,0.4652984334721396,0.010154781664185115,0.594907233531135,0.4300745326913045,0.45936156985701543,0.4007874955255936,0.03853447118553052,0.6023674261169065,0.4633336028687858,0.5379883567562651,0.38867884898130645,0.08693234518782494,0.6424729531714765,0.38604817913555645,0.32591529073941133,0.44618106753170156,0.0032791561912665673,0.5631542219120725,0.40762846124815943,0.3657333168866412,0.44952360560967775,0.009386670409333886,0.5821550463188688,0.4256324060236495,0.459609403457648,0.3916554085896509,0.03679001196026264,0.5985445347487145,0.46140123930461396,0.5409360107342803,0.3818664678749476,0.08478514242476018,0.6419292153228854,0.3899079370051861,0.3326928355750755,0.44712303843529677,0.004278387317239864,0.5665894098769835,0.43605546083731106,0.38314582891105925,0.4889650927635628,0.011428610656838097,0.6120937062003604,0.4340014633399586,0.4506510084248149,0.4173519182551023,0.04175641948790549,0.6052280656887639,0.46709302415773435,0.5319560227135436,0.40223002560192506,0.0914654983035954,0.6436720261525118
semseg-ptv3-pheno4d-maize,0,Maize02,M02_0325_a,1671990,0.4320924101113599,0.35154848399634653,0.5126363362263733,0.6357382520230385,0.46844280254901816,0.42407906558849956,0.5128065395095368,0.003189612378064462,0.6184136508531783,0.47916824482993714,0.4234527687296417,0.5348837209302325,0.006960567945980538,0.6403162055335968,0.4424891233457039,0.4215502392344498,0.463428007456958,0.023280641630631763,0.6086319845857419,0.44026043552948274,0.465936052423455,0.4145848186355105,0.06475816242920113,0.6059570537981991,0.4263214193331923,0.33997599039615845,0.5126668482702261,0.00443423704687229,0.6141084434852981,0.43600977316243744,0.33828748890860694,0.533732057416268,0.009500056818521643,0.6171619239486276,0.42118841051859846,0.38172715894868586,0.460649662088511,0.029680201436611462,0.619264483627204,0.4351487415511429,0.46091857702065137,0.4093789060816344,0.0801003594519106,0.6484428083956185,0.46844280254901816,0.42407906558849956,0.5128065395095368,0.003189612378064462,0.6184136508531783,0.47916824482993714,0.4234527687296417,0.5348837209302325,0.006960567945980538,0.6403162055335968,0.4424891233457039,0.4215502392344498,0.463428007456958,0.023280641630631763,0.6086319845857419,0.44026043552948274,0.465936052423455,0.4145848186355105,0.06475816242920113,0.6059570537981991,0.4587967100551914,0.41088788075178223,0.5067055393586006,0.002951572676870077,0.6091185410334347,0.4757222510835679,0.41630254633117375,0.5351419558359621,0.0065748000885172755,0.6371327208223415,0.4410705499882823,0.41951392724690284,0.46262717272966175,0.022602407909138214,0.6074462173533381,0.4395609162021008,0.46569458429458177,0.41342724810961984,0.06370731882367718,0.6053061454402073,0.4730197789587719,0.42571041948579164,0.5203291384317522,0.0035628203517963624,0.6249790162833642,0.4822502446063997,0.41782655246252676,0.5466739367502726,0.0075359302388172174,0.6456349206349207,0.44203826814075187,0.4172470978441128,0.466829438437391,0.024306963558394488,0.6079082699736719,0.4401877609589143,0.4634528153042106,0.416922706613618,0.06620613759651672,0.6056677748066778
semseg-ptv3-pheno4d-maize,1,Maize01,M01_0313_a,1554168,0.9553835704350234,0.933833358087034,0.9769337827830128,0.9965602174282316,0.4410332528885377,0.5963522200627897,0.2857142857142857,0.004998816086806575,0.6524649247007337,0.571741189801955,0.667312661498708,0.476169718105202,0.009080742879791631,0.7445617515765606,0.7651976636302295,0.7741875,0.7562078272604589,0.017505829485615455,0.8672032932701144,0.8785681826585936,0.8779886532486829,0.8791477120685042,0.0359645804057219,0.935360944628321,0.426307847082495,0.5669014084507042,0.2857142857142857,0.008270019714728395,0.6841982416556446,0.5710635824568563,0.6659574468085107,0.476169718105202,0.01724910048334543,0.8008803342285885,0.7859314998371261,0.8156551724137932,0.7562078272604589,0.040590206464166036,0.9152558493437322,0.8770329107839011,0.874918109499298,0.8791477120685042,0.08313258283531767,0.9586229315335676,0.4410332528885377,0.5963522200627897,0.2857142857142857,0.004998816086806575,0.6524649247007337,0.571741189801955,0.667312661498708,0.476169718105202,0.009080742879791631,0.7445617515765606,0.7651976636302295,0.7741875,0.7562078272604589,0.017505829485615455,0.8672032932701144,0.8785681826585936,0.8779886532486829,0.8791477120685042,0.0359645804057219,0.935360944628321,0.43357783368607095,0.5898516783762685,0.27730398899587344,0.004769754621122041,0.6456225549709969,0.5649307492700641,0.6613756613756614,0.46848583716446685,0.008842673378939729,0.7392126900967766,0.7638687029416935,0.772753003333543,0.754984402549844,0.017393229046023338,0.8663435927789287,0.8779187315030524,0.8766978363251655,0.8791396266809394,0.03576382990770625,0.934998110933199,0.4512568901615802,0.6074858757062147,0.2950279046169457,0.005303802420330363,0.662865461603785,0.5762357707046605,0.6682595111192795,0.48421203029004145,0.009182404990966227,0.7470394506341532,0.766206889962029,0.7747506234413966,0.7576631564826615,0.017588832095371928,0.8678299678080187,0.8788648683503263,0.8782353734160151,0.8794943632846375,0.0360585213438959,0.9355293445869988
semseg-ptv3-pheno4d-maize,1,Maize01,M01_0315_a,1301557,0.5769782978596751,0.6323477581292715,0.5216088375900789,0.9262629297064977,0.7464002572412691,0.7183734939759037,0.7744270205066345,0.001003413603860607,0.8568147013782542,0.8854442903374942,0.8925714285714286,0.8783171521035599,0.0023871409396591927,0.939491470872224,0.9659416668340439,0.9658306070519811,0.9660527266161069,0.008337706300991812,0.9826760044231478,0.9881759810876074,0.9880997594632231,0.9882522027119915,0.02428860203586935,0.9940530794293487,0.6876368546742426,0.6008466888418507,0.7744270205066345,0.004200353883848345,0.7585513078470825,0.809265649950323,0.7402141477970862,0.8783171521035599,0.008961574483484011,0.8731138545953361,0.9329689036987787,0.8998850807814507,0.9660527266161069,0.0266388640681891,0.9572854176280572,0.9728622073343338,0.9574722119566762,0.9882522027119915,0.06953364316737569,0.9834699785640096,0.7464002572412691,0.7183734939759037,0.7744270205066345,0.001003413603860607,0.8568147013782542,0.8854442903374942,0.8925714285714286,0.8783171521035599,0.0023871409396591927,0.939491470872224,0.9659416668340439,0.9658306070519811,0.9660527266161069,0.008337706300991812,0.9826760044231478,0.9881759810876074,0.9880997594632231,0.9882522027119915,0.02428860203586935,0.9940530794293487,0.7339233294289473,0.7046548956661316,0.7631917631917632,0.0009342656525991562,0.8486842105263158,0.880211157060625,0.8855054811205847,0.8749168330006654,0.002271894354223442,0.9364220493743659,0.9652718200128534,0.9653520088462956,0.9651916311794112,0.008174056149673046,0.9823291662750259,0.9880656333911727,0.9879626072480471,0.9881686595342983,0.024063487038984848,0.9939974457215837,0.7698321261539652,0.7506631299734748,0.7890011223344556,0.00111942849986593,0.8709677419354839,0.8932168975065713,0.9037871033776868,0.8826466916354557,0.0025876699983174,0.9441805225653207,0.9666379694730717,0.9663745304954391,0.9669014084507043,0.00851518604256287,0.9830370838220699,0.9882771036017974,0.9881634451929736,0.9883907620106213,0.02450065575307113,0.9941045501583619
semseg-ptv3-pheno4d-maize,1,Maize01,M01_0317_a,803846,0.83790339593797,0.7956843958563649,0.8801223960195752,0.9689219079276379,0.638190890945382,0.6187878787878788,0.6575939031028851,0.003555407379025336,0.7799160251924423,0.8014019571878483,0.8054648054648055,0.7973391089108911,0.007394451175971517,0.8898048452220727,0.9181478001177819,0.9244480220791168,0.911847578156447,0.019272348186095346,0.9575910147172735,0.9627460740068323,0.9639446822522226,0.9615474657614421,0.04310651542708429,0.9810395082393004,0.5922790210833342,0.5269641390637831,0.6575939031028851,0.006264881581795518,0.6568705321683876,0.7355824098324542,0.6738257107540173,0.7973391089108911,0.013090815902548498,0.7993918084196522,0.8850420473235834,0.8586034079518877,0.9114806866952789,0.03494450429559891,0.9246707013171948,0.9294411982160842,0.914144041055515,0.9447383553766533,0.08452862861791935,0.9635603696944722,0.638190890945382,0.6187878787878788,0.6575939031028851,0.003555407379025336,0.7799160251924423,0.8014019571878483,0.8054648054648055,0.7973391089108911,0.007394451175971517,0.8898048452220727,0.9181478001177819,0.9244480220791168,0.911847578156447,0.019272348186095346,0.9575910147172735,0.9627460740068323,0.9639446822522226,0.9615474657614421,0.04310651542708429,0.9810395082393004,0.6137843889955215,0.5975687779910429,0.63,0.0032767470386118732,0.761199696279423,0.7908990174089501,0.7901313681512335,0.7916666666666666,0.006978948704105015,0.8832442067736186,0.9169449984971225,0.9232655921513665,0.9106244048428785,0.018978759613159736,0.9569349764027268,0.9623819100589799,0.9635020276651297,0.9612617924528302,0.0426748407033188,0.9808477145522388,0.6713734909564002,0.6584845250800427,0.6842624568327578,0.004056747187894199,0.8037411836859859,0.8157050598378432,0.8241138560687433,0.8072962636069432,0.008046317329438724,0.8987322201607916,0.9210934672987441,0.9277783884797186,0.9144085461177697,0.020048616277247133,0.9592330603127327,0.9634599772850876,0.9647721179624665,0.9621478366077088,0.04397608497149952,0.9814144271570014
semseg-ptv3-pheno4d-maize,1,Maize01,M01_0319_a,860826,0.9845548221681393,0.9843818564783664,0.9847277878579122,0.9950315162413774,0.738947124279537,0.7627737226277372,0.7151205259313368,0.0030470733922999538,0.8513152878383531,0.8177475069282925,0.8582328328821068,0.777262180974478,0.007054851967761197,0.9051539601514902,0.9175650627230953,0.9421852899575672,0.8929448354886234,0.01947780387674164,0.9609948112363571,0.9628424276628283,0.9710542621935027,0.954630593132154,0.04223269278576623,0.9820107275477926,0.6642336365404504,0.613346747149564,0.7151205259313368,0.005468003986868426,0.7550456766517952,0.7740429634738935,0.7708237459733088,0.777262180974478,0.013205920824882148,0.8685784658691063,0.8904170142568673,0.8988615143666044,0.8819725141471302,0.03570756459493556,0.9453770577135793,0.9283431280794608,0.9303938490506826,0.9262924071082391,0.07852225653035573,0.9670976713909518,0.738947124279537,0.7627737226277372,0.7151205259313368,0.0030470733922999538,0.8513152878383531,0.8177475069282925,0.8582328328821068,0.777262180974478,0.007054851967761197,0.9051539601514902,0.9175650627230953,0.9421852899575672,0.8929448354886234,0.01947780387674164,0.9609948112363571,0.9628424276628283,0.9710542621935027,0.954630593132154,0.04223269278576623,0.9820107275477926,0.7397890853682987,0.7580095432856169,0.7215686274509804,0.0027729181042394167,0.8512777545035609,0.8118219183263586,0.8509527538501697,0.7726910828025477,0.006705187807989071,0.9010741510741511,0.9166340897228586,0.941403100080638,0.8918650793650794,0.019231528787466923,0.9604953186348535,0.9626288778774112,0.9707565730638527,0.9545011826909698,0.04191787887447637,0.9818756235450615,0.7343926919607731,0.7575757575757576,0.7112096263457884,0.003489671548024804,0.848202396804261,0.8269704726989637,0.8647032772364924,0.7892376681614349,0.007904036355779217,0.9101998824221046,0.9251495643477117,0.9483942239406612,0.9019049047547623,0.02170705810465762,0.9650005351600128,0.9652089845764574,0.9732723037312518,0.957145665421663,0.04539361032310827,0.9832633841744293
semseg-ptv3-pheno4d-maize,1,Maize01,M01_0321_a,1114990,0.6099420189482347,0.6900622067735591,0.5298218311229103,0.8153705414398336,0.1997071449965057,0.035175879396984924,0.36423841059602646,0.0013856626516829747,0.3786407766990291,0.26266923040851003,0.16551950180268765,0.3598189590143324,0.00401976699342595,0.4319500223114681,0.4866169317984673,0.518482921780275,0.4547509418166597,0.017002843074825785,0.6564511024369659,0.6769238461446849,0.6884502624940342,0.6653974297953356,0.04260845388747881,0.807632398753894,0.13915169185230356,0.08206185567010309,0.196241528034504,0.0047874868832904335,0.44923192206819035,0.2303518284689019,0.17707029153997497,0.2836333653978288,0.011964232863075006,0.5832833583208396,0.47620474294736226,0.4827460002091394,0.46966348568558514,0.03901380281437502,0.7493103448275862,0.681163306873507,0.6729058841264258,0.6894207296205882,0.0907174055372694,0.8612838485798179,0.1997071449965057,0.035175879396984924,0.36423841059602646,0.0013856626516829747,0.3786407766990291,0.26266923040851003,0.16551950180268765,0.3598189590143324,0.00401976699342595,0.4319500223114681,0.4866169317984673,0.518482921780275,0.4547509418166597,0.017002843074825785,0.6564511024369659,0.6769238461446849,0.6884502624940342,0.6653974297953356,0.04260845388747881,0.807632398753894,0.1972983337329836,0.014475271411338963,0.38012139605462825,0.0011928358101866384,0.38571428571428573,0.2519488075787943,0.15311510031678988,0.3507825148407987,0.0037139346541224584,0.41898092248249214,0.4853378895143381,0.5161070780399274,0.45456870098874874,0.01664319859370936,0.6551705555854933,0.6769801733284495,0.6874892622753668,0.6664710843815321,0.04240127714149903,0.8076231571377203,0.2036043178107551,0.05087440381558029,0.35633423180592994,0.0017210916689835783,0.3778009379885357,0.26954948696965453,0.18059144415733563,0.3585075297819735,0.004554300935434398,0.43796770382040173,0.49877280671003876,0.5309106098579783,0.46663500356209925,0.018169669683136172,0.6674070783355546,0.680369377487285,0.6906560636182902,0.6700826913562796,0.044073937882850966,0.8100199422082943
semseg-ptv3-pheno4d-maize,1,Maize01,M01_0324_a,1214597,0.8682153619059078,0.8748624636657744,0.8615682601460412,0.9371906895867518,0.2818245813241816,0.12411847672778561,0.4395306859205776,0.0029540662458412133,0.4807692307692308,0.2718829873513515,0.1606596395783747,0.3831063351243284,0.007367052610865991,0.44825659365221276,0.35956136933941507,0.33907427341227125,0.38004846526655894,0.02686899440719844,0.5296460854910372,0.5390970442556056,0.5802143877079018,0.49797970080330944,0.05798466487238154,0.7036263985914692,0.3143501143592792,0.22252841887702376,0.4061718098415346,0.004475558559752741,0.5792862398822664,0.30723835637834407,0.2511204672008692,0.3633562455558189,0.010634803148698704,0.5707981729503755,0.4001763292066387,0.4355532786885246,0.36479937972475285,0.0372172827695112,0.6337271037961243,0.5545872778311938,0.626563022400535,0.4826115332618526,0.0793275465030788,0.7678384240952352,0.2818245813241816,0.12411847672778561,0.4395306859205776,0.0029540662458412133,0.4807692307692308,0.2718829873513515,0.1606596395783747,0.3831063351243284,0.007367052610865991,0.44825659365221276,0.35956136933941507,0.33907427341227125,0.38004846526655894,0.02686899440719844,0.5296460854910372,0.5390970442556056,0.5802143877079018,0.49797970080330944,0.05798466487238154,0.7036263985914692,0.28541397209390923,0.12595837897042717,0.4448695652173913,0.002556403481977973,0.4859903381642512,0.27999185508510005,0.16722909636295463,0.3927546138072454,0.006756973712268349,0.45875472157913977,0.35671165332265087,0.33312778046954145,0.3802955261757603,0.026341247343769168,0.5267862724260799,0.5363980161055913,0.575325177600912,0.49747085461027074,0.057451154580490486,0.7010174835196331,0.2833937755672735,0.12838633686690223,0.43840121426764483,0.003523802545206352,0.48130841121495327,0.2700933534005857,0.1556547619047619,0.38453194489640957,0.00845136288003346,0.4472479298587433,0.36916601218434897,0.34651220316622694,0.39181982120247094,0.028378136945834707,0.5401241731461065,0.5463167153313939,0.585580616566532,0.5070528140962557,0.05961236525366027,0.7094399558041572
semseg-ptv3-pheno4d-maize,1,Maize01,M01_0325_a,1407956,0.7807950295021364,0.8202559814156599,0.7413340775886129,0.9071696842799065,0.2148535627725755,0.036284470246734396,0.3934226552984166,0.0023857279630897558,0.4069663590354272,0.2700501096734135,0.10975609756097561,0.43034412178585135,0.00594194704948166,0.4677265120726751,0.30768288616336353,0.17606090055069648,0.43930487177603056,0.021647693535877543,0.4992945962794055,0.3995467526150327,0.32563175232084035,0.473461752909225,0.049529246652594255,0.5801964580196458,0.18542881974539852,0.027788069655427936,0.34306956983536907,0.003832506129452909,0.4822090437361008,0.2308710464762772,0.08683960771907624,0.3749024852334782,0.0091679001332428,0.5110009296560273,0.2761785848270192,0.16292908210844176,0.38942808754559666,0.03174673072169869,0.5623741554431966,0.3975675314854288,0.3510654936461388,0.4440695693247187,0.07616644270133442,0.6838463618646201,0.2148535627725755,0.036284470246734396,0.3934226552984166,0.0023857279630897558,0.4069663590354272,0.2700501096734135,0.10975609756097561,0.43034412178585135,0.00594194704948166,0.4677265120726751,0.30768288616336353,0.17606090055069648,0.43930487177603056,0.021647693535877543,0.4992945962794055,0.3995467526150327,0.32563175232084035,0.473461752909225,0.049529246652594255,0.5801964580196458,0.21128181431974086,0.03059490084985836,0.39196872778962333,0.0020369954742903897,0.40341701534170155,0.2641406874830598,0.11040105773468488,0.41788031723143476,0.005281415044220132,0.45710059171597633,0.30401273761922754,0.17988562185893361,0.4281398533795215,0.01984437013656677,0.4918754473872584,0.39706736154712746,0.326125087099642,0.4680096359946129,0.047083857734190555,0.5769323598624269,0.21879312626424938,0.04142011834319527,0.3961661341853035,0.002737301449761214,0.41152049818370523,0.2673335080067198,0.1054945054945055,0.42917251051893407,0.006485998141987391,0.4651773981603154,0.3046601118875115,0.17507311816922366,0.4342471056057993,0.022606530317708793,0.4948945929812435,0.40011191725413947,0.3274901297236323,0.47273370478464666,0.05046393495251272,0.5804562919592968
semseg-ptv3-pheno4d-maize,1,Maize02,M02_0313_a,1729943,0.5072973978861508,0.5549071618037136,0.459687633968588,0.9354967186780142,0.836850161617836,0.8485169491525424,0.8251833740831296,0.0009358689852787057,0.9116738727609636,0.8606226171842434,0.8744567841622405,0.8467884502062463,0.0020278124770584925,0.9258836944127709,0.954747017912625,0.9507407407407408,0.9587532950845092,0.006695596328896386,0.9770353103686437,0.9827269511222476,0.9837785095743383,0.981675392670157,0.017716190649056066,0.9913208039676324,0.7203951552496572,0.615606936416185,0.8251833740831296,0.0018873454212075195,0.7963246554364471,0.8217434866148521,0.7966985230234579,0.8467884502062463,0.005434283094876536,0.9004361238166153,0.9499630460934319,0.9411727971023544,0.9587532950845092,0.026666774570029184,0.9795803346917541,0.9770197065445487,0.9723640204189403,0.981675392670157,0.0731989435490071,0.992561004501303,0.836850161617836,0.8485169491525424,0.8251833740831296,0.0009358689852787057,0.9116738727609636,0.8606226171842434,0.8744567841622405,0.8467884502062463,0.0020278124770584925,0.9258836944127709,0.954747017912625,0.9507407407407408,0.9587532950845092,0.006695596328896386,0.9770353103686437,0.9827269511222476,0.9837785095743383,0.981675392670157,0.017716190649056066,0.9913208039676324,0.8494272039524471,0.8576470588235294,0.8412073490813649,0.0008618781081226375,0.9188464118041583,0.8560680122553033,0.8773534158149543,0.8347826086956521,0.001740519774350947,0.9242776486217203,0.9480665714641031,0.9428325811304534,0.9533005617977528,0.005828515737223712,0.9736189626103342,0.980803728040406,0.9804339830820155,0.9811734729987968,0.01587219925743218,0.9903124772379635,0.7895138320510722,0.8053691275167785,0.7736585365853659,0.001147436649646838,0.8831234256926952,0.8697874980890117,0.8842975206611571,0.8552774755168662,0.0022376459802432797,0.9312839059674503,0.9567719495420847,0.9532513181019332,0.9602925809822361,0.007007745341898548,0.9780582364101295,0.9833420366000187,0.9844280529212036,0.982256020278834,0.018386154919555153,0.9916370610243028
semseg-ptv3-pheno4d-maize,1,Maize02,M02_0315_a,1441265,0.27776473429372767,0.33830815682901483,0.21722131175844053,0.7950335295729793,0.5223463980823415,0.5058139534883721,0.538878842676311,0.0022591265312069606,0.6867321867321867,0.6789863035868575,0.689108910891089,0.6688636962826259,0.004563352332846492,0.8090314733161016,0.8711966353733576,0.8876775980698776,0.8547156726768377,0.01289561600399649,0.9323684493704939,0.9396936010531567,0.9501961250445738,0.9291910770617395,0.028956506957429757,0.9698806728327024,0.5189620184100843,0.4990451941438574,0.538878842676311,0.003917392013266124,0.7212185618136734,0.6896833274312537,0.7105029585798817,0.6688636962826259,0.00971507668610561,0.8602342522496786,0.8776876181750499,0.9006595636732623,0.8547156726768377,0.03474309027139353,0.9608978711506969,0.941586772167383,0.9539824672730264,0.9291910770617395,0.08916750215956122,0.9847643058343838,0.5223463980823415,0.5058139534883721,0.538878842676311,0.0022591265312069606,0.6867321867321867,0.6789863035868575,0.689108910891089,0.6688636962826259,0.004563352332846492,0.8090314733161016,0.8711966353733576,0.8876775980698776,0.8547156726768377,0.01289561600399649,0.9323684493704939,0.9396936010531567,0.9501961250445738,0.9291910770617395,0.028956506957429757,0.9698806728327024,0.5153063378895084,0.4920797138477261,0.5385329619312906,0.002162683475974231,0.6811036252807187,0.6747757005744652,0.6822666329370098,0.6672847682119205,0.004490499665224646,0.8059332509270705,0.8705211570112349,0.8863266413456321,0.8547156726768377,0.012803335958342151,0.9318809949601691,0.939567663411405,0.9499442497610704,0.9291910770617395,0.02886838992135381,0.96978873747206,0.5407502212722028,0.5293321299638989,0.5521683125805067,0.002429809923921,0.702170188463735,0.6940256510811771,0.7115958668197474,0.6764554353426069,0.004843661644458167,0.8200830826529151,0.8721944545476799,0.8891045434494927,0.855284365645867,0.013019118621488761,0.9330100191856747,0.9397573067867944,0.9501961250445738,0.9293184885290149,0.028978709675181177,0.9699037494612843
semseg-ptv3-pheno4d-maize,1,Maize02,M02_0317_a,861631,0.5201182107856597,0.5475499543984744,0.49268646717284503,0.8416665602792843,0.7269506785481349,0.7283037475345168,0.725597609561753,0.004044654846448189,0.8418938307030129,0.833662351959483,0.8487014534191089,0.8186232504998572,0.00819724452811006,0.9100948605408467,0.9335309617788297,0.9500962649210628,0.9169656586365966,0.023375435656330844,0.9678268209125664,0.9658013927403803,0.9773299748110831,0.9542728106696775,0.04886894738002695,0.9846106348113141,0.7118947714011825,0.6981919332406119,0.725597609561753,0.0048501040468599665,0.8442211055276382,0.8285456860115888,0.8384681215233205,0.8186232504998572,0.011103360951497799,0.9210828890979409,0.9360240622110343,0.955082465785472,0.9169656586365966,0.04134832660384782,0.9784433154629916,0.967222378535985,0.9801719464022927,0.9542728106696775,0.09852593511607637,0.990953317705818,0.7269506785481349,0.7283037475345168,0.725597609561753,0.004044654846448189,0.8418938307030129,0.833662351959483,0.8487014534191089,0.8186232504998572,0.00819724452811006,0.9100948605408467,0.9335309617788297,0.9500962649210628,0.9169656586365966,0.023375435656330844,0.9678268209125664,0.9658013927403803,0.9773299748110831,0.9542728106696775,0.04886894738002695,0.9846106348113141,0.7170551600450554,0.7234151329243353,0.7106951871657754,0.0038125369212574757,0.8353120243531202,0.8286826856377278,0.8452351937606629,0.8121301775147929,0.007947717758530044,0.9072721962616822,0.9325087110849646,0.9490205333962709,0.9159968887736583,0.022952981032483742,0.9672346665318299,0.9655628310242346,0.9770668176670442,0.9540588443814251,0.048411675067401246,0.9844652746146285,0.735773803876925,0.7379518072289156,0.7335958005249343,0.004643519093440232,0.8477880529867533,0.8433713631642022,0.858854280113265,0.8278884462151395,0.008945824836850113,0.9159314997405293,0.9353928473235309,0.9519073771708476,0.9188783174762143,0.024156512474597595,0.9688671086768521,0.9664296194098803,0.9779531845400109,0.9549060542797495,0.05003766113336219,0.9849700793245814
semseg-ptv3-pheno4d-maize,1,Maize02,M02_0319_a,1133991,0.8702296077876437,0.865844757299811,0.8746144582754765,0.9628348020398751,0.5702867297262277,0.604494382022472,0.5360790774299835,0.0045741103765373796,0.7285521496047812,0.7148886876427698,0.7826979155416351,0.6470794597439046,0.011418080037672257,0.8446092060549892,0.851396038347459,0.9139235112389474,0.7888685654559707,0.03282036629920343,0.9348702240851201,0.9318901378121531,0.9525326973079705,0.9112475783163358,0.06709047955407053,0.9680862250262882,0.5233161034893732,0.5105531295487628,0.5360790774299835,0.008915414672603221,0.7339268051434223,0.7000003126259828,0.752921165508061,0.6470794597439046,0.021840561344843124,0.8651027577017806,0.8440734123461872,0.8992782592364036,0.7888685654559707,0.06378004763706238,0.948096120343998,0.9261853501100286,0.9428519290135191,0.909518771206538,0.13789527430111878,0.9756350241731256,0.5702867297262277,0.604494382022472,0.5360790774299835,0.0045741103765373796,0.7285521496047812,0.7148886876427698,0.7826979155416351,0.6470794597439046,0.011418080037672257,0.8446092060549892,0.851396038347459,0.9139235112389474,0.7888685654559707,0.03282036629920343,0.9348702240851201,0.9318901378121531,0.9525326973079705,0.9112475783163358,0.06709047955407053,0.9680862250262882,0.5462386522990627,0.5821831869510665,0.5102941176470588,0.004035305394839994,0.708916083916084,0.7043588456803425,0.7754708418425232,0.6332468495181616,0.010785799887300693,0.8381980214209794,0.8475044113139082,0.9124430626852722,0.7825657599425442,0.032080501520735175,0.9334231287281124,0.9311146945589857,0.9518234850589309,0.9104059040590405,0.06619981992802412,0.9676568536033036,0.5930535108394486,0.6317902692489372,0.5543167524299599,0.005443605813450019,0.7474485663372752,0.7278413266200798,0.7911582316463293,0.6645244215938303,0.012463943717366364,0.8522711192868261,0.8575634096690343,0.9167209741039273,0.7984058452341415,0.03418986570440154,0.9373758737200485,0.9330139466696306,0.9531310323527141,0.9128968609865471,0.06812311561555603,0.9685699861490467
semseg-ptv3-pheno4d-maize,1,Maize02,M02_0321_a,1444663,0.622535388421634,0.6660090111066178,0.5790617657366501,0.8301195503726475,0.21682671322566566,0.0,0.4336534264513313,0.003172366150444775,0.43355880427667465,0.17732276530162924,0.0,0.3546455306032585,0.007860656776009353,0.3546143008101444,0.1318478719322751,0.018953151228444987,0.24474259263610518,0.029890015872213797,0.2555985271299877,0.16856569169475644,0.08636914570537527,0.25076223768413763,0.06636980389198034,0.3003170563818026,0.19933230630685325,0.0015822784810126582,0.39708233413269384,0.005415795933030748,0.43545501022494887,0.17393729190830642,0.029534662867996202,0.31833992094861663,0.01233782549978784,0.42667190305206465,0.14272735322830243,0.06332726467549082,0.22212744178111404,0.045672935487376644,0.42299414991967504,0.17594909780118967,0.12257534808935719,0.22932284751302218,0.1045136478195953,0.489671296204309,0.21682671322566566,0.0,0.4336534264513313,0.003172366150444775,0.43355880427667465,0.17732276530162924,0.0,0.3546455306032585,0.007860656776009353,0.3546143008101444,0.1318478719322751,0.018953151228444987,0.24474259263610518,0.029890015872213797,0.2555985271299877,0.16856569169475644,0.08636914570537527,0.25076223768413763,0.06636980389198034,0.3003170563818026,0.2196011673151751,0.0,0.4392023346303502,0.0028470307608071915,0.4390955506929249,0.17450331125827814,0.0,0.3490066225165563,0.0073172774550189215,0.3489736070381232,0.12803231591311615,0.013453764527539162,0.2426108672986931,0.0288440972046768,0.25034797216222704,0.1696431981141075,0.08747836766594094,0.251808028562274,0.0648296523133769,0.3018781297713999,0.20781932055418487,0.0,0.41563864110836973,0.003647909581680987,0.4155597722960152,0.1718775181305399,0.0,0.3437550362610798,0.008590930895302227,0.34372733865119653,0.13255448762097563,0.023355424999276474,0.2417535502426748,0.03136510037288973,0.2552524717514124,0.16921047733831013,0.08657805437450541,0.2518429003021148,0.0674766364197048,0.3013818077368923
semseg-ptv3-pheno4d-maize,1,Maize02,M02_0324_a,1311008,0.4962416003577328,0.4399069307697117,0.5525762699457539,0.6920255253972516,0.20474406991260924,0.0,0.4094881398252185,0.00366588152017379,0.4094881398252185,0.19664989108390296,0.0,0.3932997821678059,0.010154781664185115,0.3932997821678059,0.14307444893669918,0.00421267105371844,0.28193622681967995,0.03853447118553052,0.2841109285615313,0.1394170842038089,0.03521564117308798,0.24361852723452984,0.08693234518782494,0.2639401942633523,0.20474406991260924,0.0,0.4094881398252185,0.0039343772120383706,0.4288483908491663,0.19722334381989418,0.00120598166907863,0.3932407059707097,0.010735251043471894,0.4114679550945005,0.15009047805491765,0.019131970459167293,0.281048985650668,0.04096847616490517,0.31748277788121393,0.1460761767044001,0.051111432031015674,0.24104092137778452,0.09552039346823207,0.31789216469160253,0.20474406991260924,0.0,0.4094881398252185,0.00366588152017379,0.4094881398252185,0.19664989108390296,0.0,0.3932997821678059,0.010154781664185115,0.3932997821678059,0.14307444893669918,0.00421267105371844,0.28193622681967995,0.03853447118553052,0.2841109285615313,0.1394170842038089,0.03521564117308798,0.24361852723452984,0.08693234518782494,0.2639401942633523,0.20190742033030937,0.0,0.40381484066061873,0.0032791561912665673,0.40381484066061873,0.19019177636925078,0.0,0.38038355273850155,0.009386670409333886,0.38038355273850155,0.13964610202307015,0.004369680699148912,0.2749225233469914,0.03679001196026264,0.2772225908110798,0.1360214075247195,0.03466632347435417,0.2373764915750848,0.08478514242476018,0.2577055256670925,0.2054733464075593,0.0,0.4109466928151186,0.004278387317239864,0.4109466928151186,0.2059000200226924,0.0,0.4118000400453848,0.011428610656838097,0.4118000400453848,0.1516507526647645,0.005325781980671308,0.2979757233488577,0.04175641948790549,0.300604643516066,0.14521532750272312,0.034693764228996615,0.2557368907764496,0.0914654983035954,0.27512675962372407
semseg-ptv3-pheno4d-maize,1,Maize02,M02_0325_a,1671990,0.5027539305153097,0.5120373584672376,0.4934705025633817,0.6878815064683401,0.23757734858428653,0.0,0.47515469716857306,0.003189612378064462,0.47515469716857306,0.2277882797731569,0.0,0.4555765595463138,0.006960567945980538,0.4555765595463138,0.17507904201082874,0.00015808402165751098,0.35,0.023280641630631763,0.3500578034682081,0.13995345931726716,0.005981332148072893,0.2739255864864614,0.06475816242920113,0.27708150542599863,0.23757734858428653,0.0,0.47515469716857306,0.00443423704687229,0.51106015646075,0.22737799125139377,0.0,0.45475598250278754,0.009500056818521643,0.4780282044824981,0.17078171285478808,0.0025727826675693974,0.33899064304200677,0.029680201436611462,0.4062670025188917,0.1372432588574901,0.010545365955521526,0.2639411517594587,0.0801003594519106,0.36316052775019225,0.23757734858428653,0.0,0.47515469716857306,0.003189612378064462,0.47515469716857306,0.2277882797731569,0.0,0.4555765595463138,0.006960567945980538,0.4555765595463138,0.17507904201082874,0.00015808402165751098,0.35,0.023280641630631763,0.3500578034682081,0.13995345931726716,0.005981332148072893,0.2739255864864614,0.06475816242920113,0.27708150542599863,0.2381965552178318,0.0,0.4763931104356636,0.002951572676870077,0.4763931104356636,0.22973710543072864,0.0,0.4594742108614573,0.0065748000885172755,0.4594742108614573,0.175583047960311,0.00016307893020221786,0.35100301699041975,0.022602407909138214,0.3510624222698526,0.13951787145857847,0.005944168654503256,0.2730915742626537,0.06370731882367718,0.27623500253478284,0.23854289071680376,0.0,0.4770857814336075,0.0035628203517963624,0.4770857814336075,0.23297619047619048,0.0,0.46595238095238095,0.0075359302388172174,0.46595238095238095,0.1764221166698571,0.00015203922612033906,0.35269219411359387,0.024306963558394488,0.35274722570802886,0.14150507170676488,0.006259351620947631,0.2767507917925821,0.06620613759651672,0.28002818530028184
semseg-ptv3-pheno4d-maize,2,Maize01,M01_0313_a,1554168,0.9517963356579534,0.9316264947332908,0.971966176582616,0.9964778582495586,0.4518816509300646,0.5861221983420325,0.31764110351809666,0.004998816086806575,0.6529797914789548,0.5429629477439738,0.6265285167553439,0.4593973787326037,0.009080742879791631,0.7165025154113229,0.728657433474807,0.7316659335134795,0.7256489334361347,0.017505829485615455,0.8430550961149704,0.8535567009969,0.8504995766299746,0.8566138253638254,0.0359645804057219,0.9210305036228643,0.44988308007803335,0.5821250566379701,0.31764110351809666,0.008270019714728395,0.7129852952618065,0.5630539828638972,0.6667105869951907,0.4593973787326037,0.01724910048334543,0.8112876753207997,0.7684734838953295,0.8112980343545245,0.7256489334361347,0.040590206464166036,0.9155411831843256,0.8631252569344439,0.8696366885050625,0.8566138253638254,0.08313258283531767,0.9576477144316652,0.4518816509300646,0.5861221983420325,0.31764110351809666,0.004998816086806575,0.6529797914789548,0.5429629477439738,0.6265285167553439,0.4593973787326037,0.009080742879791631,0.7165025154113229,0.728657433474807,0.7316659335134795,0.7256489334361347,0.017505829485615455,0.8430550961149704,0.8535567009969,0.8504995766299746,0.8566138253638254,0.0359645804057219,0.9210305036228643,0.444900725817644,0.5819868820988642,0.30781456953642383,0.004769754621122041,0.6475111290975314,0.5363126131785707,0.6201720841300191,0.4524531422271224,0.008842673378939729,0.7109073710252493,0.727145109001066,0.729951935239059,0.724338282763073,0.017393229046023338,0.8420390648120746,0.8527588693170514,0.848913229505391,0.8566045091287116,0.03576382990770625,0.9205872299084252,0.4638428782061205,0.5987224157955865,0.32896334061665455,0.005303802420330363,0.6646851874317603,0.5468835683551335,0.627206838877532,0.466560297832735,0.009182404990966227,0.7188704365496461,0.7297737934095991,0.7323387450636244,0.727208841755574,0.017588832095371928,0.8437957272461223,0.8539080265889563,0.8508027716748352,0.8570132815030774,0.0360585213438959,0.9212362377545011
semseg-ptv3-pheno4d-maize,2,Maize01,M01_0315_a,1301557,0.9809232480925627,0.9870455479149629,0.9748009482701625,0.9974077201382652,0.33160049580640166,0.0595903165735568,0.6036106750392465,0.001003413603860607,0.613323124042879,0.6005618739646498,0.5369913686806412,0.6641323792486583,0.0023871409396591927,0.7582877373672353,0.8502072093984159,0.8377372534425009,0.8626771653543307,0.008337706300991812,0.9196461481754515,0.9458262749945239,0.9439055520102106,0.9477469979788372,0.02428860203586935,0.9721949830765824,0.5858333714554402,0.5680560678716341,0.6036106750392465,0.004200353883848345,0.7858057435522224,0.6858104176909825,0.7074884561333066,0.6641323792486583,0.008961574483484011,0.8750857338820301,0.8752857267521867,0.8878942881500427,0.8626771653543307,0.0266388640681891,0.9544877711121366,0.9499802897876738,0.9533952408589669,0.9465653387163807,0.06953364316737569,0.9822545358113632,0.33160049580640166,0.0595903165735568,0.6036106750392465,0.001003413603860607,0.613323124042879,0.6005618739646498,0.5369913686806412,0.6641323792486583,0.0023871409396591927,0.7582877373672353,0.8502072093984159,0.8377372534425009,0.8626771653543307,0.008337706300991812,0.9196461481754515,0.9458262749945239,0.9439055520102106,0.9477469979788372,0.02428860203586935,0.9721949830765824,0.31728482005747727,0.036072144288577156,0.5984974958263773,0.0009342656525991562,0.6044407894736842,0.5808329188889116,0.5039630118890357,0.6577028258887876,0.002271894354223442,0.7460263780858979,0.8475293556654944,0.8354095885239713,0.8596491228070176,0.008174056149673046,0.9180374095309709,0.9453236661384924,0.9432537120723047,0.9473936202046801,0.024063487038984848,0.9719348659003831,0.33322865104973276,0.07667731629392971,0.5897799858055358,0.00111942849986593,0.6032944406314344,0.628079521216663,0.5854326396495071,0.670726402783819,0.0025876699983174,0.7752375296912114,0.852714436243574,0.8400146439685154,0.8654142285186326,0.00851518604256287,0.9211404854281332,0.9462709075515516,0.9442081878768644,0.9483336272262387,0.02450065575307113,0.9724356361127662
semseg-ptv3-pheno4d-maize,2,Maize01,M01_0317_a,803846,0.7102823698918825,0.6300403877221324,0.7905243520616326,0.9430226685210849,0.350911836739338,0.4634246015529219,0.23839907192575405,0.003555407379025336,0.5405878236529041,0.4545312525022559,0.5759429153924567,0.3331195896120551,0.007394451175971517,0.6500672947510094,0.7043853996426556,0.7597650787731891,0.649005720512122,0.019272348186095346,0.8336560805577072,0.8519862273695689,0.8656219392752204,0.8383505154639175,0.04310651542708429,0.920810366223197,0.3702465918879817,0.5020941118502094,0.23839907192575405,0.006264881581795518,0.5986894360603654,0.47182726205493586,0.6105349344978166,0.3331195896120551,0.013090815902548498,0.7287845671386487,0.7217996605502868,0.7945936005884516,0.649005720512122,0.03494450429559891,0.8807048771804913,0.8550852671609794,0.879163235051886,0.831007299270073,0.08452862861791935,0.9460175428268676,0.350911836739338,0.4634246015529219,0.23839907192575405,0.003555407379025336,0.5405878236529041,0.4545312525022559,0.5759429153924567,0.3331195896120551,0.007394451175971517,0.6500672947510094,0.7043853996426556,0.7597650787731891,0.649005720512122,0.019272348186095346,0.8336560805577072,0.8519862273695689,0.8656219392752204,0.8383505154639175,0.04310651542708429,0.920810366223197,0.34529852962811836,0.46123348017621146,0.2293635790800252,0.0032767470386118732,0.5356871678056189,0.44197429247266207,0.5579835569017741,0.32596502804355,0.006978948704105015,0.6358288770053476,0.7003934566921864,0.75672613990371,0.6440607734806629,0.018978759613159736,0.8310828526481384,0.8506466804032737,0.8641516906777563,0.837141670128791,0.0426748407033188,0.9200093283582089,0.359922996371629,0.4805565465572601,0.2392894461859979,0.004056747187894199,0.5535111928856179,0.47415740521802985,0.5983452425723956,0.349969567863664,0.008046317329438724,0.6697588126159555,0.7137865221395404,0.7683529517476863,0.6592200925313946,0.020048616277247133,0.8400347480764457,0.8546356506617393,0.8683806600153492,0.8408906413081294,0.04397608497149952,0.9223762376237624
semseg-ptv3-pheno4d-maize,2,Maize01,M01_0319_a,860826,0.7200001467767976,0.716102531118209,0.7238977624353861,0.9097564432301068,0.5150828783817645,0.6498378879110699,0.380327868852459,0.0030470733922999538,0.7117804041174228,0.6874927487558391,0.7892712117973926,0.5857142857142857,0.007054851967761197,0.8376420220648774,0.844851002567127,0.8951207243460765,0.7945812807881774,0.01947780387674164,0.9253891572732152,0.929600839981521,0.9461008186126669,0.9131008613503752,0.04223269278576623,0.965589327465273,0.4998292456555069,0.6193306224585549,0.380327868852459,0.005468003986868426,0.7414489058848523,0.682217261904762,0.778720238095238,0.5857142857142857,0.013205920824882148,0.8691942294159043,0.8450576191073438,0.8955339574265101,0.7945812807881774,0.03570756459493556,0.9430021471793871,0.9131813035648975,0.9345715623536757,0.8917910447761194,0.07852225653035573,0.9689913305914726,0.5150828783817645,0.6498378879110699,0.380327868852459,0.0030470733922999538,0.7117804041174228,0.6874927487558391,0.7892712117973926,0.5857142857142857,0.007054851967761197,0.8376420220648774,0.844851002567127,0.8951207243460765,0.7945812807881774,0.01947780387674164,0.9253891572732152,0.929600839981521,0.9461008186126669,0.9131008613503752,0.04223269278576623,0.965589327465273,0.4985642785388533,0.631979695431472,0.36514886164623467,0.0027729181042394167,0.6962714704650188,0.6758111813963137,0.7782774904429953,0.5733448723496322,0.006705187807989071,0.8291753291753292,0.8431394533564971,0.8937760040757409,0.7925029026372533,0.019231528787466923,0.9244337058290547,0.9292070111395762,0.9455613577023498,0.9128526645768025,0.04191787887447637,0.965330894579315,0.5329988866387888,0.6567779151215493,0.40921985815602835,0.003489671548024804,0.7227030625832224,0.7124515907372253,0.8024162120031177,0.6224869694713329,0.007904036355779217,0.8509700176366843,0.8588425479068083,0.9058619911204756,0.8118231046931408,0.02170705810465762,0.9330514823932355,0.9340268582162466,0.9501295594977078,0.9179241569347855,0.04539361032310827,0.9679854642235644
semseg-ptv3-pheno4d-maize,2,Maize01,M01_0321_a,1114990,0.3053558239360016,0.28622656175997857,0.32448508611202465,0.5740831756338622,0.5499862090270193,0.6576131687242799,0.44235924932975873,0.0013856626516829747,0.7307443365695793,0.6994129407922511,0.7885357885357885,0.6102900930487137,0.00401976699342595,0.8411423471664435,0.8740408439038725,0.922121080768675,0.82596060703907,0.017002843074825785,0.9431374617575694,0.948446879738795,0.9596627318718381,0.937231027605752,0.04260845388747881,0.9748252925823019,0.48150898004309517,0.6171184891867194,0.3458994708994709,0.0047874868832904335,0.7379168227800674,0.6088527288171586,0.7168231046931408,0.5008823529411764,0.011964232863075006,0.8420539730134933,0.779324851663763,0.8418115874639636,0.7168381158635625,0.03901380281437502,0.9184367816091954,0.8551529431563183,0.8733718092022721,0.8369340771103646,0.0907174055372694,0.9436376039308347,0.5499862090270193,0.6576131687242799,0.44235924932975873,0.0013856626516829747,0.7307443365695793,0.6994129407922511,0.7885357885357885,0.6102900930487137,0.00401976699342595,0.8411423471664435,0.8740408439038725,0.922121080768675,0.82596060703907,0.017002843074825785,0.9431374617575694,0.948446879738795,0.9596627318718381,0.937231027605752,0.04260845388747881,0.9748252925823019,0.5212225393076144,0.6188642925890279,0.42358078602620086,0.0011928358101866384,0.7022556390977444,0.6822933164396578,0.7792207792207793,0.5853658536585366,0.0037139346541224584,0.8316831683168316,0.8720723403141006,0.920605612998523,0.8235390676296782,0.01664319859370936,0.9420703777550251,0.9483301054300795,0.9593799925218396,0.9372802183383194,0.04240127714149903,0.974723438458447,0.5655913127930636,0.6724367509986684,0.45874587458745875,0.0017210916689835783,0.7436164669098488,0.7059554445341121,0.7928402211108186,0.6190706679574056,0.004554300935434398,0.8450177235131942,0.8783545232502605,0.9237738419618529,0.8329352045386682,0.018169669683136172,0.9447652895009625,0.9475730432926794,0.9585847324239245,0.9365613541614345,0.044073937882850966,0.9742989703308779
semseg-ptv3-pheno4d-maize,2,Maize01,M01_0324_a,1214597,0.5584877483907783,0.49073778619537284,0.6262377105861837,0.7542180657452636,0.36254225324556094,0.268018018018018,0.4570664884731039,0.0029540662458412133,0.5471014492753623,0.4097918783224115,0.3763171098845961,0.4432666467602269,0.007367052610865991,0.5832588287885561,0.5208676466010005,0.5638024183174685,0.4779328748845325,0.02686899440719844,0.6882794545733109,0.6252992179988773,0.6838217583299879,0.5667766776677667,0.05798466487238154,0.7763389560970069,0.32721247293401967,0.2869793374877009,0.36744560838033846,0.004475558559752741,0.5406548933038999,0.3831271282273394,0.3983028374436489,0.36795141901102985,0.010634803148698704,0.5919331114035766,0.4911270311320513,0.5774466207271123,0.40480744153699033,0.0372172827695112,0.6933014777453322,0.6015556387487122,0.6939448990816514,0.5091663784157731,0.0793275465030788,0.7920415979076502,0.36254225324556094,0.268018018018018,0.4570664884731039,0.0029540662458412133,0.5471014492753623,0.4097918783224115,0.3763171098845961,0.4432666467602269,0.007367052610865991,0.5832588287885561,0.5208676466010005,0.5638024183174685,0.4779328748845325,0.02686899440719844,0.6882794545733109,0.6252992179988773,0.6838217583299879,0.5667766776677667,0.05798466487238154,0.7763389560970069,0.354169424459858,0.25417536534446766,0.4541634835752483,0.002556403481977973,0.5397745571658615,0.41532440996630465,0.3791198674277297,0.4515289525048796,0.006756973712268349,0.5891312294382844,0.5149543890933723,0.5546929824561404,0.47521579573060424,0.026341247343769168,0.6826592486091142,0.6230748590606101,0.679993499106127,0.566156219015093,0.057451154580490486,0.774261966179421,0.372869669722422,0.2820901173797804,0.46364922206506365,0.003523802545206352,0.5570093457943925,0.4135659168126986,0.37846560070412205,0.4486662329212752,0.00845136288003346,0.5872381880175354,0.5262882354904825,0.5644479119615653,0.48812855901939967,0.028378136945834707,0.6922652895439247,0.6297449788535671,0.6855609295741418,0.5739290281329923,0.05961236525366027,0.7791174642635177
semseg-ptv3-pheno4d-maize,2,Maize01,M01_0325_a,1407956,0.5339428771131585,0.5076406105319753,0.5602451436943416,0.7657902661730907,0.3405944605942034,0.25393883225208524,0.4272500889363216,0.0023857279630897558,0.520690681750521,0.4536938679098004,0.3930885529157667,0.514299182903834,0.00594194704948166,0.630528328950514,0.5821564338351839,0.5681512921076667,0.596161575562701,0.021647693535877543,0.7362774369237836,0.6736644913139801,0.6881752563100547,0.6591537263179055,0.049529246652594255,0.805477880547788,0.3200504245748756,0.2591937765205092,0.380907072629242,0.003832506129452909,0.60470719051149,0.4087717837931548,0.36572136990547033,0.4518221976808393,0.0091679001332428,0.6781840718933995,0.56307088648514,0.5724061810154525,0.5537355919548276,0.03174673072169869,0.7819589243366594,0.6634309243993539,0.6970027885571655,0.6298590602415424,0.07616644270133442,0.8545398595660161,0.3405944605942034,0.25393883225208524,0.4272500889363216,0.0023857279630897558,0.520690681750521,0.4536938679098004,0.3930885529157667,0.514299182903834,0.00594194704948166,0.630528328950514,0.5821564338351839,0.5681512921076667,0.596161575562701,0.021647693535877543,0.7362774369237836,0.6736644913139801,0.6881752563100547,0.6591537263179055,0.049529246652594255,0.805477880547788,0.3314769238321344,0.24366576819407007,0.4192880794701987,0.0020369954742903897,0.5108089260808926,0.4469553193280251,0.39382155973212357,0.5000890789239266,0.005281415044220132,0.6226465841850457,0.5945021531675267,0.5917135961383749,0.5972907101966786,0.01984437013656677,0.7457050823192556,0.6881840922917388,0.7078158714936466,0.6685523130898311,0.047083857734190555,0.816161829481687,0.3481128840717882,0.2612942612942613,0.4349315068493151,0.002737301449761214,0.5290607161390762,0.4483297272888983,0.3847955323365159,0.5118639222412807,0.006485998141987391,0.6260402978537013,0.5713727339085664,0.5572012257405515,0.5855442420765811,0.022606530317708793,0.7276068993685004,0.6692068219730238,0.6837175792507204,0.6546960646953273,0.05046393495251272,0.8022828672362106
semseg-ptv3-pheno4d-maize,2,Maize02,M02_0313_a,1729943,0.415521809100318,0.520478037766109,0.3105655804345269,0.9211869986467762,0.2801111797405806,0.5602223594811612,0.0,0.0009358689852787057,0.5602223594811612,0.31530637783451443,0.589907192575406,0.0407055630936228,0.0020278124770584925,0.5969213226909921,0.6388259479363514,0.681188873364664,0.5964630225080386,0.006695596328896386,0.78330311663645,0.8456537459665301,0.866991680356102,0.8243158115769581,0.017716190649056066,0.9181023231532237,0.19030782029950083,0.38061564059900166,0.0,0.0018873454212075195,0.5439509954058193,0.27595478823577463,0.5112040133779264,0.0407055630936228,0.005434283094876536,0.6890756302521008,0.6895005797382776,0.7825381369685167,0.5964630225080386,0.026666774570029184,0.9128587531431545,0.8571782838075714,0.8900407560381849,0.8243158115769581,0.0731989435490071,0.9682539682539683,0.2801111797405806,0.5602223594811612,0.0,0.0009358689852787057,0.5602223594811612,0.31530637783451443,0.589907192575406,0.0407055630936228,0.0020278124770584925,0.5969213226909921,0.6388259479363514,0.681188873364664,0.5964630225080386,0.006695596328896386,0.78330311663645,0.8456537459665301,0.866991680356102,0.8243158115769581,0.017716190649056066,0.9181023231532237,0.272635814889336,0.545271629778672,0.0,0.0008618781081226375,0.545271629778672,0.30255728993689807,0.6051145798737961,0.0,0.001740519774350947,0.6051145798737961,0.594325193885226,0.6477687342127421,0.5408816535577099,0.005828515737223712,0.7510661509471388,0.831606678809305,0.8437888971869555,0.8194244604316546,0.01587219925743218,0.9085876611552188,0.29093198992443325,0.5818639798488665,0.0,0.001147436649646838,0.5818639798488665,0.3255357701436684,0.5976221928665786,0.053449347420758235,0.0022376459802432797,0.6065616119865668,0.6522853240798332,0.6925150067377189,0.6120556414219475,0.007007745341898548,0.792955539057989,0.8508064598542333,0.8716440807977499,0.8299688389107167,0.018386154919555153,0.9210865532744364
semseg-ptv3-pheno4d-maize,2,Maize02,M02_0315_a,1441265,0.3640722227755088,0.5322837599200914,0.19586068563092632,0.8460026435110822,0.563862904250807,0.6254760897164621,0.5022497187851519,0.0022591265312069606,0.7281941031941032,0.6461162504557054,0.6995192307692307,0.5927132701421801,0.004563352332846492,0.7909381176828342,0.8522137028168872,0.877820349084717,0.8266070565490575,0.01289561600399649,0.9227913483266975,0.9308897875860218,0.9443647501260032,0.9174148250460405,0.028956506957429757,0.9656155652465616,0.4889155570669945,0.4755813953488372,0.5022497187851519,0.003917392013266124,0.6804817569961035,0.6044443663939139,0.6161754626456477,0.5927132701421801,0.00971507668610561,0.8000285673475218,0.842534145655963,0.8584612347628683,0.8266070565490575,0.03474309027139353,0.9427247673443304,0.9254374946537799,0.9334601642615192,0.9174148250460405,0.08916750215956122,0.9776833652364723,0.563862904250807,0.6254760897164621,0.5022497187851519,0.0022591265312069606,0.7281941031941032,0.6461162504557054,0.6995192307692307,0.5927132701421801,0.004563352332846492,0.7909381176828342,0.8522137028168872,0.877820349084717,0.8266070565490575,0.01289561600399649,0.9227913483266975,0.9308897875860218,0.9443647501260032,0.9174148250460405,0.028956506957429757,0.9656155652465616,0.5591219723782145,0.613941018766756,0.504302925989673,0.002162683475974231,0.7228103946102021,0.6445762879935579,0.6954677383344496,0.5936848376526661,0.004490499665224646,0.7892459826946848,0.8515140002001229,0.8764209438511884,0.8266070565490575,0.012803335958342151,0.922234866959302,0.930752140957525,0.9440894568690096,0.9174148250460405,0.02886838992135381,0.9655106111952315,0.5703580901856764,0.6346153846153846,0.5061007957559682,0.002429809923921,0.7341519131924614,0.659499209560459,0.717844017966517,0.6011544011544011,0.004843661644458167,0.8020340925368858,0.8533083398086938,0.879300193456136,0.8273164861612515,0.013019118621488761,0.923523768919207,0.9309656930777075,0.9443647501260032,0.9175666360294118,0.028978709675181177,0.9656419096873055
semseg-ptv3-pheno4d-maize,2,Maize02,M02_0317_a,861631,0.5122676313283927,0.5423747187227962,0.48216054393398916,0.8382695144441182,0.5418768664535667,0.6237211064797271,0.4600326264274062,0.004044654846448189,0.71506456241033,0.5542681352700616,0.6626462646264627,0.44589000591366057,0.00819724452811006,0.7346736514229081,0.7137283294952474,0.8064094179202093,0.6210472410702855,0.023375435656330844,0.8530360955265379,0.8451852354878969,0.9026668821722967,0.7877035888034971,0.04886894738002695,0.9284916997173867,0.5316781629246857,0.6033236994219653,0.4600326264274062,0.0048501040468599665,0.7372577171572147,0.5536810772273872,0.661472148541114,0.44589000591366057,0.011103360951497799,0.7865579596529738,0.7271602231223715,0.8332732051744576,0.6210472410702855,0.04134832660384782,0.9091980801077835,0.852642487143433,0.9200175250705871,0.7852674492162789,0.09852593511607637,0.9607741509900698,0.5418768664535667,0.6237211064797271,0.4600326264274062,0.004044654846448189,0.71506456241033,0.5542681352700616,0.6626462646264627,0.44589000591366057,0.00819724452811006,0.7346736514229081,0.7137283294952474,0.8064094179202093,0.6210472410702855,0.023375435656330844,0.8530360955265379,0.8451852354878969,0.9026668821722967,0.7877035888034971,0.04886894738002695,0.9284916997173867,0.5405991156475909,0.6280366387893269,0.4531615925058548,0.0038125369212574757,0.7156773211567732,0.5575876630610852,0.6662332838038633,0.44894204231830726,0.007947717758530044,0.7375876168224299,0.7105770275300529,0.8033584327313921,0.6177956223287139,0.022952981032483742,0.8507862668756636,0.8441674345682589,0.9016238115463783,0.7867110575901396,0.048411675067401246,0.9278162683096397,0.5511783408143314,0.6367226061204343,0.46563407550822844,0.004643519093440232,0.7240689827543114,0.5665574135354841,0.6743916570104287,0.45872317006053936,0.008945824836850113,0.7448105864037364,0.7202060902352398,0.8118943568307049,0.6285178236397748,0.024156512474597595,0.8573075814355722,0.8478927602104149,0.9051444412941436,0.7906410791266861,0.05003766113336219,0.9301618963677691
semseg-ptv3-pheno4d-maize,2,Maize02,M02_0319_a,1133991,0.6883704688682064,0.6525438262195122,0.7241971115169006,0.9031315063347064,0.5478621214187271,0.6824722811983959,0.4132519616390584,0.0045741103765373796,0.7405051089261615,0.7034299034914167,0.8216529724504592,0.5852068345323741,0.011418080037672257,0.8575069508804448,0.8371725110341375,0.9145792096102655,0.7597658124580094,0.03282036629920343,0.9327475952496104,0.9274222456857921,0.9513883576837757,0.9034561336878086,0.06709047955407053,0.9665878023133544,0.48282106402120906,0.558075490037259,0.4075666380051591,0.008915414672603221,0.7301681503461919,0.6699195644537466,0.759071614405039,0.5807675145024542,0.021840561344843124,0.8579157750232164,0.8214616495507979,0.88562874251497,0.7572945565866258,0.06378004763706238,0.9392611232475182,0.9137657949683713,0.9337498878890251,0.8937817020477175,0.13789527430111878,0.9700521832553143,0.5478621214187271,0.6824722811983959,0.4132519616390584,0.0045741103765373796,0.7405051089261615,0.7034299034914167,0.8216529724504592,0.5852068345323741,0.011418080037672257,0.8575069508804448,0.8371725110341375,0.9145792096102655,0.7597658124580094,0.03282036629920343,0.9327475952496104,0.9274222456857921,0.9513883576837757,0.9034561336878086,0.06709047955407053,0.9665878023133544,0.5353841021730843,0.6773255813953488,0.39344262295081966,0.004035305394839994,0.7331730769230769,0.6869956630099413,0.8142308469779664,0.5597604790419162,0.010785799887300693,0.849726105796746,0.83276331670177,0.9133423601708155,0.7521842732327244,0.032080501520735175,0.9313889881525056,0.9265913169105662,0.9506781272434467,0.9025045065776858,0.06619981992802412,0.966138270947116,0.5743428984808295,0.7060939060939061,0.4425918908677529,0.005443605813450019,0.7617041956909121,0.7209256906000419,0.8292902066486972,0.6125611745513866,0.012463943717366364,0.8655723786613839,0.8438128068631431,0.9168207024029574,0.7708049113233287,0.03418986570440154,0.935002966134482,0.9286533719634618,0.9519879119841345,0.9053188319427891,0.06812311561555603,0.9670942770967366
semseg-ptv3-pheno4d-maize,2,Maize02,M02_0321_a,1444663,0.3896183388195078,0.36189738345930184,0.41733929417971377,0.6752474452519377,0.33916614791809535,0.19316436251920122,0.4851679333169895,0.003172366150444775,0.5415666593934104,0.45996907932173076,0.4298759711053564,0.4900621875381051,0.007860656776009353,0.6316484677703417,0.5693948876715418,0.6575839868184176,0.48120578852466594,0.029890015872213797,0.7401171811676431,0.6539450955423112,0.7539115159933004,0.5539786750913219,0.06636980389198034,0.8115183246073299,0.3847841711386012,0.30083314568790814,0.4687351965892942,0.005415795933030748,0.6025051124744376,0.4879336472010004,0.49900445624348155,0.4768628381585192,0.01233782549978784,0.7032652603231598,0.5865548059826795,0.6969234931018371,0.47618611886352197,0.045672935487376644,0.8131460095177473,0.6600182409989395,0.7788279557633109,0.5412085262345679,0.1045136478195953,0.8681542119520224,0.33916614791809535,0.19316436251920122,0.4851679333169895,0.003172366150444775,0.5415666593934104,0.45996907932173076,0.4298759711053564,0.4900621875381051,0.007860656776009353,0.6316484677703417,0.5693948876715418,0.6575839868184176,0.48120578852466594,0.029890015872213797,0.7401171811676431,0.6539450955423112,0.7539115159933004,0.5539786750913219,0.06636980389198034,0.8115183246073299,0.33788039876081455,0.18704103671706263,0.48871976080456647,0.0028470307608071915,0.5424264527109166,0.45749195555825395,0.4307692307692308,0.48421468034727705,0.0073172774550189215,0.6289849588496831,0.5680167226896199,0.6568577923718111,0.4791756530074287,0.0288440972046768,0.7391888648908087,0.651437015054185,0.7508651967624895,0.5520088333458807,0.0648296523133769,0.8093789038726417,0.3484873285218134,0.22117875647668395,0.4757959005669429,0.003647909581680987,0.5436432637571158,0.4731311283893466,0.45627376425855515,0.4899884925201381,0.008590930895302227,0.6428168560148255,0.5662430516176622,0.6569254361852955,0.47556066705002875,0.03136510037288973,0.738325388418079,0.6558186832765458,0.7550995775497887,0.5565377890033029,0.0674766364197048,0.8126711872057119
semseg-ptv3-pheno4d-maize,2,Maize02,M02_0324_a,1311008,0.5016875271333704,0.34439556072776817,0.6589794935389726,0.7357270131074715,0.34639479842285786,0.24648829431438127,0.4463013025313345,0.00366588152017379,0.531210986267166,0.4076633952627249,0.3438132666428486,0.4715135238826012,0.010154781664185115,0.5861188312176069,0.531378619650926,0.5945147339296747,0.46824250537217743,0.03853447118553052,0.7012015281379284,0.6400641357634365,0.7436081242532856,0.5365201472735874,0.08693234518782494,0.8022883415665664,0.34263430785291227,0.23918657198192383,0.44608204372390076,0.0039343772120383706,0.5430399379604498,0.40465533220690747,0.33824895494658613,0.4710617094672288,0.010735251043471894,0.5950689214153758,0.5250871200012394,0.588662486938349,0.4615117530641297,0.04096847616490517,0.706832991994042,0.6262563809474053,0.7325901004903578,0.519922661404453,0.09552039346823207,0.8057782604529339,0.34639479842285786,0.24648829431438127,0.4463013025313345,0.00366588152017379,0.531210986267166,0.4076633952627249,0.3438132666428486,0.4715135238826012,0.010154781664185115,0.5861188312176069,0.531378619650926,0.5945147339296747,0.46824250537217743,0.03853447118553052,0.7012015281379284,0.6400641357634365,0.7436081242532856,0.5365201472735874,0.08693234518782494,0.8022883415665664,0.3383734453323691,0.2394522575869726,0.4372946330777656,0.0032791561912665673,0.5219818562456385,0.39483928390274353,0.33560434014635376,0.4540742276591333,0.009386670409333886,0.5720786608158622,0.5224655228011599,0.5893414308000892,0.4555896148022307,0.03679001196026264,0.6943730303532925,0.633007670162165,0.7409469140231694,0.5250684263011606,0.08478514242476018,0.7986217320114436,0.33466858779364345,0.232802728823195,0.43653444676409187,0.004278387317239864,0.5188090568728828,0.4183896496016202,0.34838150914799176,0.48839779005524864,0.011428610656838097,0.5982780484549156,0.5467093668378262,0.600451467268623,0.49296726640702954,0.04175641948790549,0.7122371810094441,0.6548765499151519,0.749945042866564,0.5598080569637398,0.0914654983035954,0.8102775368603643
semseg-ptv3-pheno4d-maize,2,Maize02,M02_0325_a,1671990,0.4636993383741994,0.34908765435618855,0.5783110223922103,0.668949575057267,0.2783834015924825,0.06531049250535331,0.49145631067961165,0.003189612378064462,0.5089068066754172,0.30492950488141646,0.12210127780407004,0.4877577319587629,0.006960567945980538,0.5218250558515208,0.35990013051336045,0.2889828499170157,0.4308174111097052,0.023280641630631763,0.537752087347463,0.39860371091683977,0.409026260984406,0.3881811608492736,0.06475816242920113,0.5701870237820365,0.21512146755063657,0.05044101433296582,0.3798019207683073,0.00443423704687229,0.43822497976800645,0.23637096236438482,0.09332047263081746,0.3794214520979522,0.009500056818521643,0.4523419793502896,0.29542993243379856,0.24851910774125852,0.34234075712633855,0.029680201436611462,0.47214105793450883,0.3522768303437368,0.3931695320294193,0.3113841286580543,0.0801003594519106,0.5121969431107992,0.2783834015924825,0.06531049250535331,0.49145631067961165,0.003189612378064462,0.5089068066754172,0.30492950488141646,0.12210127780407004,0.4877577319587629,0.006960567945980538,0.5218250558515208,0.35990013051336045,0.2889828499170157,0.4308174111097052,0.023280641630631763,0.537752087347463,0.39860371091683977,0.409026260984406,0.3881811608492736,0.06475816242920113,0.5701870237820365,0.26701427899943847,0.04638577502899111,0.4876427829698858,0.002951572676870077,0.5001013171225938,0.29762081451588207,0.10765349032800672,0.4875881387037574,0.0065748000885172755,0.5174201764759392,0.35419845852321463,0.2796869267457503,0.42870999030067897,0.022602407909138214,0.5324283559577677,0.39602201439607243,0.4060445086258026,0.3859995201663423,0.06370731882367718,0.5675284928368914,0.28678076919236295,0.07697241821680564,0.49658912016792023,0.0035628203517963624,0.516870908175256,0.31092369544815945,0.12329174093879976,0.4985556499575191,0.0075359302388172174,0.5315873015873016,0.3635855539525461,0.2923000912131347,0.4348710166919575,0.024306963558394488,0.5418173765409315,0.40074372931541613,0.40972282832313006,0.3917646303077022,0.06620613759651672,0.5723242032232421
semseg-ptv3-pheno4d-maize,3,Maize01,M01_0313_a,1554168,0.8746297240026057,0.8345047428248863,0.9147547051803253,0.9903794184412495,0.2571759557214571,0.5143519114429141,0.0,0.004998816086806575,0.5143519114429141,0.2564302416212003,0.5128604832424006,0.0,0.009080742879791631,0.5128604832424006,0.32106565215645233,0.4951658010387535,0.1469655032741511,0.017505829485615455,0.5355607012901091,0.6084001914633185,0.6616797699921125,0.5551206129345244,0.0359645804057219,0.7621075230342607,0.2571815456040236,0.5143630912080472,0.0,0.008270019714728395,0.6093519022796234,0.278469425119004,0.556938850238008,0.0,0.01724910048334543,0.684049537451507,0.3856891385465503,0.6244127738189496,0.1469655032741511,0.040590206464166036,0.7744118952507767,0.6351648655692109,0.7152091182038974,0.5551206129345244,0.08313258283531767,0.8847386263370536,0.2571759557214571,0.5143519114429141,0.0,0.004998816086806575,0.5143519114429141,0.2564302416212003,0.5128604832424006,0.0,0.009080742879791631,0.5128604832424006,0.32106565215645233,0.4951658010387535,0.1469655032741511,0.017505829485615455,0.5355607012901091,0.6084001914633185,0.6616797699921125,0.5551206129345244,0.0359645804057219,0.7621075230342607,0.25529475246189126,0.5105895049237825,0.0,0.004769754621122041,0.5105895049237825,0.25492978243469405,0.5098595648693881,0.0,0.008842673378939729,0.5098595648693881,0.3191286766236811,0.49367495281314006,0.14458240043422213,0.017393229046023338,0.5335898194732169,0.6070404586569369,0.658990075141692,0.5550908421721819,0.03576382990770625,0.7607721785437994,0.26131262889724616,0.5226252577944923,0.0,0.005303802420330363,0.5226252577944923,0.25502767850886415,0.5100553570177283,0.0,0.009182404990966227,0.5100553570177283,0.32319040444710967,0.4955956793814022,0.15078512951281708,0.017588832095371928,0.5370573602575358,0.6092962301210582,0.6621954627442014,0.5563969974979149,0.0360585213438959,0.7627272889491622
semseg-ptv3-pheno4d-maize,3,Maize01,M01_0315_a,1301557,0.6127130887762791,0.6739329870987306,0.5514931904538274,0.9347350903571645,0.5667983050062043,0.4232902033271719,0.7103064066852368,0.001003413603860607,0.7611026033690659,0.8159788533818486,0.8068880688806888,0.8250696378830084,0.0023871409396591927,0.8989378822014805,0.943681905061009,0.9416139828932689,0.9457498272287491,0.008337706300991812,0.9710652414301512,0.9803236568977742,0.9799668240398112,0.9806804897557374,0.02428860203586935,0.9900673773447632,0.6563663749197415,0.6024263431542461,0.7103064066852368,0.004200353883848345,0.7901957197731846,0.7951317705139526,0.7651939031448968,0.8250696378830084,0.008961574483484011,0.895661865569273,0.9302568998869618,0.9147639725451744,0.9457498272287491,0.0266388640681891,0.9648996308260268,0.9727849970560465,0.9648895043563557,0.9806804897557374,0.06953364316737569,0.9865527833639035,0.5667983050062043,0.4232902033271719,0.7103064066852368,0.001003413603860607,0.7611026033690659,0.8159788533818486,0.8068880688806888,0.8250696378830084,0.0023871409396591927,0.8989378822014805,0.943681905061009,0.9416139828932689,0.9457498272287491,0.008337706300991812,0.9710652414301512,0.9803236568977742,0.9799668240398112,0.9806804897557374,0.02428860203586935,0.9900673773447632,0.5470155491413015,0.39363817097415504,0.7003929273084479,0.0009342656525991562,0.7491776315789473,0.807013687057835,0.7931488801054019,0.8208784940102681,0.002271894354223442,0.8938112952316537,0.9426058393005822,0.9407770652583931,0.9444346133427712,0.008174056149673046,0.9704859479274368,0.9801396599299181,0.9797340906157223,0.980545229244114,0.024063487038984848,0.9899744572158365,0.6143065998329156,0.5031746031746032,0.7254385964912281,0.00111942849986593,0.785175017158545,0.8294344321306755,0.8284153005464481,0.8304535637149028,0.0025876699983174,0.9067695961995249,0.9448066908271644,0.9425644777757454,0.9470489038785834,0.00851518604256287,0.9716683208517549,0.9804898835844561,0.9800748778475792,0.980904889321333,0.02450065575307113,0.9901533444134341
semseg-ptv3-pheno4d-maize,3,Maize01,M01_0317_a,803846,0.9553391695730997,0.9419393696044971,0.9687389695417022,0.9910057399054047,0.35326342521359166,0.4615700780928894,0.24495677233429394,0.003555407379025336,0.5416375087473758,0.4827300852081836,0.590060809394003,0.3753993610223642,0.007394451175971517,0.6710969044414535,0.7043706649597875,0.7595373565898703,0.6492039733297047,0.019272348186095346,0.8335915311128325,0.8549881558781491,0.8680848973174806,0.8418914144388175,0.04310651542708429,0.9225130587861822,0.34537260213371834,0.4457884319331427,0.24495677233429394,0.006264881581795518,0.4996028594122319,0.4614697700707453,0.5475401791191264,0.3753993610223642,0.013090815902548498,0.6495296018245748,0.6997684892420226,0.7503330051543406,0.6492039733297047,0.03494450429559891,0.8465290138839444,0.8452993953839686,0.8546146953405018,0.8359840954274353,0.08452862861791935,0.9331400482722082,0.35326342521359166,0.4615700780928894,0.24495677233429394,0.003555407379025336,0.5416375087473758,0.4827300852081836,0.590060809394003,0.3753993610223642,0.007394451175971517,0.6710969044414535,0.7043706649597875,0.7595373565898703,0.6492039733297047,0.019272348186095346,0.8335915311128325,0.8549881558781491,0.8680848973174806,0.8418914144388175,0.04310651542708429,0.9225130587861822,0.3466391699230058,0.4586100044267375,0.2346683354192741,0.0032767470386118732,0.5356871678056189,0.4680068797522249,0.5707935096688153,0.36522024983563445,0.006978948704105015,0.6557932263814616,0.701218191690756,0.757065885244352,0.6453704981371602,0.018978759613159736,0.8315416885159937,0.8536732022392806,0.8666368648487558,0.8407095396298054,0.0426748407033188,0.9217292444029851,0.36003717213019537,0.4779964221824687,0.2420779220779221,0.004056747187894199,0.552591229684146,0.4999355321178989,0.611336032388664,0.3885350318471338,0.008046317329438724,0.6883116883116883,0.7110576611021489,0.7662780269058296,0.655837295298468,0.020048616277247133,0.8382973442541574,0.8575882733009274,0.8708016552786065,0.8443748913232482,0.04397608497149952,0.924045261669024
semseg-ptv3-pheno4d-maize,3,Maize01,M01_0319_a,860826,0.9886839201004531,0.9883315631763551,0.9890362770245511,0.9962861251867392,0.609016936883008,0.7293666026871402,0.4886672710788758,0.0030470733922999538,0.7849790316431567,0.7706609628826929,0.8548177083333334,0.6865042174320525,0.007054851967761197,0.8898402766342829,0.9108475044319244,0.9429125558647441,0.8787824529991047,0.01947780387674164,0.9596230691238743,0.9610039869419733,0.9707445659219567,0.9512634079619898,0.04223269278576623,0.9813780772933571,0.5393856456603263,0.5901040202417768,0.4886672710788758,0.005468003986868426,0.6902485659655831,0.730821052288364,0.7751378871446755,0.6865042174320525,0.013205920824882148,0.8601337086558761,0.8887594523666535,0.9045199719691661,0.8729989327641409,0.03570756459493556,0.9468085106382979,0.9247112172486771,0.933246881561072,0.9161755529362823,0.07852225653035573,0.9680149125662041,0.609016936883008,0.7293666026871402,0.4886672710788758,0.0030470733922999538,0.7849790316431567,0.7706609628826929,0.8548177083333334,0.6865042174320525,0.007054851967761197,0.8898402766342829,0.9108475044319244,0.9429125558647441,0.8787824529991047,0.01947780387674164,0.9596230691238743,0.9610039869419733,0.9707445659219567,0.9512634079619898,0.04223269278576623,0.9813780772933571,0.5982934651754781,0.7148913619501854,0.4816955684007707,0.0027729181042394167,0.7746124842899036,0.762930900801712,0.8478956999085087,0.6779661016949152,0.006705187807989071,0.8847886347886348,0.9098100854809538,0.9421762897164332,0.8774438812454743,0.019231528787466923,0.9591060102688009,0.9607850043497463,0.9704508751254856,0.9511191335740072,0.04191787887447637,0.9812382219266157,0.631854734357898,0.7441563960900978,0.5195530726256983,0.003489671548024804,0.7996005326231691,0.793150676986921,0.8662848113766541,0.7200165425971877,0.007904036355779217,0.9004997060552616,0.9192914865892892,0.9487897125567323,0.889793260621846,0.02170705810465762,0.963769667130472,0.9634992633010999,0.9729373201151263,0.9540612064870734,0.04539361032310827,0.9826747875934078
semseg-ptv3-pheno4d-maize,3,Maize01,M01_0321_a,1114990,0.45264540311946533,0.49649393625256333,0.40879686998636733,0.7002618857568229,0.6041600074842713,0.6624203821656051,0.5458996328029376,0.0013856626516829747,0.7598705501618123,0.7452650613876464,0.8101503759398496,0.680379746835443,0.00401976699342595,0.8647925033467202,0.9077155804880569,0.9433189497549916,0.8721122112211221,0.017002843074825785,0.9591201603544678,0.9661615231962213,0.9736440419253078,0.9586790044671346,0.04260845388747881,0.9836448598130841,0.45285916401386406,0.5596303782847242,0.346087949743004,0.0047874868832904335,0.6597976770325965,0.5985834894803126,0.6984738268435315,0.4986931521170936,0.011964232863075006,0.802623688155922,0.7636765445788398,0.8236648034196064,0.7036882857380734,0.03901380281437502,0.9017471264367816,0.8881893971586333,0.8984322881921281,0.8779465061251386,0.0907174055372694,0.9526441190718643,0.6041600074842713,0.6624203821656051,0.5458996328029376,0.0013856626516829747,0.7598705501618123,0.7452650613876464,0.8101503759398496,0.680379746835443,0.00401976699342595,0.8647925033467202,0.9077155804880569,0.9433189497549916,0.8721122112211221,0.017002843074825785,0.9591201603544678,0.9661615231962213,0.9736440419253078,0.9586790044671346,0.04260845388747881,0.9836448598130841,0.5792783620625284,0.6251342642320086,0.5334224598930482,0.0011928358101866384,0.737593984962406,0.72968148467517,0.7993288590604026,0.6600341102899374,0.0037139346541224584,0.8555904370924897,0.9060134987808912,0.9420387405579239,0.8699882570038584,0.01664319859370936,0.958236783962925,0.9660574509515161,0.9734358974358974,0.9586790044671346,0.04240127714149903,0.9835649470144044,0.6135896487111481,0.6796818510484454,0.5474974463738509,0.0017210916689835783,0.7691505992704534,0.7588929104610596,0.8239669421487603,0.6938188787733589,0.004554300935434398,0.8741630563213864,0.9137889474404943,0.9465233271311418,0.8810545677498467,0.018169669683136172,0.9616960363295326,0.9673601107463156,0.9743792660005935,0.9603409554920376,0.044073937882850966,0.9841886777094949
semseg-ptv3-pheno4d-maize,3,Maize01,M01_0324_a,1214597,0.9872994073646734,0.9879446626767854,0.9866541520525614,0.9940424684072166,0.5072279131590607,0.5324,0.4820558263181214,0.0029540662458412133,0.6741917502787068,0.6444223933995301,0.7084836129841618,0.5803611738148984,0.007367052610865991,0.7922440768886903,0.8445752034926477,0.9001433147867138,0.7890070921985816,0.02686899440719844,0.9270721617894898,0.9170940997298045,0.9504201346023655,0.8837680648572436,0.05798466487238154,0.9625433066394048,0.5058174629674752,0.5430733410942957,0.46856158484065463,0.004475558559752741,0.7097130242825607,0.6352274676782408,0.704778367699716,0.5656765676567657,0.010634803148698704,0.8129596655570179,0.832683246019364,0.8968663625162343,0.7685001295224937,0.0372172827695112,0.9305371206087957,0.9023508821851993,0.9422146642671994,0.8624871001031992,0.0793275465030788,0.9618063123371838,0.5072279131590607,0.5324,0.4820558263181214,0.0029540662458412133,0.6741917502787068,0.6444223933995301,0.7084836129841618,0.5803611738148984,0.007367052610865991,0.7922440768886903,0.8445752034926477,0.9001433147867138,0.7890070921985816,0.02686899440719844,0.9270721617894898,0.9170940997298045,0.9504201346023655,0.8837680648572436,0.05798466487238154,0.9625433066394048,0.4992706827068949,0.5183806421591438,0.4801607232546459,0.002556403481977973,0.6666666666666666,0.6370651728255747,0.6985925163062136,0.5755378293449359,0.006756973712268349,0.7860363104666748,0.8427816638642373,0.8982415309025084,0.7873217968259661,0.026341247343769168,0.9258610989560543,0.9166629184391457,0.949824688671261,0.8835011482070305,0.057451154580490486,0.9621954714818,0.5186691052050554,0.5454239569313594,0.4919142534787514,0.003523802545206352,0.6843457943925234,0.6584119852007809,0.7176894306690678,0.5991345397324941,0.00845136288003346,0.8014612761811982,0.8505677384662942,0.9019592001615835,0.7991762767710049,0.028378136945834707,0.9292677265869792,0.9198974391023218,0.9514279026217228,0.8883669755829208,0.05961236525366027,0.9635660520682273
semseg-ptv3-pheno4d-maize,3,Maize01,M01_0325_a,1407956,0.9648299165593284,0.9732658603918621,0.9563939727267946,0.9851870370949092,0.3847620368727744,0.3139643861293346,0.4555596876162142,0.0023857279630897558,0.5641559988091694,0.508825002418396,0.4744525547445255,0.5431974500922664,0.00594194704948166,0.6745158976810901,0.6819816288343158,0.6975630749367906,0.666400182731841,0.021647693535877543,0.8083270448505528,0.7736969461229308,0.802083812502875,0.7453100797429867,0.049529246652594255,0.8726751272675127,0.3653870850841857,0.29514116874589624,0.43563300142247513,0.003832506129452909,0.6002594514455152,0.4526793821008007,0.4045854886061792,0.5007732755954222,0.0091679001332428,0.6554074992252866,0.6469126446029045,0.6813876088069637,0.6124376803988455,0.03174673072169869,0.8047339925723747,0.7507407943923636,0.791136572654813,0.7103450161299142,0.07616644270133442,0.8845475992875727,0.3847620368727744,0.3139643861293346,0.4555596876162142,0.0023857279630897558,0.5641559988091694,0.508825002418396,0.4744525547445255,0.5431974500922664,0.00594194704948166,0.6745158976810901,0.6819816288343158,0.6975630749367906,0.666400182731841,0.021647693535877543,0.8083270448505528,0.7736969461229308,0.802083812502875,0.7453100797429867,0.049529246652594255,0.8726751272675127,0.37542537716381874,0.3029475982532751,0.4479031560743623,0.0020369954742903897,0.5547419804741981,0.4960086812948451,0.46362649294245384,0.5283908696472364,0.005281415044220132,0.6637977407208177,0.6610705721889156,0.6802278743238578,0.6419132700539736,0.01984437013656677,0.7934144595561918,0.7636190041121109,0.7941035359593149,0.733134472264907,0.047083857734190555,0.8663941350389187,0.39874280318844235,0.3312782572955199,0.46620734908136485,0.002737301449761214,0.5778412039439543,0.5153950473000463,0.4829021168807671,0.5478879777193254,0.006485998141987391,0.6800262812089356,0.6896338233575312,0.7086316220085908,0.6706360247064715,0.022606530317708793,0.8140375129598794,0.7750891711155816,0.8039962155343305,0.7461821266968326,0.05046393495251272,0.8736822845561639
semseg-ptv3-pheno4d-maize,3,Maize02,M02_0313_a,1729943,0.9887080697580279,0.9903287279656979,0.9870874115503581,0.9985918611191236,0.2782581840642372,0.5565163681284744,0.0,0.0009358689852787057,0.5565163681284744,0.4345017824703845,0.639949510886715,0.22905405405405405,0.0020278124770584925,0.6747434435575826,0.8094185565515619,0.8146289537712895,0.8042081593318342,0.006695596328896386,0.8947595614262281,0.9226748315909814,0.9306361670649823,0.9147134961169804,0.017716190649056066,0.9602257896110676,0.22504159733777038,0.45008319467554075,0.0,0.0018873454212075195,0.5950995405819296,0.4077212034872971,0.5863883529205403,0.22905405405405405,0.005434283094876536,0.7491756196149346,0.831240686600988,0.858273213870142,0.8042081593318342,0.026666774570029184,0.947195005636001,0.9228143357616183,0.9309151754062562,0.9147134961169804,0.0731989435490071,0.9807628524046434,0.2782581840642372,0.5565163681284744,0.0,0.0009358689852787057,0.5565163681284744,0.4345017824703845,0.639949510886715,0.22905405405405405,0.0020278124770584925,0.6747434435575826,0.8094185565515619,0.8146289537712895,0.8042081593318342,0.006695596328896386,0.8947595614262281,0.9226748315909814,0.9306361670649823,0.9147134961169804,0.017716190649056066,0.9602257896110676,0.272635814889336,0.545271629778672,0.0,0.0008618781081226375,0.545271629778672,0.3444571370854004,0.6216308427157966,0.0672834314550042,0.001740519774350947,0.631683825971438,0.7840717279044522,0.7908732201063647,0.7772702357025397,0.005828515737223712,0.8791034414360805,0.9149067123929275,0.9174734276623113,0.9123399971235437,0.01587219925743218,0.9556049238837497,0.28942065491183877,0.5788413098236775,0.0,0.001147436649646838,0.5788413098236775,0.4572970790146722,0.6539130434782608,0.2606811145510836,0.0022376459802432797,0.6915525703952468,0.8171125068302115,0.8224584911156423,0.8117665225447808,0.007007745341898548,0.899447331518601,0.9253457047338931,0.9332347464125315,0.9174566630552546,0.018386154919555153,0.9616751029647562
semseg-ptv3-pheno4d-maize,3,Maize02,M02_0315_a,1441265,0.5539580699891405,0.7158973945886923,0.3920187453895888,0.9119037789719447,0.5577649960895746,0.6376278118609406,0.4779021803182086,0.0022591265312069606,0.7278869778869779,0.6949635086006218,0.7444865226108265,0.6454404945904173,0.004563352332846492,0.8256043788961532,0.877460974126762,0.899597016205093,0.855324932048431,0.01289561600399649,0.9369955880770472,0.9431750692745677,0.9544552915094706,0.931894847039665,0.028956506957429757,0.9719413427900513,0.5225162335028454,0.5671302866874822,0.4779021803182086,0.003917392013266124,0.7298972724052426,0.6829643865655651,0.720488278540713,0.6454404945904173,0.00971507668610561,0.8560919868590201,0.8771471553513386,0.8989693786542463,0.855324932048431,0.03474309027139353,0.9592802652074929,0.9422496945037706,0.9526045419678761,0.931894847039665,0.08916750215956122,0.9841340243086356,0.5577649960895746,0.6376278118609406,0.4779021803182086,0.0022591265312069606,0.7278869778869779,0.6949635086006218,0.7444865226108265,0.6454404945904173,0.004563352332846492,0.8256043788961532,0.877460974126762,0.899597016205093,0.855324932048431,0.01289561600399649,0.9369955880770472,0.9431750692745677,0.9544552915094706,0.931894847039665,0.028956506957429757,0.9719413427900513,0.5520414543416357,0.6263452432199742,0.4777376654632972,0.002162683475974231,0.7215271094000641,0.6914466281681384,0.7394366197183099,0.643456636617967,0.004490499665224646,0.8227750309023486,0.8768818936044409,0.898438855160451,0.855324932048431,0.012803335958342151,0.9365414837695768,0.9430620263966305,0.954229205753596,0.931894847039665,0.02886838992135381,0.9718556973586175,0.5677010660266786,0.6475972540045767,0.4878048780487805,0.002429809923921,0.7361507709880069,0.7069393803585786,0.7604491578290705,0.6534296028880866,0.004843661644458167,0.8349806617963043,0.8783758323252121,0.900821546540188,0.8559301181102362,0.013019118621488761,0.93759326369644,0.9432383272826582,0.9544552915094706,0.9320213630558458,0.028978709675181177,0.9719628405880382
semseg-ptv3-pheno4d-maize,3,Maize02,M02_0317_a,861631,0.5086368763084572,0.5334108288376006,0.4838629237793139,0.8364868487786535,0.6604016824994422,0.7205702647657841,0.6002331002331003,0.004044654846448189,0.8031563845050215,0.7980130153321976,0.8385860306643952,0.75744,0.00819724452811006,0.8926801642361603,0.9178117882437725,0.9417597868719011,0.8938637896156439,0.023375435656330844,0.960925475398441,0.9579315030070765,0.972966474306128,0.942896531708025,0.04886894738002695,0.9813095209822594,0.6480267668348164,0.6958204334365325,0.6002331002331003,0.0048501040468599665,0.8119167264895908,0.795112808815001,0.8327856176300019,0.75744,0.011103360951497799,0.9095850318804223,0.9210610222332163,0.9482582548507886,0.8938637896156439,0.04134832660384782,0.9744014371123024,0.9598336865004555,0.976770841292886,0.942896531708025,0.09852593511607637,0.9892570647756588,0.6604016824994422,0.7205702647657841,0.6002331002331003,0.004044654846448189,0.8031563845050215,0.7980130153321976,0.8385860306643952,0.75744,0.00819724452811006,0.8926801642361603,0.9178117882437725,0.9417597868719011,0.8938637896156439,0.023375435656330844,0.960925475398441,0.9579315030070765,0.972966474306128,0.942896531708025,0.04886894738002695,0.9813095209822594,0.654451770400762,0.72163195920102,0.5872715816005041,0.0038125369212574757,0.8006088280060882,0.7914793892078417,0.8352890047805303,0.7476697736351531,0.007947717758530044,0.8893107476635514,0.916557074750962,0.9405544225394668,0.8925597269624573,0.022952981032483742,0.9602063002477625,0.9576400884795366,0.9726584213451918,0.9426217556138816,0.048411675067401246,0.9811329801260997,0.6938129858588518,0.7476466328747284,0.6399793388429752,0.004643519093440232,0.825793551612097,0.8118875877000453,0.8500784929356358,0.773696682464455,0.008945824836850113,0.9008822003113648,0.9201137425163202,0.9437937437508928,0.8964337412817476,0.024156512474597595,0.9621889113096954,0.9587029219276582,0.9736965240641712,0.9437093197911451,0.05003766113336219,0.981746068562416
semseg-ptv3-pheno4d-maize,3,Maize02,M02_0319_a,1133991,0.7663625989505416,0.7494344463261128,0.7832907515749703,0.9299147876835001,0.4732379087451659,0.682062298603652,0.2644135188866799,0.0045741103765373796,0.714671293618662,0.6030539308487706,0.7878949710725411,0.418212890625,0.011418080037672257,0.8159561322211925,0.8180842089757308,0.9135530170852948,0.7226154008661667,0.03282036629920343,0.9294427427588801,0.9235794241382227,0.9507935615642625,0.8963652867121829,0.06709047955407053,0.9654837013669821,0.4414440732363145,0.6193913658881812,0.26349678058444775,0.008915414672603221,0.7333333333333333,0.5915457702180267,0.7695232159551262,0.41356832448092706,0.021840561344843124,0.8488311059070538,0.8098278741005602,0.9005345456362093,0.7191212025649112,0.06378004763706238,0.9443077178331444,0.9183141329258959,0.9418872770788944,0.8947409887728974,0.13789527430111878,0.9742409126953675,0.4732379087451659,0.682062298603652,0.2644135188866799,0.0045741103765373796,0.714671293618662,0.6030539308487706,0.7878949710725411,0.418212890625,0.011418080037672257,0.8159561322211925,0.8180842089757308,0.9135530170852948,0.7226154008661667,0.03282036629920343,0.9294427427588801,0.9235794241382227,0.9507935615642625,0.8963652867121829,0.06709047955407053,0.9654837013669821,0.45828285126804796,0.677496991576414,0.239068710959682,0.004035305394839994,0.7071678321678322,0.5823295321146422,0.7810293571163136,0.38362970711297073,0.010785799887300693,0.8072929441582863,0.8121957418845697,0.9121092442599906,0.7122822395091487,0.032080501520735175,0.9278154979521153,0.9226963673341579,0.9500893298361652,0.8953034048321505,0.06619981992802412,0.9650193153057147,0.4847469874584842,0.6945046999276934,0.274989274989275,0.005443605813450019,0.7262271180949296,0.6238584912081865,0.7942516358817195,0.4534653465346535,0.012463943717366364,0.8242535729446724,0.8271865531753808,0.9162921169232731,0.7380809894274886,0.03418986570440154,0.9322689639163292,0.9249149012646192,0.9513883746760459,0.8984414278531926,0.06812311561555603,0.9660069125318766
semseg-ptv3-pheno4d-maize,3,Maize02,M02_0321_a,1444663,0.7024890878303311,0.7541438946482694,0.6508342810123929,0.8749833006036702,0.4044146556739082,0.29233716475095783,0.5164921465968586,0.003172366150444775,0.5969888719179577,0.4773421461326936,0.45431022742748195,0.5003740648379053,0.007860656776009353,0.6471468827051778,0.7007948681674283,0.7945635925440069,0.6070261437908496,0.029890015872213797,0.8440517820337649,0.8057665836302188,0.8849992511199162,0.7265339161405213,0.06636980389198034,0.9119125591873344,0.46433609267956766,0.4200359389038634,0.508636246455272,0.005415795933030748,0.6696063394683026,0.5235541110994735,0.5503883311233189,0.4967198910756282,0.01233782549978784,0.7335053859964094,0.7105947740731512,0.8162462506761076,0.6049432974701948,0.045672935487376644,0.8866812160892364,0.7981032657160764,0.8872333876722791,0.7089731437598736,0.1045136478195953,0.9344645565512263,0.4044146556739082,0.29233716475095783,0.5164921465968586,0.003172366150444775,0.5969888719179577,0.4773421461326936,0.45431022742748195,0.5003740648379053,0.007860656776009353,0.6471468827051778,0.7007948681674283,0.7945635925440069,0.6070261437908496,0.029890015872213797,0.8440517820337649,0.8057665836302188,0.8849992511199162,0.7265339161405213,0.06636980389198034,0.9119125591873344,0.40282723738743,0.28608358466178374,0.5195708901130762,0.0028470307608071915,0.5971310478969122,0.46829650495338265,0.44620069605568446,0.49039231385108084,0.0073172774550189215,0.6387285971052881,0.6953771763397436,0.7902014016036366,0.6005529510758505,0.0288440972046768,0.8405087592992561,0.8028751192546106,0.8825523958362403,0.7231978426729808,0.0648296523133769,0.9101295151456912,0.3987897970859431,0.297349709114415,0.5002298850574712,0.003647909581680987,0.5874762808349147,0.47904576550343736,0.4647628385831597,0.493328692423715,0.008590930895302227,0.6481347192007091,0.702992573970584,0.7988543987039662,0.6071307492372019,0.03136510037288973,0.8465527895480226,0.808176567655835,0.8863633315900283,0.7299898037216416,0.0674766364197048,0.9130702393286897
semseg-ptv3-pheno4d-maize,3,Maize02,M02_0324_a,1311008,0.4837006812897626,0.3987505782211365,0.5686507843583887,0.6906960140594107,0.30743671445846676,0.16880861410211878,0.4460648148148148,0.00366588152017379,0.502080732417811,0.3927846849199139,0.30668962124938515,0.47887974859044274,0.010154781664185115,0.5765041688575077,0.4942707709859807,0.5360644065940084,0.45247713537795303,0.03853447118553052,0.6646410261485778,0.5193605174773529,0.6053073487245685,0.43341368623013726,0.08693234518782494,0.6968386140090727,0.3052218951877891,0.1643789755607633,0.4460648148148148,0.0039343772120383706,0.5160915083365646,0.3905432887518814,0.3032227147478136,0.4778638627559491,0.010735251043471894,0.5867557197669462,0.484720829706317,0.5262037209549919,0.44323793845764214,0.04096847616490517,0.6685719605287656,0.503621009952854,0.5900030902348579,0.41723892967085013,0.09552039346823207,0.7033490912575462,0.30743671445846676,0.16880861410211878,0.4460648148148148,0.00366588152017379,0.502080732417811,0.3927846849199139,0.30668962124938515,0.47887974859044274,0.010154781664185115,0.5765041688575077,0.4942707709859807,0.5360644065940084,0.45247713537795303,0.03853447118553052,0.6646410261485778,0.5193605174773529,0.6053073487245685,0.43341368623013726,0.08693234518782494,0.6968386140090727,0.2994312620387264,0.1608310888803386,0.4380314351971141,0.0032791561912665673,0.4926727145847872,0.37728828801507913,0.294140625,0.4604359510301583,0.009386670409333886,0.5594831789371039,0.4907344529488408,0.535721404368006,0.4457475015296757,0.03679001196026264,0.6619464256095539,0.5128615014603992,0.6021717899827931,0.4235512129380054,0.08478514242476018,0.6921568274645986,0.31835750235932647,0.18461079630181926,0.4521042084168337,0.004278387317239864,0.5125690853984668,0.4096727006172759,0.31737269040108157,0.5019727108334703,0.011428610656838097,0.5956083561369552,0.4997875639910695,0.5329731120545478,0.46660201592759115,0.04175641948790549,0.6684324936521564,0.5328488333024088,0.6128613114573583,0.45283635514745935,0.0914654983035954,0.7068016545466675
semseg-ptv3-pheno4d-maize,3,Maize02,M02_0325_a,1671990,0.5348558411435618,0.48337228661796755,0.586339395669156,0.7179678108122656,0.24031571320847964,0.004996431120628123,0.47563499529633113,0.003189612378064462,0.4766547909244328,0.2569978995270356,0.04685281590156176,0.46714298315250946,0.006960567945980538,0.4805808558171507,0.2620878994236736,0.15515719166250816,0.36901860718483903,0.023280641630631763,0.4345022479126525,0.26373353073190936,0.23319763048194828,0.2942694309818704,0.06475816242920113,0.4189517432463634,0.23995342137629225,0.005788313120176406,0.4741185296324081,0.00443423704687229,0.5130833558133261,0.2557765702982496,0.055944055944055944,0.4556090846524432,0.009500056818521643,0.5068622513220851,0.2515747911963406,0.1518092974115161,0.35134028498116504,0.029680201436611462,0.48225692695214106,0.2656704944851974,0.2456422633413784,0.28569872562901644,0.0801003594519106,0.4958820850164642,0.24031571320847964,0.004996431120628123,0.47563499529633113,0.003189612378064462,0.4766547909244328,0.2569978995270356,0.04685281590156176,0.46714298315250946,0.006960567945980538,0.4805808558171507,0.2620878994236736,0.15515719166250816,0.36901860718483903,0.023280641630631763,0.4345022479126525,0.26373353073190936,0.23319763048194828,0.2942694309818704,0.06475816242920113,0.4189517432463634,0.23923071036557247,0.0023192887514495554,0.4761421319796954,0.002951572676870077,0.4763931104356636,0.256341530008622,0.04272497897392767,0.46995808104331627,0.0065748000885172755,0.482034021650141,0.2615270289228776,0.15294677182830646,0.3701072860174487,0.022602407909138214,0.4343891402714932,0.26231074171335533,0.23158715619042902,0.29303432723628164,0.06370731882367718,0.41718770536435157,0.2472297051692338,0.014432328415651058,0.4800270819228165,0.0035628203517963624,0.48363270102400535,0.2646661070803155,0.05079459379177187,0.47853762036885916,0.0075359302388172174,0.49253968253968256,0.26182462761507247,0.1557488348196264,0.3679004204105185,0.024306963558394488,0.43387219802662336,0.2638062173285054,0.23219126550987018,0.29542116914714067,0.06620613759651672,0.4191569704415697
semseg-ptv3-pheno4d-maize,4,Maize01,M01_0313_a,1554168,0.9662233746772494,0.9515667340941185,0.9808800152603803,0.997550457865559,0.5459224771504025,0.6497286630488407,0.4421162912519644,0.004998816086806575,0.7258334405972454,0.700274181278032,0.7489587671803415,0.6515895953757226,0.009080742879791631,0.8291646000141714,0.8371918160391727,0.8366531165311654,0.8377305155471799,0.017505829485615455,0.9113830999375161,0.91621707420347,0.9139292259974623,0.9185049224094777,0.0359645804057219,0.956310940155649,0.5435299178400225,0.6449435444280806,0.4421162912519644,0.008270019714728395,0.7749163619388469,0.7094120503156249,0.7672345052555274,0.6515895953757226,0.01724910048334543,0.8802223216950165,0.8589741845464478,0.8802178535457157,0.8377305155471799,0.040590206464166036,0.9490996132141272,0.9192741644133609,0.9200434064172441,0.9185049224094777,0.08313258283531767,0.9749075091716847,0.5459224771504025,0.6497286630488407,0.4421162912519644,0.004998816086806575,0.7258334405972454,0.700274181278032,0.7489587671803415,0.6515895953757226,0.009080742879791631,0.8291646000141714,0.8371918160391727,0.8366531165311654,0.8377305155471799,0.017505829485615455,0.9113830999375161,0.91621707420347,0.9139292259974623,0.9185049224094777,0.0359645804057219,0.956310940155649,0.5377759174224191,0.6423909309515631,0.4331609038932753,0.004769754621122041,0.7191420477539457,0.6936097564452348,0.7427717913154807,0.644447721574989,0.008842673378939729,0.824565233209634,0.8362229761151712,0.8355276621870523,0.83691829004329,0.017393229046023338,0.9108094110683634,0.9157389438278845,0.9129784049604447,0.9184994826953242,0.03576382990770625,0.95606570354245,0.5599656780635203,0.6633986928104575,0.45653266331658293,0.005303802420330363,0.7375955356059687,0.7037041637208584,0.7500259201658891,0.6573824072758278,0.009182404990966227,0.8310559876672973,0.8378956615175421,0.8370945945945946,0.8386967284404897,0.017588832095371928,0.9118012876792508,0.9164245030774638,0.9141108610016883,0.9187381451532395,0.0360585213438959,0.9564247604432469
semseg-ptv3-pheno4d-maize,4,Maize01,M01_0315_a,1301557,0.9891512337868145,0.9914652640469929,0.9868372035266361,0.9982920456038422,0.7673943661971832,0.7147887323943662,0.82,0.001003413603860607,0.8759571209800919,0.89912917922227,0.9003623188405797,0.8978960396039604,0.0023871409396591927,0.9468941100740264,0.970036318295512,0.9694896449704142,0.9705829916206097,0.008337706300991812,0.9847954294139329,0.9896140492542419,0.9894931227712684,0.9897349757372154,0.02428860203586935,0.9947806282225666,0.7459046283309958,0.6718092566619915,0.82,0.004200353883848345,0.8287909273824767,0.8529628317294797,0.808029623854999,0.8978960396039604,0.008961574483484011,0.9155521262002744,0.950671785420877,0.9307605792211444,0.9705829916206097,0.0266388640681891,0.9715909090909091,0.9280284647377792,0.9357700086680151,0.9202869208075433,0.06953364316737569,0.9754370069169742,0.7673943661971832,0.7147887323943662,0.82,0.001003413603860607,0.8759571209800919,0.89912917922227,0.9003623188405797,0.8978960396039604,0.0023871409396591927,0.9468941100740264,0.970036318295512,0.9694896449704142,0.9705829916206097,0.008337706300991812,0.9847954294139329,0.9896140492542419,0.9894931227712684,0.9897349757372154,0.02428860203586935,0.9947806282225666,0.7516509433962264,0.6943396226415094,0.8089622641509434,0.0009342656525991562,0.8667763157894737,0.8942911950986476,0.8934108527131783,0.8951715374841169,0.002271894354223442,0.944200202908353,0.9694506274594965,0.9690547636909227,0.9698464912280702,0.008174056149673046,0.9844910235924429,0.9895167989592514,0.9893712960577171,0.9896623018607856,0.024063487038984848,0.9947318007662835,0.7903299587669845,0.7511380880121397,0.8295218295218295,0.00111942849986593,0.8874399450926561,0.9063325492162042,0.9112903225806451,0.9013747758517633,0.0025876699983174,0.9510095011876485,0.970646482469833,0.9699836274331454,0.9713093375065206,0.00851518604256287,0.98511233420554,0.9897026022369974,0.9895496864905947,0.9898555179834,0.02450065575307113,0.9948258020006899
semseg-ptv3-pheno4d-maize,4,Maize01,M01_0317_a,803846,0.8619024885455998,0.8456287239149465,0.8781762531762531,0.9727957842671358,0.6624246771879483,0.5941176470588235,0.7307317073170732,0.003555407379025336,0.8068579426172149,0.8294217461357218,0.8190757128810227,0.8397677793904209,0.007394451175971517,0.9071332436069987,0.9310519130447781,0.9341288782816229,0.9279749478079332,0.019272348186095346,0.9643687064291248,0.9686296479800105,0.9691723444655422,0.9680869514944788,0.04310651542708429,0.9840697238174945,0.6533160387813908,0.5759003702457085,0.7307317073170732,0.006264881581795518,0.749801429706116,0.7990901808437108,0.7584125822970007,0.8397677793904209,0.013090815902548498,0.8744654566188349,0.9166771093169026,0.9053792708258721,0.9279749478079332,0.03494450429559891,0.9529725881096476,0.9601965601225679,0.9523621340039519,0.968030986241184,0.08452862861791935,0.9804850768234532,0.6624246771879483,0.5941176470588235,0.7307317073170732,0.003555407379025336,0.8068579426172149,0.8294217461357218,0.8190757128810227,0.8397677793904209,0.007394451175971517,0.9071332436069987,0.9310519130447781,0.9341288782816229,0.9279749478079332,0.019272348186095346,0.9643687064291248,0.9686296479800105,0.9691723444655422,0.9680869514944788,0.04310651542708429,0.9840697238174945,0.6389133103021498,0.5663786331500392,0.7114479874542603,0.0032767470386118732,0.7904328018223234,0.8193880135529718,0.8032085561497326,0.8355674709562109,0.006978948704105015,0.9016042780748663,0.9300309454134608,0.9330584525830706,0.9270034382438508,0.018978759613159736,0.9638175144205559,0.9683199413730341,0.9687871077184055,0.9678527750276629,0.0426748407033188,0.9839085820895522,0.7013248115520843,0.64907819453274,0.7535714285714286,0.004056747187894199,0.8307267709291628,0.8426021243741519,0.8380281690140845,0.8471760797342193,0.008046317329438724,0.9146567717996289,0.933574205762303,0.9371370003416467,0.9300114111829593,0.020048616277247133,0.9657483246463142,0.9692356194499038,0.9698920039271299,0.9685792349726776,0.04397608497149952,0.9843847241867044
semseg-ptv3-pheno4d-maize,4,Maize01,M01_0319_a,860826,0.9973416265268562,0.9964648017214879,0.9982184513322244,0.9988778219988709,0.767710942015026,0.8173184357541899,0.718103448275862,0.0030470733922999538,0.8753335874952345,0.8818569068095888,0.9187455452601568,0.8449682683590208,0.007054851967761197,0.9436851638399473,0.9522864072905057,0.9684063536393785,0.9361664609416329,0.01947780387674164,0.9784099719687481,0.9790906111680271,0.9840809146877748,0.9741003076482793,0.04223269278576623,0.9900426351258423,0.7077854681488824,0.6974674880219028,0.718103448275862,0.005468003986868426,0.8121946037816019,0.8488804737187973,0.8527926790785737,0.8449682683590208,0.013205920824882148,0.9179275158339197,0.939008851314065,0.941851241686497,0.9361664609416329,0.03570756459493556,0.968996030971436,0.9717909366883231,0.969481565728367,0.9741003076482793,0.07852225653035573,0.9857087907210699,0.767710942015026,0.8173184357541899,0.718103448275862,0.0030470733922999538,0.8753335874952345,0.8818569068095888,0.9187455452601568,0.8449682683590208,0.007054851967761197,0.9436851638399473,0.9522864072905057,0.9684063536393785,0.9361664609416329,0.01947780387674164,0.9784099719687481,0.9790906111680271,0.9840809146877748,0.9741003076482793,0.04223269278576623,0.9900426351258423,0.7545536664509453,0.8016119032858029,0.7074954296160878,0.0027729181042394167,0.8659405111018014,0.8769840480752158,0.9140055318078953,0.8399625643425362,0.006705187807989071,0.9407484407484408,0.9517284025938217,0.967984434421155,0.9354723707664884,0.019231528787466923,0.9781334944125641,0.9789711843849473,0.9839182585517547,0.9740241102181401,0.04191787887447637,0.9899678527879393,0.7791739075039519,0.8248643315244203,0.7334834834834835,0.003489671548024804,0.8818242343541944,0.8888911161275379,0.9223509223509223,0.8554313099041534,0.007904036355779217,0.9467960023515579,0.9568227002303369,0.9717606677587955,0.9418847327018783,0.02170705810465762,0.980627207535053,0.9804360065469677,0.9852935202112533,0.9755784928826823,0.04539361032310827,0.9907360016378339
semseg-ptv3-pheno4d-maize,4,Maize01,M01_0321_a,1114990,0.8491849396342086,0.9130085451115304,0.7853613341568869,0.9465143185140674,0.2091407506702413,0.053,0.3652815013404826,0.0013856626516829747,0.3870550161812298,0.21503004483011934,0.09848240232483048,0.3315776873354082,0.00401976699342595,0.37706381079875056,0.37267170271023853,0.36292754689223977,0.3824158585282373,0.017002843074825785,0.5431480113936069,0.5500231761926249,0.5389736384316874,0.5610727139535624,0.04260845388747881,0.7099225393617917,0.23142400078677583,0.23618677042801556,0.22666123114553607,0.0047874868832904335,0.5410266017234919,0.24983648649787144,0.2665806035178312,0.23309236947791165,0.011964232863075006,0.6000749625187406,0.39143824806260896,0.40181210329957845,0.38106439282563953,0.03901380281437502,0.6967586206896552,0.5235369753445888,0.5247850940349958,0.5222888566541817,0.0907174055372694,0.7763101958496871,0.2091407506702413,0.053,0.3652815013404826,0.0013856626516829747,0.3870550161812298,0.21503004483011934,0.09848240232483048,0.3315776873354082,0.00401976699342595,0.37706381079875056,0.37267170271023853,0.36292754689223977,0.3824158585282373,0.017002843074825785,0.5431480113936069,0.5500231761926249,0.5389736384316874,0.5610727139535624,0.04260845388747881,0.7099225393617917,0.20726276121959575,0.03357314148681055,0.38095238095238093,0.0011928358101866384,0.39398496240601505,0.20637388568057582,0.0891123439667129,0.32363542739443873,0.0037139346541224584,0.36561217097319487,0.3695505323688203,0.35770706386820134,0.3813940008694392,0.01664319859370936,0.5399040793231664,0.5502673096123927,0.5380465931694818,0.5624880260553037,0.04240127714149903,0.7101761956130889,0.21091089927407064,0.06561264822134387,0.3562091503267974,0.0017210916689835783,0.38405419489317355,0.2215669714916429,0.11293518256439286,0.3301987604188929,0.004554300935434398,0.38282788499409215,0.3875706078216562,0.3805861567241738,0.39455505891913856,0.018169669683136172,0.5587146453428106,0.5587727122857796,0.5487713831272113,0.568774041444348,0.044073937882850966,0.71712588010256
semseg-ptv3-pheno4d-maize,4,Maize01,M01_0324_a,1214597,0.9726642085804453,0.9741864307614703,0.9711419863994204,0.9876065888521048,0.3313583807319982,0.20364315740308267,0.4590736040609137,0.0029540662458412133,0.5248049052396878,0.48303411122668094,0.47133649932157395,0.494731723131788,0.007367052610865991,0.6516540008940546,0.7015491598708605,0.7678471534919747,0.6352511662497464,0.02686899440719844,0.8346866860732343,0.7626878848391394,0.8233910368538513,0.7019847328244275,0.05798466487238154,0.8752768785142273,0.39738320406776,0.3466400532268796,0.44812635490864045,0.004475558559752741,0.637233259749816,0.5165812348382098,0.5454667202357038,0.48769574944071586,0.010634803148698704,0.7366261515831849,0.71498413954444,0.8031922134494963,0.6267760656393836,0.0372172827695112,0.8718918679762853,0.7649338798446157,0.8409485348107603,0.688919224878471,0.0793275465030788,0.9009973949414122,0.3313583807319982,0.20364315740308267,0.4590736040609137,0.0029540662458412133,0.5248049052396878,0.48303411122668094,0.47133649932157395,0.494731723131788,0.007367052610865991,0.6516540008940546,0.7015491598708605,0.7678471534919747,0.6352511662497464,0.02686899440719844,0.8346866860732343,0.7626878848391394,0.8233910368538513,0.7019847328244275,0.05798466487238154,0.8752768785142273,0.31406603699945357,0.17391304347826086,0.4542190305206463,0.002556403481977973,0.5104669887278583,0.4742255941489623,0.4538145100972326,0.494636678200692,0.006756973712268349,0.6440843182648959,0.7022997387951222,0.767442884183651,0.6371565934065934,0.026341247343769168,0.8348752891167094,0.7651659531120014,0.8247491911031521,0.7055827151208506,0.057451154580490486,0.8765835482946402,0.3558825317979017,0.2420929324482624,0.46967213114754097,0.003523802545206352,0.5464953271028037,0.5072807772488284,0.5017820017820018,0.512779552715655,0.00845136288003346,0.6731612274719923,0.7121295327352613,0.7740008240626287,0.6502582414078939,0.028378136945834707,0.8408668910293605,0.7679838733328543,0.8260107524764174,0.7099569941892913,0.05961236525366027,0.8779780401905946
semseg-ptv3-pheno4d-maize,4,Maize01,M01_0325_a,1407956,0.9496953024872786,0.9601280979481379,0.9392625070264193,0.9802905772623576,0.26408298087933535,0.11967448539971279,0.4084914763589579,0.0023857279630897558,0.45251562965168207,0.31357094125604423,0.18071570576540755,0.44642617674668095,0.00594194704948166,0.5065742290222328,0.4864442594987107,0.43908355795148246,0.5338049610459389,0.021647693535877543,0.6583877423799993,0.6290055418038647,0.6345910357052418,0.6234200479024876,0.049529246652594255,0.7722807772280778,0.2882103635696066,0.18756585879873552,0.38885486834047767,0.003832506129452909,0.5706078576723499,0.3217896706908265,0.22101016138673044,0.42256917999492255,0.0091679001332428,0.5952897427951658,0.48224867155406437,0.45941345902068603,0.5050838840874428,0.03174673072169869,0.7226274106223992,0.6241264621885281,0.6472790765350664,0.6009738478419897,0.07616644270133442,0.8303602234261789,0.26408298087933535,0.11967448539971279,0.4084914763589579,0.0023857279630897558,0.45251562965168207,0.31357094125604423,0.18071570576540755,0.44642617674668095,0.00594194704948166,0.5065742290222328,0.4864442594987107,0.43908355795148246,0.5338049610459389,0.021647693535877543,0.6583877423799993,0.6290055418038647,0.6345910357052418,0.6234200479024876,0.049529246652594255,0.7722807772280778,0.26669956766353653,0.12387892376681614,0.4095202115602569,0.0020369954742903897,0.45502092050209203,0.3031793220963379,0.17498904949627683,0.43136959469639896,0.005281415044220132,0.4924690693921463,0.4809984292064501,0.4402791395120826,0.5217177189008175,0.01984437013656677,0.6523979957050823,0.6266473827545114,0.6349797104233198,0.6183150550857028,0.047083857734190555,0.7705756350690883,0.2627545900726386,0.11594809543742152,0.40956108470785574,0.002737301449761214,0.4519979242345615,0.31259676438498274,0.17893586005830903,0.44625766871165645,0.006485998141987391,0.5058037669732808,0.48659113870066895,0.44258851257877746,0.5305937648225605,0.022606530317708793,0.6579848565773352,0.6301042003417476,0.636732577277749,0.6234758234057464,0.05046393495251272,0.7731347905025967
semseg-ptv3-pheno4d-maize,4,Maize02,M02_0313_a,1729943,0.9929409052620345,0.9942491250397709,0.9916326854842981,0.9991641343096276,0.3654879773691655,0.5881188118811881,0.14285714285714285,0.0009358689852787057,0.6145768993205682,0.5943574999456422,0.7185607410046313,0.47015425888665324,0.0020278124770584925,0.7748004561003421,0.8722940848647063,0.871251629726206,0.8733365400032067,0.006695596328896386,0.9317965984632651,0.9493317690743499,0.9538928446363955,0.9447706935123042,0.017716190649056066,0.9742234403549987,0.3188198757763975,0.49478260869565216,0.14285714285714285,0.0018873454212075195,0.644104134762634,0.5996585117246527,0.7291627645626522,0.47015425888665324,0.005434283094876536,0.8461865758961813,0.893498936349824,0.9136613326964413,0.8733365400032067,0.026666774570029184,0.9686551634440301,0.9516220142843679,0.9584733350564315,0.9447706935123042,0.0731989435490071,0.9885809049988155,0.3654879773691655,0.5881188118811881,0.14285714285714285,0.0009358689852787057,0.6145768993205682,0.5943574999456422,0.7185607410046313,0.47015425888665324,0.0020278124770584925,0.7748004561003421,0.8722940848647063,0.871251629726206,0.8733365400032067,0.006695596328896386,0.9317965984632651,0.9493317690743499,0.9538928446363955,0.9447706935123042,0.017716190649056066,0.9742234403549987,0.3631408099609367,0.5832137733142038,0.1430678466076696,0.0008618781081226375,0.6103286384976526,0.5276645355055083,0.7029320987654321,0.3523969722455845,0.001740519774350947,0.7442710063101959,0.8546748252207301,0.8534050844312489,0.8559445660102115,0.005828515737223712,0.9216503024893384,0.9440548198146345,0.9448747470518456,0.9432348925774233,0.01587219925743218,0.9712287857819215,0.39483535239464096,0.6184782608695653,0.17119244391971664,0.001147436649646838,0.6463476070528967,0.6269243005444882,0.7397034596375618,0.5141451414514145,0.0022376459802432797,0.7959183673469388,0.8776399551479123,0.8770619358854653,0.8782179744103592,0.007007745341898548,0.9348346118947455,0.9511042936477405,0.9556628128858458,0.9465457744096353,0.018386154919555153,0.9751627000345836
semseg-ptv3-pheno4d-maize,4,Maize02,M02_0315_a,1441265,0.7588011021857213,0.8896714508699128,0.6279307535015297,0.9658175283518298,0.5575164285580259,0.5559289486317811,0.5591039084842707,0.0022591265312069606,0.7159090909090909,0.6948278762054272,0.7135568513119533,0.6760989010989011,0.004563352332846492,0.8207389387258629,0.876244958300224,0.8936829981394525,0.8588069184609954,0.01289561600399649,0.9354352738620467,0.9422245013584825,0.9526346950858496,0.9318143076311154,0.028956506957429757,0.9712464657114104,0.5317671441155531,0.5044303797468355,0.5591039084842707,0.003917392013266124,0.722635494155154,0.6885980972209941,0.701097293343087,0.6760989010989011,0.00971507668610561,0.8540922725324953,0.8772954057086598,0.8957838929563242,0.8588069184609954,0.03474309027139353,0.9587810041139114,0.9417067973761992,0.9515992871212832,0.9318143076311154,0.08916750215956122,0.9839394929735282,0.5575164285580259,0.5559289486317811,0.5591039084842707,0.0022591265312069606,0.7159090909090909,0.6948278762054272,0.7135568513119533,0.6760989010989011,0.004563352332846492,0.8207389387258629,0.876244958300224,0.8936829981394525,0.8588069184609954,0.01289561600399649,0.9354352738620467,0.9422245013584825,0.9526346950858496,0.9318143076311154,0.028956506957429757,0.9712464657114104,0.5474966550956613,0.5387341772151899,0.5562591329761325,0.002162683475974231,0.7077317933910812,0.6909303943428367,0.7073715562174236,0.6744892324682495,0.004490499665224646,0.8178306551297899,0.8756110977458285,0.8924152770306616,0.8588069184609954,0.012803335958342151,0.9349699235896602,0.9421051861862337,0.952396064741352,0.9318143076311154,0.02886838992135381,0.9711586992573366,0.5760430939931519,0.5785234899328859,0.5735626980534179,0.002429809923921,0.7310108509423187,0.7082242424968184,0.7334235453315291,0.6830249396621078,0.004843661644458167,0.8306832831972497,0.8771959071904767,0.8950223077596011,0.8593695066213524,0.013019118621488761,0.9360477510125773,0.9422863793618801,0.9526346950858496,0.9319380636379105,0.028978709675181177,0.9712684959057607
semseg-ptv3-pheno4d-maize,4,Maize02,M02_0317_a,861631,0.679786846040511,0.7971958736546262,0.5623778184263957,0.9189188875516318,0.8238012474733778,0.831409934771701,0.8161925601750547,0.004044654846448189,0.9035868005738881,0.9056690920641597,0.9173474291206151,0.8939907550077042,0.00819724452811006,0.9512954835055926,0.9638913384898786,0.9734362934362935,0.9543463835434638,0.023375435656330844,0.9829204111017328,0.9816029500579909,0.9879505411748223,0.9752553589411596,0.04886894738002695,0.9918303369985988,0.8053630095879987,0.7945334590009425,0.8161925601750547,0.0048501040468599665,0.8956688202919358,0.8936433619832658,0.8932959689588273,0.8939907550077042,0.011103360951497799,0.9482596425211665,0.9607927194046217,0.9672390552657798,0.9543463835434638,0.04134832660384782,0.9843096527914222,0.9804050839876091,0.9855548090340586,0.9752553589411596,0.09852593511607637,0.9934152403613961,0.8238012474733778,0.831409934771701,0.8161925601750547,0.004044654846448189,0.9035868005738881,0.9056690920641597,0.9173474291206151,0.8939907550077042,0.00819724452811006,0.9512954835055926,0.9638913384898786,0.9734362934362935,0.9543463835434638,0.023375435656330844,0.9829204111017328,0.9816029500579909,0.9879505411748223,0.9752553589411596,0.04886894738002695,0.9918303369985988,0.8151993182219779,0.8267429760665973,0.8036556603773585,0.0038125369212574757,0.8986301369863013,0.9026611622897301,0.9154375614552606,0.8898847631241997,0.007947717758530044,0.9497663551401869,0.963328297278814,0.9728621016093405,0.9537944929482874,0.022952981032483742,0.9826060575415887,0.9814739093279156,0.98781049573013,0.9751373229257011,0.048411675067401246,0.9917531704744325,0.8412004290524977,0.8497160332022717,0.8326848249027238,0.004643519093440232,0.9140214946263434,0.9130485009332125,0.9244951712028094,0.9016018306636155,0.008945824836850113,0.9553710430721328,0.9649187495742182,0.974402857355458,0.9554346417929783,0.024156512474597595,0.9834726626309215,0.9819433742368948,0.9882821814218075,0.9756045670519822,0.05003766113336219,0.9920211532216914
semseg-ptv3-pheno4d-maize,4,Maize02,M02_0319_a,1133991,0.9441172068690147,0.9437627371181943,0.944471676619835,0.9838905247043407,0.6289069111885262,0.6476218965001496,0.6101919258769027,0.0045741103765373796,0.7728937728937729,0.7480942891935918,0.805712387910993,0.6904761904761905,0.011418080037672257,0.8644578313253012,0.8863542134149021,0.9354215142294613,0.8372869126003427,0.03282036629920343,0.9515288301359557,0.9488294636323238,0.9645753559155621,0.9330835713490856,0.06709047955407053,0.9762881177707676,0.5471353867443649,0.4840788476118271,0.6101919258769027,0.008915414672603221,0.7307616221562809,0.7032084555781238,0.7159407206800572,0.6904761904761905,0.021840561344843124,0.8475390640771995,0.8648396660080705,0.8923924194157983,0.8372869126003427,0.06378004763706238,0.9448884218676548,0.9361282346292201,0.9391728979093545,0.9330835713490856,0.13789527430111878,0.9745095029800731,0.6289069111885262,0.6476218965001496,0.6101919258769027,0.0045741103765373796,0.7728937728937729,0.7480942891935918,0.805712387910993,0.6904761904761905,0.011418080037672257,0.8644578313253012,0.8863542134149021,0.9354215142294613,0.8372869126003427,0.03282036629920343,0.9515288301359557,0.9488294636323238,0.9645753559155621,0.9330835713490856,0.06709047955407053,0.9762881177707676,0.6138889749314671,0.6342608112638284,0.5935171385991058,0.004035305394839994,0.7615821678321678,0.7374392902346665,0.7977410340009315,0.6771375464684015,0.010785799887300693,0.8579838116261957,0.8831930882076653,0.9342469747776644,0.8321392016376663,0.032080501520735175,0.9504109513730449,0.9482416036732673,0.9640436897074065,0.9324395176391281,0.06619981992802412,0.9759690955108565,0.6268419652934685,0.6486419137802143,0.6050420168067226,0.005443605813450019,0.7715859387655921,0.7635837411897878,0.8174375767498977,0.7097299056296779,0.012463943717366364,0.8737795387010047,0.8913687295205805,0.9376404300183208,0.8450970290228405,0.03418986570440154,0.9534703773438911,0.9496844679981806,0.9650238473767886,0.9343450886195728,0.06812311561555603,0.9766475514880066
semseg-ptv3-pheno4d-maize,4,Maize02,M02_0321_a,1444663,0.7536316270158376,0.8049804339123733,0.7022828201193021,0.9008557705153382,0.24601299776974836,0.046610169491525424,0.4454158260479713,0.003172366150444775,0.4599607244163212,0.3515855316230725,0.2727520807750034,0.4304189824711415,0.007860656776009353,0.530644593166608,0.4893914583420318,0.559560506638181,0.4192224100458826,0.029890015872213797,0.6658020888816841,0.534015503453729,0.6212940391398494,0.44673696776760846,0.06636980389198034,0.7099768465405394,0.3353374758255284,0.22585740072202165,0.44481755092903513,0.005415795933030748,0.5614775051124744,0.4128121436321302,0.3957107610552287,0.4299135262090317,0.01233782549978784,0.6427289048473968,0.48940919840072494,0.5832390416687165,0.3955793551327333,0.045672935487376644,0.7432178472916856,0.49162284051405547,0.5912247294785692,0.3920209515495417,0.1045136478195953,0.762562339804089,0.24601299776974836,0.046610169491525424,0.4454158260479713,0.003172366150444775,0.4599607244163212,0.3515855316230725,0.2727520807750034,0.4304189824711415,0.007860656776009353,0.530644593166608,0.4893914583420318,0.559560506638181,0.4192224100458826,0.029890015872213797,0.6658020888816841,0.534015503453729,0.6212940391398494,0.44673696776760846,0.06636980389198034,0.7099768465405394,0.23911953288956986,0.031209362808842653,0.44702970297029704,0.0028470307608071915,0.4566010211524435,0.3397428529798969,0.2595175820982273,0.4199681238615665,0.0073172774550189215,0.5179264024217198,0.48081060555767163,0.5493936331480546,0.41222757796728876,0.0288440972046768,0.6575953923686105,0.5272995564760011,0.6124741807625746,0.44212493218942756,0.0648296523133769,0.7035245630331955,0.24787168667294848,0.06396103896103895,0.431782334384858,0.003647909581680987,0.45294117647058824,0.3576080714469594,0.2904849600982198,0.42473118279569894,0.008590930895302227,0.5343646764966562,0.493190969368839,0.567678638613145,0.418703300124533,0.03136510037288973,0.6703301553672316,0.5387235904535266,0.6261518033182666,0.4512953775887865,0.0674766364197048,0.7140673567156677
semseg-ptv3-pheno4d-maize,4,Maize02,M02_0324_a,1311008,0.3336955788915777,0.14763904306835915,0.5197521147147962,0.5948064390148649,0.20474406991260924,0.0,0.4094881398252185,0.00366588152017379,0.4094881398252185,0.19718667356231814,0.0008666584127770212,0.3935066887118593,0.010154781664185115,0.39382558401562384,0.1427597192960333,0.0036895288967207247,0.2818299096953458,0.03853447118553052,0.28373483243928027,0.11971165121383541,0.001989649223691777,0.23743365320397905,0.08693234518782494,0.23859119585150348,0.20491379156909262,0.00033944331296673454,0.4094881398252185,0.0039343772120383706,0.4290422644435828,0.19850201777609366,0.003497346840328027,0.3935066887118593,0.010735251043471894,0.4128890152053432,0.1459487859776477,0.01209461629027079,0.2798029556650246,0.04096847616490517,0.3126047291007261,0.11901097593185246,0.005454404070251836,0.2325675477934531,0.09552039346823207,0.28508001405436484,0.20474406991260924,0.0,0.4094881398252185,0.00366588152017379,0.4094881398252185,0.19718667356231814,0.0008666584127770212,0.3935066887118593,0.010154781664185115,0.39382558401562384,0.1427597192960333,0.0036895288967207247,0.2818299096953458,0.03853447118553052,0.28373483243928027,0.11971165121383541,0.001989649223691777,0.23743365320397905,0.08693234518782494,0.23859119585150348,0.20190742033030937,0.0,0.40381484066061873,0.0032791561912665673,0.40381484066061873,0.19075904078566963,0.0009180327868852459,0.380600048784454,0.009386670409333886,0.38095238095238093,0.1393204810945536,0.003827040612326498,0.27481392157678075,0.03679001196026264,0.27682866146956375,0.11671651728832831,0.0020240546611755895,0.23140897991548104,0.08478514242476018,0.23260521438724652,0.2054733464075593,0.0,0.4109466928151186,0.004278387317239864,0.4109466928151186,0.20695737578038564,0.0017020310904345853,0.4122127204703367,0.011428610656838097,0.4128011746646199,0.15058191997862316,0.0035591811285461913,0.29760465882870013,0.04175641948790549,0.2993624755676525,0.1256777238063447,0.001921261591426509,0.2494341860212629,0.0914654983035954,0.25051704583361134
semseg-ptv3-pheno4d-maize,4,Maize02,M02_0325_a,1671990,0.6362006321740206,0.6052467478576502,0.6671545164903909,0.7925190940137202,0.23757734858428653,0.0,0.47515469716857306,0.003189612378064462,0.47515469716857306,0.22906889459107202,0.002051767676767677,0.45608602150537636,0.006960567945980538,0.45669358996391135,0.18465638009025864,0.015844792160581635,0.35346796801993563,0.023280641630631763,0.3601284521515735,0.15022544391061152,0.023330794617923332,0.2771200932032997,0.06475816242920113,0.28938351419995384,0.23757734858428653,0.0,0.47515469716857306,0.00443423704687229,0.51106015646075,0.22971197381303593,0.003377155952237366,0.4560467916738345,0.009500056818521643,0.47979098463863007,0.18339097665092652,0.017431037400575392,0.34935091590127765,0.029680201436611462,0.4150125944584383,0.14904737776826846,0.02880534359997217,0.26928941193656475,0.0801003594519106,0.3746593293361309,0.23757734858428653,0.0,0.47515469716857306,0.003189612378064462,0.47515469716857306,0.22906889459107202,0.002051767676767677,0.45608602150537636,0.006960567945980538,0.45669358996391135,0.18465638009025864,0.015844792160581635,0.35346796801993563,0.023280641630631763,0.3601284521515735,0.15022544391061152,0.023330794617923332,0.2771200932032997,0.06475816242920113,0.28938351419995384,0.2381965552178318,0.0,0.4763931104356636,0.002951572676870077,0.4763931104356636,0.23099792239286296,0.002019522046449007,0.4599763227392769,0.0065748000885172755,0.4605658146092968,0.1850390144204048,0.015652386581339422,0.35442564225947015,0.022602407909138214,0.3609854198089492,0.14963357414023515,0.02304420672767109,0.2762229415527992,0.06370731882367718,0.2883644078935016,0.23854289071680376,0.0,0.4770857814336075,0.0035628203517963624,0.4770857814336075,0.2346070461280685,0.002674591381872214,0.4665395008742648,0.0075359302388172174,0.46730158730158733,0.18587316515201383,0.015619062096222543,0.3561272682078051,0.024306963558394488,0.3626387145985581,0.15209860155902738,0.02411665731912507,0.2800805457989297,0.06620613759651672,0.29265736792657365
semseg-spunet-pheno4d-maize,0,Maize01,M01_0313_a,1554168,0.9774198519357601,0.9647168772644058,0.9901228266071144,0.9982144787436107,0.6647152970288686,0.7204877147607611,0.608942879296976,0.004998816086806575,0.8052516411378556,0.8021639180961255,0.8236650905316573,0.7806627456605939,0.009080742879791631,0.8916601714731099,0.8934318744002665,0.8894192521877486,0.8974444966127842,0.017505829485615455,0.9438012276252435,0.9466421160821552,0.944276394912351,0.9490078372519594,0.0359645804057219,0.972645138205564,0.6374644198654631,0.6659859604339502,0.608942879296976,0.008270019714728395,0.7963899478720922,0.786745715459779,0.7928286852589641,0.7806627456605939,0.01724910048334543,0.8971948672038198,0.896356677339263,0.895268858065742,0.8974444966127842,0.040590206464166036,0.9563122186291294,0.940101222333382,0.9311946074148046,0.9490078372519594,0.08313258283531767,0.9786690608504512,0.6647152970288686,0.7204877147607611,0.608942879296976,0.004998816086806575,0.8052516411378556,0.8021639180961255,0.8236650905316573,0.7806627456605939,0.009080742879791631,0.8916601714731099,0.8934318744002665,0.8894192521877486,0.8974444966127842,0.017505829485615455,0.9438012276252435,0.9466421160821552,0.944276394912351,0.9490078372519594,0.0359645804057219,0.972645138205564,0.652040775006513,0.7095595306789767,0.5945220193340494,0.004769754621122041,0.7963037906380682,0.7975195483756395,0.8188388625592417,0.7762002341920374,0.008842673378939729,0.8887433602561304,0.8927692474816846,0.8886055660789742,0.896932928884395,0.017393229046023338,0.9434374075170169,0.9463220417282745,0.9436396476095691,0.9490044358469799,0.03576382990770625,0.9724915891549575,0.6771798737454127,0.7336700923184114,0.6206896551724138,0.005303802420330363,0.8145092806017227,0.8043891226030052,0.8244949494949495,0.7842832957110609,0.009182404990966227,0.8928596454347978,0.8938956505948107,0.8897382274464556,0.8980530737431658,0.017588832095371928,0.9440664325431665,0.9467758238783968,0.9443979781082948,0.9491536696484986,0.0360585213438959,0.9727164040613122
semseg-spunet-pheno4d-maize,0,Maize01,M01_0315_a,1301557,0.9961771518300235,0.9952103162419405,0.9971439874181067,0.9990411484091746,0.6007151686853736,0.47113594040968343,0.7302943969610636,0.001003413603860607,0.7825421133231241,0.8256552415516297,0.8175092478421702,0.8338012352610893,0.0023871409396591927,0.9047312520115868,0.9468278484625393,0.9449199851135095,0.9487357118115691,0.008337706300991812,0.972723921857722,0.9814413393300685,0.9811104020421187,0.9817722766180184,0.02428860203586935,0.9906367633568469,0.6672412595859214,0.6041881222107792,0.7302943969610636,0.004200353883848345,0.7890982257179441,0.7974976325559178,0.7611940298507462,0.8338012352610893,0.008961574483484011,0.8930041152263375,0.9307954796750744,0.9128552475385797,0.9487357118115691,0.0266388640681891,0.9640055376095985,0.9729060201704125,0.9640397637228065,0.9817722766180184,0.06953364316737569,0.9862102494972487,0.6007151686853736,0.47113594040968343,0.7302943969610636,0.001003413603860607,0.7825421133231241,0.8256552415516297,0.8175092478421702,0.8338012352610893,0.0023871409396591927,0.9047312520115868,0.9468278484625393,0.9449199851135095,0.9487357118115691,0.008337706300991812,0.972723921857722,0.9814413393300685,0.9811104020421187,0.9817722766180184,0.02428860203586935,0.9906367633568469,0.5858400268278492,0.44889779559118237,0.7227822580645161,0.0009342656525991562,0.7738486842105263,0.8171393237583968,0.8044914134742405,0.8297872340425532,0.002271894354223442,0.8998985458234697,0.9458098299317064,0.9441298603246508,0.9474897995387618,0.008174056149673046,0.9721778362628066,0.981267723264188,0.9808908973531311,0.9816445491752449,0.024063487038984848,0.9905491698595147,0.63225618070537,0.5271565495207667,0.7373558118899733,0.00111942849986593,0.7968428277282087,0.8384262145028825,0.8378970427163198,0.8389553862894451,0.0025876699983174,0.9121140142517815,0.9478917549333354,0.9458173164927696,0.9499661933739013,0.00851518604256287,0.9732924298475142,0.9815982444201794,0.9812123135512536,0.9819841752891053,0.02450065575307113,0.9907178023769952
semseg-spunet-pheno4d-maize,0,Maize01,M01_0317_a,803846,0.9869344426964018,0.9822078049739507,0.991661080418853,0.9971997123827201,0.6336601859734942,0.5946119307248237,0.6727084412221647,0.003555407379025336,0.7788663400979706,0.7847170046059269,0.7847493245271691,0.7846846846846847,0.007394451175971517,0.8793741588156124,0.9081370890759912,0.9145653425446172,0.9017088356073653,0.019272348186095346,0.9521043119029177,0.9240942680163466,0.9275739393617586,0.9206145966709347,0.04310651542708429,0.960636056679461,0.6276890406174538,0.5826696400127429,0.6727084412221647,0.006264881581795518,0.7398729150119142,0.7610047406811553,0.7373247966776258,0.7846846846846847,0.013090815902548498,0.855744559536254,0.8966737690341077,0.8916387024608501,0.9017088356073653,0.03494450429559891,0.9448202207191171,0.922598965002134,0.9245833333333333,0.9206145966709347,0.08452862861791935,0.9680343792311767,0.6336601859734942,0.5946119307248237,0.6727084412221647,0.003555407379025336,0.7788663400979706,0.7847170046059269,0.7847493245271691,0.7846846846846847,0.007394451175971517,0.8793741588156124,0.9081370890759912,0.9145653425446172,0.9017088356073653,0.019272348186095346,0.9521043119029177,0.9240942680163466,0.9275739393617586,0.9206145966709347,0.04310651542708429,0.960636056679461,0.6132115138234144,0.5752212389380531,0.6512017887087759,0.0032767470386118732,0.7630979498861048,0.7737700806176155,0.7680830360038923,0.7794571252313387,0.006978948704105015,0.8725490196078431,0.9067945426596026,0.9132265232136593,0.9003625621055459,0.018978759613159736,0.9513633980073414,0.9233710452898309,0.9267139479905437,0.9200281425891182,0.0426748407033188,0.9602378731343284,0.6606108957271233,0.6325736520289049,0.6886481394253415,0.004056747187894199,0.7973014412756823,0.7997721236863498,0.8051490514905149,0.7943951958821848,0.008046317329438724,0.8888373531230674,0.9106286775091652,0.9176289453425712,0.9036284096757591,0.020048616277247133,0.9535244477537851,0.9255152853533073,0.9291833238149628,0.9218472468916519,0.04397608497149952,0.9614144271570014
semseg-spunet-pheno4d-maize,0,Maize01,M01_0319_a,860826,0.9966075432071111,0.9960020941411641,0.9972129922730579,0.998727965930397,0.785792230467045,0.8264367816091954,0.7451476793248946,0.0030470733922999538,0.8848646587876478,0.8808847259163217,0.9161259312665224,0.8456435205661211,0.007054851967761197,0.9425325209945661,0.9517340569254733,0.9677475898334794,0.9357205240174673,0.01947780387674164,0.9780521262002744,0.9787775960769198,0.98378283095364,0.9737723612001996,0.04223269278576623,0.9898775959290331,0.730605111872824,0.7160625444207533,0.7451476793248946,0.005468003986868426,0.8302528149564479,0.8524252279343689,0.8592069353026168,0.8456435205661211,0.013205920824882148,0.922853624208304,0.9403418344903061,0.9449631449631449,0.9357205240174673,0.03570756459493556,0.9708504131693669,0.9726837966285046,0.9715952320568095,0.9737723612001996,0.07852225653035573,0.9867443855963547,0.785792230467045,0.8264367816091954,0.7451476793248946,0.0030470733922999538,0.8848646587876478,0.8808847259163217,0.9161259312665224,0.8456435205661211,0.007054851967761197,0.9425325209945661,0.9517340569254733,0.9677475898334794,0.9357205240174673,0.01947780387674164,0.9780521262002744,0.9787775960769198,0.98378283095364,0.9737723612001996,0.04223269278576623,0.9898775959290331,0.7823024299493602,0.8195777351247601,0.7450271247739603,0.0027729181042394167,0.8818600754084625,0.8782166056193079,0.9129549503690506,0.8434782608695652,0.006705187807989071,0.9407484407484408,0.951171642723486,0.9673150368594013,0.9350282485875706,0.019231528787466923,0.9777710661431591,0.9786561358905954,0.983616774997774,0.9736954967834167,0.04191787887447637,0.9898015741048665,0.7901791169459027,0.8285280728376327,0.7518301610541728,0.003489671548024804,0.8871504660452729,0.8881901734971887,0.9202427394885132,0.856137607505864,0.007904036355779217,0.9459141681363904,0.9563069844560319,0.9711847153707619,0.9414292535413019,0.02170705810465762,0.9803061115273467,0.9801421930518575,0.9850205560304474,0.9752638300732674,0.04539361032310827,0.9905824547036545
semseg-spunet-pheno4d-maize,0,Maize01,M01_0321_a,1114990,0.3418431232127666,0.36186447972944386,0.32182176669608936,0.6075857182575628,0.5578409347366693,0.5886255924170616,0.5270562770562771,0.0013856626516829747,0.7171521035598706,0.6162028049192161,0.6654895666131622,0.5669160432252701,0.00401976699342595,0.7668451584114234,0.7863118821146579,0.8493745401030169,0.7232492241262988,0.017002843074825785,0.8916024897141048,0.8895571187267636,0.9112252384446075,0.8678889990089197,0.04260845388747881,0.943798939126042,0.4587404648589388,0.6006299212598425,0.31685100845803515,0.0047874868832904335,0.7382914949419258,0.4924083817620434,0.625963830085518,0.3588529334385688,0.011964232863075006,0.7901049475262368,0.5752409654185731,0.7082741922017199,0.4422077386354261,0.03901380281437502,0.8362068965517241,0.6178197918006281,0.7051534409388298,0.5304861426624262,0.0907174055372694,0.8431521814353083,0.5578409347366693,0.5886255924170616,0.5270562770562771,0.0013856626516829747,0.7171521035598706,0.6162028049192161,0.6654895666131622,0.5669160432252701,0.00401976699342595,0.7668451584114234,0.7863118821146579,0.8493745401030169,0.7232492241262988,0.017002843074825785,0.8916024897141048,0.8895571187267636,0.9112252384446075,0.8678889990089197,0.04260845388747881,0.943798939126042,0.557517202024546,0.5777027027027027,0.5373317013463892,0.0011928358101866384,0.7157894736842105,0.6149889957958297,0.6685025817555938,0.5614754098360656,0.0037139346541224584,0.7667230137647911,0.7842047368179982,0.8472305839855508,0.7211788896504455,0.01664319859370936,0.8901762138276661,0.8892125216856059,0.9105360443622921,0.8678889990089197,0.04240127714149903,0.9435243353004632,0.5700160776605886,0.6065200909780136,0.5335120643431636,0.0017210916689835783,0.7279833246482543,0.6328059792357333,0.6876233436707077,0.577988614800759,0.004554300935434398,0.7802284363922805,0.7967048250062291,0.8563210424175215,0.7370886075949367,0.018169669683136172,0.8972802211362851,0.8924844414804223,0.9130688448074679,0.8719000381533766,0.044073937882850966,0.9452606731512759
semseg-spunet-pheno4d-maize,0,Maize01,M01_0324_a,1214597,0.9779195304991073,0.9802880522183332,0.9755510087798814,0.9894409421396562,0.49196384879546506,0.4752688172043011,0.5086588803866291,0.0029540662458412133,0.6599777034559643,0.6844523422234005,0.7321164282190429,0.636788256227758,0.007367052610865991,0.8175011175681717,0.8735782827593366,0.9190146857923497,0.8281418797263234,0.02686899440719844,0.9415045196874521,0.9315421229688826,0.961199471175033,0.9018847747627322,0.05798466487238154,0.9687340262395638,0.5051272939990417,0.5100565681961031,0.5001980198019802,0.004475558559752741,0.7122884473877852,0.6822915945340688,0.7371451000915871,0.6274380889765505,0.010634803148698704,0.8437717736316482,0.8673600444647118,0.9193504736129905,0.8153696153164333,0.0372172827695112,0.9468852313954518,0.924200867739045,0.9550748752079867,0.8933268602701033,0.0793275465030788,0.9691752031634336,0.49196384879546506,0.4752688172043011,0.5086588803866291,0.0029540662458412133,0.6599777034559643,0.6844523422234005,0.7321164282190429,0.636788256227758,0.007367052610865991,0.8175011175681717,0.8735782827593366,0.9190146857923497,0.8281418797263234,0.02686899440719844,0.9415045196874521,0.9315421229688826,0.961199471175033,0.9018847747627322,0.05798466487238154,0.9687340262395638,0.46130950858680486,0.4354280059376546,0.48719101123595504,0.002556403481977973,0.6325281803542673,0.6648301750961654,0.7075727453461051,0.6220876048462255,0.006756973712268349,0.8023638357499695,0.871724816249312,0.9171688062177976,0.8262808262808263,0.026341247343769168,0.9403325623554416,0.9311937824378087,0.9607306491505494,0.9016569157250681,0.057451154580490486,0.9684436801375752,0.5248103529349599,0.5145666423889294,0.5350540634809906,0.003523802545206352,0.6885514018691589,0.7023977677752256,0.748084983379101,0.65671055217135,0.00845136288003346,0.8298100340964443,0.8799033788658809,0.9215702310365979,0.8382365266951639,0.028378136945834707,0.9440060345828014,0.9339008296802134,0.961992779216702,0.9058088801437248,0.05961236525366027,0.9695877356536151
semseg-spunet-pheno4d-maize,0,Maize01,M01_0325_a,1407956,0.8960011673668221,0.9144366239117748,0.8775657108218694,0.9585129080738318,0.34393677098389863,0.2477326968973747,0.44014084507042256,0.0023857279630897558,0.5266448347722537,0.36960842403591543,0.2664015904572565,0.47281525761457444,0.00594194704948166,0.5572555582118097,0.410568508877318,0.33234501347708895,0.488792004277547,0.021647693535877543,0.5921782210702451,0.5394325787266654,0.52687676972306,0.5519883877302709,0.049529246652594255,0.699017709901771,0.4102136694656342,0.38028649386084584,0.44014084507042256,0.003832506129452909,0.6606745737583395,0.43656018410858394,0.40030511060259344,0.47281525761457444,0.0091679001332428,0.6943755810350171,0.46692588962119264,0.44505977496483823,0.488792004277547,0.03174673072169869,0.7165197547988724,0.5736607372744342,0.5953330868185976,0.5519883877302709,0.07616644270133442,0.8020309775361576,0.34393677098389863,0.2477326968973747,0.44014084507042256,0.0023857279630897558,0.5266448347722537,0.36960842403591543,0.2664015904572565,0.47281525761457444,0.00594194704948166,0.5572555582118097,0.410568508877318,0.33234501347708895,0.488792004277547,0.021647693535877543,0.5921782210702451,0.5394325787266654,0.52687676972306,0.5519883877302709,0.049529246652594255,0.699017709901771,0.34197289233803296,0.24595649749023982,0.43798928718582614,0.0020369954742903897,0.5244072524407253,0.36420486646733574,0.26850635129215944,0.4599033816425121,0.005281415044220132,0.548951048951049,0.4107447507852091,0.3415421881308034,0.47994731343961483,0.01984437013656677,0.5901574803149606,0.5302863968712039,0.5188128796792086,0.5417599140631993,0.047083857734190555,0.6911090327641345,0.33948187811390595,0.23851294903926482,0.44045080718854707,0.002737301449761214,0.5233523611831863,0.36423425179892,0.25801749271137026,0.4704510108864697,0.006485998141987391,0.5525624178712221,0.4051531947362666,0.3281241994158938,0.48218219005663937,0.022606530317708793,0.5863520688680135,0.5420862520498212,0.5311929294523482,0.5529795746472942,0.05046393495251272,0.7012005460866139
semseg-spunet-pheno4d-maize,0,Maize02,M02_0313_a,1729943,0.9952001597414609,0.9959707601407846,0.9944295593421373,0.9994150096274849,0.5751807762805407,0.6834249803613511,0.4669365721997301,0.0009358689852787057,0.7510809141445337,0.7195247329652561,0.7890161991307784,0.6500332667997338,0.0020278124770584925,0.8477765108323831,0.9122648019587571,0.908703071672355,0.9158265322451592,0.006695596328896386,0.9538116204782872,0.9657611094045222,0.968264325542769,0.9632578932662755,0.017716190649056066,0.982543722265727,0.5349746029123044,0.6030126336248786,0.4669365721997301,0.0018873454212075195,0.749770290964778,0.7252733981638408,0.8005135295279479,0.6500332667997338,0.005434283094876536,0.8925646207850229,0.9272248251318074,0.9386231180184555,0.9158265322451592,0.026666774570029184,0.9780846267233158,0.9669958593556736,0.9707338254450717,0.9632578932662755,0.0731989435490071,0.9920161099265576,0.5751807762805407,0.6834249803613511,0.4669365721997301,0.0009358689852787057,0.7510809141445337,0.7195247329652561,0.7890161991307784,0.6500332667997338,0.0020278124770584925,0.8477765108323831,0.9122648019587571,0.908703071672355,0.9158265322451592,0.006695596328896386,0.9538116204782872,0.9657611094045222,0.968264325542769,0.9632578932662755,0.017716190649056066,0.982543722265727,0.5776156089107266,0.6816220880069025,0.47360912981455067,0.0008618781081226375,0.7525150905432596,0.6739411322495493,0.7761000862812769,0.5717821782178217,0.001740519774350947,0.8276320159415477,0.8998293942631606,0.8953647565030315,0.9042940320232896,0.005828515737223712,0.9469403947237925,0.9620861568652059,0.9619352543578797,0.9622370593725321,0.01587219925743218,0.9805156967004152,0.577478368446214,0.7009404388714734,0.4540162980209546,0.001147436649646838,0.7596977329974811,0.7424829208084011,0.8060891627401232,0.6788766788766789,0.0022376459802432797,0.86179281839318,0.916036300769224,0.9130081300813008,0.9190644714571472,0.007007745341898548,0.9558690093211252,0.966969800502592,0.9695017671873218,0.9644378338178622,0.018386154919555153,0.9831798031879775
semseg-spunet-pheno4d-maize,0,Maize02,M02_0315_a,1441265,0.40642130701421436,0.5312286502117899,0.28161396381663883,0.8547976950803634,0.6107689245824108,0.6274323682961557,0.594105480868666,0.0022591265312069606,0.7589066339066339,0.7537055794389633,0.7718120805369127,0.7355990783410138,0.004563352332846492,0.860422685114794,0.9038233954410841,0.9178376443211314,0.889809146561037,0.01289561600399649,0.9506079845044657,0.9554684839134324,0.9636017604377305,0.9473352073891343,0.028956506957429757,0.9780035462692289,0.6025734430692138,0.6110414052697616,0.594105480868666,0.003917392013266124,0.7803754870704924,0.7556590114503765,0.7757189445597391,0.7355990783410138,0.00971507668610561,0.8919440079988573,0.9064938091271801,0.9231784716933232,0.889809146561037,0.03474309027139353,0.9697847186164477,0.9558818323116736,0.9644284572342127,0.9473352073891343,0.08916750215956122,0.9882269635992966,0.6107689245824108,0.6274323682961557,0.594105480868666,0.0022591265312069606,0.7589066339066339,0.7537055794389633,0.7718120805369127,0.7355990783410138,0.004563352332846492,0.860422685114794,0.9038233954410841,0.9178376443211314,0.889809146561037,0.01289561600399649,0.9506079845044657,0.9554684839134324,0.9636017604377305,0.9473352073891343,0.028956506957429757,0.9780035462692289,0.6006057895592779,0.6118881118881119,0.5893234672304439,0.002162683475974231,0.7507218479307026,0.7504947427514228,0.7667682926829268,0.7342211928199189,0.004490499665224646,0.8581582200247219,0.9033284863239968,0.9168478260869565,0.889809146561037,0.012803335958342151,0.9502519915460901,0.9553763787005447,0.9634175500119551,0.9473352073891343,0.02886838992135381,0.9779364049318624,0.6286572755195496,0.6473194505981391,0.6099951004409603,0.002429809923921,0.7727013135351228,0.7652944939472222,0.7883817427385892,0.7422072451558551,0.004843661644458167,0.8685002148689299,0.9045700597691659,0.9188830962269152,0.8902570233114167,0.013019118621488761,0.9510765295246216,0.9555167366009302,0.9636017604377305,0.9474317127641299,0.028978709675181177,0.9780203993679069
semseg-spunet-pheno4d-maize,0,Maize02,M02_0317_a,861631,0.8667886850395488,0.9101519129537469,0.8234254571253508,0.9680628946730097,0.6812594603674302,0.6496781115879828,0.7128408091468778,0.004044654846448189,0.8126255380200861,0.7819438018473939,0.7857674187949417,0.7781201848998459,0.00819724452811006,0.877672377176837,0.9116491520664974,0.9310506200764371,0.8922476840565577,0.023375435656330844,0.9561094285288715,0.9541133466158644,0.9688951442646024,0.9393315489671265,0.04886894738002695,0.9790058660080272,0.6677600934846281,0.6226793778223784,0.7128408091468778,0.0048501040468599665,0.8200526441732472,0.7796365891239806,0.7811529933481153,0.7781201848998459,0.011103360951497799,0.8968328629664472,0.9158592855147558,0.9394708869729538,0.8922476840565577,0.04134832660384782,0.9712296853509979,0.9563779008026277,0.973424252638129,0.9393315489671265,0.09852593511607637,0.9879259774068533,0.6812594603674302,0.6496781115879828,0.7128408091468778,0.004044654846448189,0.8126255380200861,0.7819438018473939,0.7857674187949417,0.7781201848998459,0.00819724452811006,0.877672377176837,0.9116491520664974,0.9310506200764371,0.8922476840565577,0.023375435656330844,0.9561094285288715,0.9541133466158644,0.9688951442646024,0.9393315489671265,0.04886894738002695,0.9790058660080272,0.6794332105143466,0.6530953708867819,0.7057710501419111,0.0038125369212574757,0.8106544901065449,0.775829747137082,0.7806549885757806,0.7710045056983833,0.007947717758530044,0.8738317757009346,0.9102987064913961,0.9295449111341356,0.8910525018486567,0.022952981032483742,0.9553016129847803,0.9537937322501145,0.968531966396127,0.939055498104102,0.048411675067401246,0.9788075659866229,0.6801835795332904,0.6509259259259259,0.7094412331406551,0.004643519093440232,0.8115471132216946,0.7981950325110498,0.8048339733453806,0.7915560916767189,0.008945824836850113,0.8879086663207058,0.9140975605736361,0.9335837716003005,0.8946113495469719,0.024156512474597595,0.9575285865282983,0.9549519899996655,0.9697550294238402,0.9401489505754909,0.05003766113336219,0.9794962193255091
semseg-spunet-pheno4d-maize,0,Maize02,M02_0319_a,1133991,0.7082191355922605,0.6768647265790725,0.7395735446054483,0.9106183382407796,0.5291722118711739,0.5185520361990951,0.5397923875432526,0.0045741103765373796,0.6923076923076923,0.6775557713439457,0.7334813992226541,0.6216301434652373,0.011418080037672257,0.8146431881371641,0.8446291516181241,0.9070842440964633,0.782174059139785,0.03282036629920343,0.9303294105002956,0.9278499985462417,0.9490539717468613,0.9066460253456221,0.06709047955407053,0.9659174553101998,0.5331692670351849,0.5265461465271171,0.5397923875432526,0.008915414672603221,0.7539070227497527,0.6841951199544389,0.7467600964436407,0.6216301434652373,0.021840561344843124,0.8642952315581217,0.8421688479972715,0.9021636368547581,0.782174059139785,0.06378004763706238,0.949921190166745,0.9249838067607024,0.9442671999267276,0.9057004135946772,0.13789527430111878,0.97665183025094,0.5291722118711739,0.5185520361990951,0.5397923875432526,0.0045741103765373796,0.6923076923076923,0.6775557713439457,0.7334813992226541,0.6216301434652373,0.011418080037672257,0.8146431881371641,0.8446291516181241,0.9070842440964633,0.782174059139785,0.03282036629920343,0.9303294105002956,0.9278499985462417,0.9490539717468613,0.9066460253456221,0.06709047955407053,0.9659174553101998,0.5079063128640715,0.495093062605753,0.52071956312239,0.004035305394839994,0.673951048951049,0.664536715731186,0.722196261682243,0.606877169780129,0.010785799887300693,0.8055759954214701,0.8405811079960495,0.9053925861062464,0.7757696298858526,0.032080501520735175,0.9287226146952913,0.92703156013193,0.9482889278876835,0.9057741923761765,0.06619981992802412,0.9654589050219795,0.5500312100023328,0.5503136762860728,0.549748743718593,0.005443605813450019,0.7097035477077596,0.6959743196317532,0.749384236453202,0.6425644028103045,0.012463943717366364,0.8272251308900523,0.851112037903951,0.9102799211099962,0.7919441546979058,0.03418986570440154,0.9331201155502824,0.9290272246716391,0.9496993210475266,0.9083551282957517,0.06812311561555603,0.9664340914680716
semseg-spunet-pheno4d-maize,0,Maize02,M02_0321_a,1444663,0.9144257829050393,0.9413179164306567,0.887533649379422,0.9700878336331726,0.2601177250977849,0.0689522342064715,0.4512832159890983,0.003172366150444775,0.47261619026838314,0.3686400569107977,0.29813071360349297,0.4391494002181025,0.007860656776009353,0.5470235998591053,0.6481055652226451,0.7431100259423165,0.5531011045029737,0.029890015872213797,0.8050763067089692,0.8056993698577304,0.8848819948521701,0.7265167448632908,0.06636980389198034,0.9118395527836298,0.37609307526317215,0.30090293453724604,0.4512832159890983,0.005415795933030748,0.6041666666666666,0.44271441157450303,0.44627942293090356,0.4391494002181025,0.01233782549978784,0.6726885098743267,0.6645388431104852,0.7759765817179967,0.5531011045029737,0.045672935487376644,0.8619775090176108,0.8058595892897171,0.8922792734238703,0.7194399051555641,0.1045136478195953,0.9374316994178307,0.2601177250977849,0.0689522342064715,0.4512832159890983,0.003172366150444775,0.47261619026838314,0.3686400569107977,0.29813071360349297,0.4391494002181025,0.007860656776009353,0.5470235998591053,0.6481055652226451,0.7431100259423165,0.5531011045029737,0.029890015872213797,0.8050763067089692,0.8056993698577304,0.8848819948521701,0.7265167448632908,0.06636980389198034,0.9118395527836298,0.2489314976311075,0.04681404421326398,0.45104895104895104,0.0028470307608071915,0.4653537563822028,0.3553606456486227,0.2829119442022668,0.42780934709497853,0.0073172774550189215,0.5331567495979567,0.6386662692090641,0.734177614957049,0.5431549234610792,0.0288440972046768,0.7980081593472522,0.8022605137143426,0.882027019483057,0.7224940079456282,0.0648296523133769,0.9097451338394353,0.27237683576266253,0.1025974025974026,0.4421562689279225,0.003647909581680987,0.47552182163187856,0.3823949306869627,0.3270718232044199,0.43771803816950544,0.008590930895302227,0.5583756345177665,0.6586037032710355,0.7562585014325818,0.560948905109489,0.03136510037288973,0.8141331214689266,0.8086228943166374,0.8866236570677468,0.7306221315655278,0.0674766364197048,0.9132856659246418
semseg-spunet-pheno4d-maize,0,Maize02,M02_0324_a,1311008,0.5031359908330243,0.4539852745968079,0.5522867070692408,0.6985861260953404,0.2892700101250095,0.14320304392943617,0.4353369763205829,0.00366588152017379,0.48397836038285474,0.32168865342054004,0.2009592916000492,0.4424180152410309,0.010154781664185115,0.5108540524299556,0.3935386070172536,0.3958980562505155,0.3911791577839918,0.03853447118553052,0.564718224826303,0.5527385261238762,0.6418555468714082,0.4636215053763441,0.08693234518782494,0.7264431555949424,0.28669149582951453,0.13804601533844615,0.4353369763205829,0.0039343772120383706,0.49825513765025203,0.32107720795600553,0.1997364006709801,0.4424180152410309,0.010735251043471894,0.5243711809009521,0.3982245943420849,0.40562710415219366,0.3908220845319761,0.04096847616490517,0.5855148017129026,0.5560800538270845,0.6495176134912793,0.4626424941628897,0.09552039346823207,0.7477720637557096,0.2892700101250095,0.14320304392943617,0.4353369763205829,0.00366588152017379,0.48397836038285474,0.32168865342054004,0.2009592916000492,0.4424180152410309,0.010154781664185115,0.5108540524299556,0.3935386070172536,0.3958980562505155,0.3911791577839918,0.03853447118553052,0.564718224826303,0.5527385261238762,0.6418555468714082,0.4636215053763441,0.08693234518782494,0.7264431555949424,0.2827675052559947,0.13721732464545802,0.42831768586653135,0.0032791561912665673,0.47592463363572923,0.3088637785762279,0.19195207709337153,0.4257754800590842,0.009386670409333886,0.49455550138143994,0.3869999989608272,0.39255161400707195,0.38144838391458247,0.03679001196026264,0.5579905456958036,0.549225609297268,0.6426583728924538,0.4557928457020822,0.08478514242476018,0.7248951904564838,0.3002997913958872,0.15902322811197142,0.44157635467980294,0.004278387317239864,0.49474059547156357,0.3357081443141221,0.20728544039697755,0.46413084823126666,0.011428610656838097,0.5298671828071815,0.40391558275202977,0.39742126290665697,0.4104099025974026,0.04175641948790549,0.575397767751128,0.55692627478624,0.6371546854016138,0.47669786417086635,0.0914654983035954,0.7272249649743145
semseg-spunet-pheno4d-maize,0,Maize02,M02_0325_a,1671990,0.5923812540801666,0.6157491578249594,0.5690133503353738,0.7595601648335217,0.24441566057958705,0.010718113612004287,0.4781132075471698,0.003189612378064462,0.4807800487530471,0.2779364142729968,0.07954545454545454,0.47632737400053904,0.006960567945980538,0.49888296958240247,0.3325461789002668,0.24799430897522032,0.4170980488253132,0.023280641630631763,0.511034039820167,0.37930185455105436,0.3814210426058797,0.37718266649622906,0.06475816242920113,0.5499145693835142,0.24581522446324006,0.013517241379310345,0.4781132075471698,0.00443423704687229,0.5176692743458322,0.2925441998038206,0.1099987938728742,0.47508960573476705,0.009500056818521643,0.5354444724250819,0.3559555740301351,0.29678402166553824,0.41512712639473204,0.029680201436611462,0.5812997481108312,0.39502016644784843,0.41380990498729686,0.37623042790840006,0.0801003594519106,0.6225406378101503,0.24441566057958705,0.010718113612004287,0.4781132075471698,0.003189612378064462,0.4807800487530471,0.2779364142729968,0.07954545454545454,0.47632737400053904,0.006960567945980538,0.49888296958240247,0.3325461789002668,0.24799430897522032,0.4170980488253132,0.023280641630631763,0.511034039820167,0.37930185455105436,0.3814210426058797,0.37718266649622906,0.06475816242920113,0.5499145693835142,0.2410026955305593,0.0042569659442724455,0.4777484251168462,0.002951572676870077,0.4786220871327254,0.27373886895625404,0.0698418041063615,0.47763593380614655,0.0065748000885172755,0.49722550714090785,0.3293387291749169,0.24233529028049575,0.41634216806933805,0.022602407909138214,0.5081103966552883,0.3759058548049058,0.3772032750950938,0.3746084345147177,0.06370731882367718,0.5463301977130626,0.2481061862833252,0.015088282504012842,0.48112409006263757,0.0035628203517963624,0.48497565888870237,0.2850112102069862,0.08247882300490414,0.4875435974090683,0.0075359302388172174,0.51,0.33105213287718427,0.24352883043825307,0.41857543531611546,0.024306963558394488,0.510174454368741,0.38248073687236045,0.38365336658354116,0.38130810716117974,0.06620613759651672,0.5532449230324492
semseg-spunet-pheno4d-maize,1,Maize01,M01_0313_a,1554168,0.9035082469952537,0.869235030700337,0.9377814632901703,0.9927099258252647,0.2571759557214571,0.5143519114429141,0.0,0.004998816086806575,0.5143519114429141,0.2824426328661214,0.5234307202776974,0.04145454545454545,0.009080742879791631,0.5330546304825339,0.4571137220409832,0.5631844413141274,0.35104300276783906,0.017505829485615455,0.6466718124012203,0.7042463048313432,0.7301159493528735,0.678376660309813,0.0359645804057219,0.8280168172466231,0.2536487646666031,0.5072975293332062,0.0,0.008270019714728395,0.5981482922274955,0.3036964961366173,0.5659384468186892,0.04145454545454545,0.01724910048334543,0.695389435989257,0.5149814416961326,0.6789198806244261,0.35104300276783906,0.040590206464166036,0.8226333143110773,0.7240467314062443,0.7697168025026756,0.678376660309813,0.08313258283531767,0.9133991733874088,0.2571759557214571,0.5143519114429141,0.0,0.004998816086806575,0.5143519114429141,0.2824426328661214,0.5234307202776974,0.04145454545454545,0.009080742879791631,0.5330546304825339,0.4571137220409832,0.5631844413141274,0.35104300276783906,0.017505829485615455,0.6466718124012203,0.7042463048313432,0.7301159493528735,0.678376660309813,0.0359645804057219,0.8280168172466231,0.25529475246189126,0.5105895049237825,0.0,0.004769754621122041,0.5105895049237825,0.2755006818307177,0.5181925750628605,0.03280878859857482,0.008842673378939729,0.5259404787892018,0.4544776221194461,0.5611704555829453,0.3477847886559468,0.017393229046023338,0.6443844332642794,0.7030508022958678,0.7277464669064544,0.6783551376852812,0.03576382990770625,0.8270514365903244,0.26131262889724616,0.5226252577944923,0.0,0.005303802420330363,0.5226252577944923,0.28583618826866386,0.5226163124641011,0.049056064073226546,0.009182404990966227,0.5340901128162007,0.45944788058078995,0.5639769583163242,0.3549188028452557,0.017588832095371928,0.648339186420837,0.7049346095727399,0.7305698029653297,0.6792994161801501,0.0360585213438959,0.8284648739315859
semseg-spunet-pheno4d-maize,1,Maize01,M01_0315_a,1301557,0.9930978108513395,0.9928142292792431,0.993381392423436,0.9985563444397748,0.4546498564954102,0.5295857988165681,0.37971391417425226,0.001003413603860607,0.6347626339969372,0.6297240645864499,0.7086063783311489,0.5508417508417508,0.0023871409396591927,0.7853234631477309,0.8811141803023492,0.8870914493232089,0.8751369112814896,0.008337706300991812,0.9369701437523037,0.9576362642838434,0.9581753699400758,0.9570971586276109,0.02428860203586935,0.9783633315408218,0.48543626942460083,0.5911586246749494,0.37971391417425226,0.004200353883848345,0.7411743186391073,0.6237428043879656,0.6966438579341805,0.5508417508417508,0.008961574483484011,0.8403635116598079,0.8759618982636956,0.8767868852459016,0.8751369112814896,0.0266388640681891,0.945806414397785,0.9521833101888124,0.947269461750014,0.9570971586276109,0.06953364316737569,0.9792380278888865,0.4546498564954102,0.5295857988165681,0.37971391417425226,0.001003413603860607,0.6347626339969372,0.6297240645864499,0.7086063783311489,0.5508417508417508,0.0023871409396591927,0.7853234631477309,0.8811141803023492,0.8870914493232089,0.8751369112814896,0.008337706300991812,0.9369701437523037,0.9576362642838434,0.9581753699400758,0.9570971586276109,0.02428860203586935,0.9783633315408218,0.43454964495911386,0.5176348547717843,0.3514644351464435,0.0009342656525991562,0.6175986842105263,0.6200225855080894,0.6967326277036355,0.5433125433125433,0.002271894354223442,0.7771389922218465,0.8787955328257756,0.8856569709127382,0.871934094738813,0.008174056149673046,0.9357082432559451,0.9572504040667658,0.9577099047854581,0.9567909033480733,0.024063487038984848,0.9781609195402299,0.4788307617200046,0.5569395017793595,0.4007220216606498,0.00111942849986593,0.6582017844886754,0.6475935612303072,0.7309847878302642,0.5642023346303502,0.0025876699983174,0.8004750593824228,0.8835090114264574,0.8887262079062958,0.8782918149466192,0.00851518604256287,0.9382838581611477,0.957998343651709,0.9583916296611716,0.9576050576422462,0.02450065575307113,0.9785505973846781
semseg-spunet-pheno4d-maize,1,Maize01,M01_0317_a,803846,0.9731274292899064,0.965059573066386,0.9811952855134266,0.9945039223930952,0.3416198229023707,0.459983831851253,0.22325581395348837,0.003555407379025336,0.5325402379286214,0.4081038706915625,0.55232331120656,0.263884430176565,0.007394451175971517,0.6142328398384926,0.6428652502700029,0.7194637975130082,0.5662667030269976,0.019272348186095346,0.7946682158533437,0.8300310758153884,0.847543733525042,0.8125184181057347,0.04310651542708429,0.9081988975787134,0.3473636427124799,0.47147147147147145,0.22325581395348837,0.006264881581795518,0.545671167593328,0.41415351110441967,0.5644225920322743,0.263884430176565,0.013090815902548498,0.6716715765466121,0.6575776034910956,0.7488885039551937,0.5662667030269976,0.03494450429559891,0.8451762192951228,0.836548055909534,0.8605776937133331,0.8125184181057347,0.08452862861791935,0.9359951727791841,0.3416198229023707,0.459983831851253,0.22325581395348837,0.003555407379025336,0.5325402379286214,0.4081038706915625,0.55232331120656,0.263884430176565,0.007394451175971517,0.6142328398384926,0.6428652502700029,0.7194637975130082,0.5662667030269976,0.019272348186095346,0.7946682158533437,0.8300310758153884,0.847543733525042,0.8125184181057347,0.04310651542708429,0.9081988975787134,0.33438939229531256,0.45715528490648105,0.21162349968414404,0.0032767470386118732,0.5261958997722096,0.3933666449268852,0.533347098905637,0.25338619094813347,0.006978948704105015,0.5971479500891266,0.6381291081237437,0.7161088799643016,0.5601493362831859,0.018978759613159736,0.7914918720503409,0.8285136872498897,0.8459116450300329,0.8111157294697464,0.0426748407033188,0.9072702891791045,0.3477160353905324,0.47553678282294964,0.2198952879581152,0.004056747187894199,0.5430849432689359,0.4185297527551189,0.5698443927741013,0.2672151127361365,0.008046317329438724,0.628169449598021,0.6540558817157688,0.729045996592845,0.5790657668386926,0.020048616277247133,0.8026185157607346,0.8330370061976566,0.8506081810923778,0.8154658313029354,0.04397608497149952,0.91001414427157
semseg-spunet-pheno4d-maize,1,Maize01,M01_0319_a,860826,0.9940924909598097,0.9937965713284825,0.9943884105911367,0.9979844939627753,0.48162681003950214,0.672719412019023,0.29053420805998126,0.0030470733922999538,0.7113991612657262,0.6595825628538942,0.7981927710843374,0.5209723546234509,0.007054851967761197,0.8345134200559855,0.8649676205778043,0.9157138190133943,0.8142214221422143,0.01947780387674164,0.9384505278225085,0.9408400683722111,0.9561336393777098,0.9255464973667124,0.04223269278576623,0.9716132581488104,0.45464573353057136,0.6187572590011614,0.29053420805998126,0.005468003986868426,0.721053749734438,0.6480160521887113,0.7750597497539716,0.5209723546234509,0.013205920824882148,0.8592540464461647,0.8597563831125531,0.9052913440828919,0.8142214221422143,0.03570756459493556,0.9470687748064285,0.9376985022049171,0.9498505070431218,0.9255464973667124,0.07852225653035573,0.9759298162558807,0.48162681003950214,0.672719412019023,0.29053420805998126,0.0030470733922999538,0.7113991612657262,0.6595825628538942,0.7981927710843374,0.5209723546234509,0.007054851967761197,0.8345134200559855,0.8649676205778043,0.9157138190133943,0.8142214221422143,0.01947780387674164,0.9384505278225085,0.9408400683722111,0.9561336393777098,0.9255464973667124,0.04223269278576623,0.9716132581488104,0.4680861096022693,0.6554182509505704,0.28075396825396826,0.0027729181042394167,0.6962714704650188,0.6501330246989686,0.7901625501372177,0.5101034992607195,0.006705187807989071,0.8277893277893278,0.8634100464754542,0.9146613743487968,0.8121587186021114,0.019231528787466923,0.9376623376623376,0.9405130822506004,0.9557005494505495,0.9253256150506513,0.04191787887447637,0.9714000665114733,0.5044260712902924,0.6834228702993093,0.32542927228127555,0.003489671548024804,0.7253661784287616,0.6909090657255406,0.8114663726571113,0.5703517587939698,0.007904036355779217,0.8492063492063492,0.8776624941766521,0.9241455347298787,0.8311794536234255,0.02170705810465762,0.9447714866745157,0.9446005056255384,0.9593716782803826,0.9298293329706943,0.04539361032310827,0.9735899273211178
semseg-spunet-pheno4d-maize,1,Maize01,M01_0321_a,1114990,0.4301542291584469,0.47446350269291265,0.3858449556239812,0.6834437977022215,0.6153010326511903,0.7570977917981072,0.4735042735042735,0.0013856626516829747,0.8006472491909385,0.7975112654512382,0.8787878787878788,0.7162346521145976,0.00401976699342595,0.9071842927264614,0.9454813776427053,0.9692506645592356,0.9217120907261752,0.017002843074825785,0.9774237788796286,0.9810487270801858,0.9856023143943217,0.9764951397660497,0.04260845388747881,0.990990990990991,0.4504307774862866,0.6696428571428571,0.23121869782971619,0.0047874868832904335,0.7677032596478082,0.548183914894475,0.7293632859231689,0.3670045438657812,0.011964232863075006,0.8403298350824587,0.6374719707038594,0.7798078502217113,0.49513609118600765,0.03901380281437502,0.874551724137931,0.7282803554257495,0.7896685577784414,0.6668921530730576,0.0907174055372694,0.8946109205231886,0.6153010326511903,0.7570977917981072,0.4735042735042735,0.0013856626516829747,0.8006472491909385,0.7975112654512382,0.8787878787878788,0.7162346521145976,0.00401976699342595,0.9071842927264614,0.9454813776427053,0.9692506645592356,0.9217120907261752,0.017002843074825785,0.9774237788796286,0.9810487270801858,0.9856023143943217,0.9764951397660497,0.04260845388747881,0.990990990990991,0.5868341039987961,0.7277726856095326,0.4458955223880597,0.0011928358101866384,0.7766917293233083,0.7801483011184793,0.8711580254579323,0.6891385767790262,0.0037139346541224584,0.8997826611929486,0.9444184786112126,0.9685687008885951,0.9202682563338301,0.01664319859370936,0.976935927143396,0.9809923488361032,0.9854895579061568,0.9764951397660497,0.04240127714149903,0.9909469721005986,0.6479507925294715,0.7829705505761844,0.5129310344827587,0.0017210916689835783,0.8233454924439813,0.816452072236925,0.8911863530628069,0.741717791411043,0.004554300935434398,0.9170933438361559,0.9494107178220847,0.9709968150708138,0.9278246205733558,0.018169669683136172,0.9788735870477319,0.9817354232256581,0.98600071958918,0.9774701268621361,0.044073937882850966,0.9912905457653332
semseg-spunet-pheno4d-maize,1,Maize01,M01_0324_a,1214597,0.8632636460157286,0.8665908749723793,0.859936417059078,0.9340571399402435,0.5266937573070721,0.6840358446730833,0.3693516699410609,0.0029540662458412133,0.7316053511705686,0.6399934949128124,0.7879691098767104,0.49201787994891444,0.007367052610865991,0.8221949038891372,0.8128298688092412,0.9014089989101666,0.7242507387083158,0.02686899440719844,0.9199325877125785,0.8859307984250318,0.9480688088283025,0.8237927880217611,0.05798466487238154,0.9480320327142614,0.5231237172936347,0.6768957646462085,0.3693516699410609,0.004475558559752741,0.7636129506990434,0.6390041891181982,0.785990498287482,0.49201787994891444,0.010634803148698704,0.848029728265077,0.8155142580886738,0.908379258517034,0.7226492576603137,0.0372172827695112,0.9335014600477833,0.8811386141829387,0.9463798413736974,0.8158973869921801,0.0793275465030788,0.9553715062635572,0.5266937573070721,0.6840358446730833,0.3693516699410609,0.0029540662458412133,0.7316053511705686,0.6399934949128124,0.7879691098767104,0.49201787994891444,0.007367052610865991,0.8221949038891372,0.8128298688092412,0.9014089989101666,0.7242507387083158,0.02686899440719844,0.9199325877125785,0.8859307984250318,0.9480688088283025,0.8237927880217611,0.05798466487238154,0.9480320327142614,0.5208657036942641,0.6761320030698388,0.3655994043186895,0.002556403481977973,0.7256038647342995,0.6353770175879462,0.7807914628723878,0.4899625723035046,0.006756973712268349,0.8173510417935909,0.8107490909648735,0.8995787633126688,0.7219194186170781,0.026341247343769168,0.9186722510470713,0.8854108139661381,0.947471080125915,0.8233505478063613,0.057451154580490486,0.9475494411006019,0.5313632214356878,0.6897414512093412,0.37298499166203447,0.003523802545206352,0.7364485981308411,0.6291136890902971,0.7816280982027487,0.47659927997784546,0.00845136288003346,0.8158792011690209,0.8250184988289081,0.9051449953227315,0.7448920023350847,0.028378136945834707,0.9239294418010908,0.8893069114639496,0.9485668313126777,0.8300469916152216,0.05961236525366027,0.9490504799392308
semseg-spunet-pheno4d-maize,1,Maize01,M01_0325_a,1407956,0.958323621650948,0.9678884242031197,0.9487588190987762,0.9840023409822466,0.45580247147568326,0.46304347826086956,0.44856146469049696,0.0023857279630897558,0.6233998213754094,0.6465857392608927,0.6719969541214544,0.6211745244003308,0.00594194704948166,0.7810184078412622,0.7753540342740676,0.8022159484365845,0.7484921201115506,0.021647693535877543,0.8727648544899768,0.8343771804750288,0.8705510512573863,0.7982033096926714,0.049529246652594255,0.9081953108195311,0.48437041844390316,0.5201793721973094,0.44856146469049696,0.003832506129452909,0.7168272794662713,0.6631504177622869,0.7051263111242428,0.6211745244003308,0.0091679001332428,0.8369228385497366,0.7874656019873263,0.8264390838631019,0.7484921201115506,0.03174673072169869,0.9071323101704775,0.8416855260016354,0.8851677423105995,0.7982033096926714,0.07616644270133442,0.9377558537472375,0.45580247147568326,0.46304347826086956,0.44856146469049696,0.0023857279630897558,0.6233998213754094,0.6465857392608927,0.6719969541214544,0.6211745244003308,0.00594194704948166,0.7810184078412622,0.7753540342740676,0.8022159484365845,0.7484921201115506,0.021647693535877543,0.8727648544899768,0.8343771804750288,0.8705510512573863,0.7982033096926714,0.049529246652594255,0.9081953108195311,0.43368915353824944,0.4332659251769464,0.4341123818995525,0.0020369954742903897,0.6032078103207811,0.6437823872984896,0.6790561703904782,0.608508604206501,0.005281415044220132,0.7797202797202797,0.7796763328031873,0.8120942944994876,0.747258371106887,0.01984437013656677,0.8762705798138869,0.8289016829273964,0.8677095772629567,0.7900937885918361,0.047083857734190555,0.9051318409461172,0.47573693305098397,0.48426707597851115,0.4672067901234568,0.002737301449761214,0.6416709911779969,0.6437686085571303,0.6664331990894764,0.6211040180247841,0.006485998141987391,0.7790188348664039,0.7670319792413897,0.7952380952380952,0.7388258632446841,0.022606530317708793,0.8676364321844858,0.8367300873709181,0.8729809763101221,0.8004791984317142,0.05046393495251272,0.9097549647436348
semseg-spunet-pheno4d-maize,1,Maize02,M02_0313_a,1729943,0.9881501124792069,0.9913323230960862,0.9849679018623276,0.9987369526047968,0.2785670166769611,0.5571340333539222,0.0,0.0009358689852787057,0.5571340333539222,0.38230710223406317,0.6167173252279635,0.14789687924016282,0.0020278124770584925,0.6405359179019384,0.7809486952885499,0.7900324388086111,0.7718649517684888,0.006695596328896386,0.8770612103945438,0.9102944750720467,0.919910011248594,0.9006789388954994,0.017716190649056066,0.9535369355259723,0.23772878535773712,0.47545757071547423,0.0,0.0018873454212075195,0.6137825421133232,0.40029677352595566,0.6526966678117485,0.14789687924016282,0.005434283094876536,0.7849164982448675,0.8231234612815078,0.8743819707945268,0.7718649517684888,0.026666774570029184,0.9526359143327842,0.9195361875237076,0.9383934361519158,0.9006789388954994,0.0731989435490071,0.9827450051330648,0.2785670166769611,0.5571340333539222,0.0,0.0009358689852787057,0.5571340333539222,0.38230710223406317,0.6167173252279635,0.14789687924016282,0.0020278124770584925,0.6405359179019384,0.7809486952885499,0.7900324388086111,0.7718649517684888,0.006695596328896386,0.8770612103945438,0.9102944750720467,0.919910011248594,0.9006789388954994,0.017716190649056066,0.9535369355259723,0.272635814889336,0.545271629778672,0.0,0.0008618781081226375,0.545271629778672,0.3035994343853776,0.6055167829843802,0.001682085786375105,0.001740519774350947,0.6057788110262371,0.7522428689785774,0.764043082021541,0.7404426559356136,0.005828515737223712,0.8587721908162254,0.901417273872696,0.9049208786806436,0.8979136690647482,0.01587219925743218,0.9481389758904508,0.28967254408060455,0.5793450881612091,0.0,0.001147436649646838,0.5793450881612091,0.39728821615568766,0.6267703415717856,0.1678060907395898,0.0022376459802432797,0.6528028933092225,0.7896612978802269,0.7986425339366516,0.7806800618238021,0.007007745341898548,0.8825373257444526,0.9133758817254569,0.9228769497400346,0.9038748137108793,0.018386154919555153,0.9552299808218316
semseg-spunet-pheno4d-maize,1,Maize02,M02_0315_a,1441265,0.4327474596855201,0.56813731085403,0.29735760851701026,0.8661169181240091,0.5166998827939685,0.6155956112852664,0.41780415430267065,0.0022591265312069606,0.6987100737100738,0.7178984749429551,0.7615803814713896,0.6742165684145206,0.004563352332846492,0.8403527444123461,0.8896020224069053,0.9091223818590964,0.8700816629547142,0.01289561600399649,0.9435058646292909,0.9489385573279268,0.9589875790953831,0.9388895355604703,0.028956506957429757,0.974840657497484,0.5155136473992692,0.6132231404958678,0.41780415430267065,0.003917392013266124,0.7513283740701382,0.72389941278671,0.7735822571588995,0.6742165684145206,0.00971507668610561,0.8848021711184116,0.8948624824513023,0.9196433019478902,0.8700816629547142,0.03474309027139353,0.9677876742421216,0.9506504911210256,0.962411446681581,0.9388895355604703,0.08916750215956122,0.9874488382588668,0.5166998827939685,0.6155956112852664,0.41780415430267065,0.0022591265312069606,0.6987100737100738,0.7178984749429551,0.7615803814713896,0.6742165684145206,0.004563352332846492,0.8403527444123461,0.8896020224069053,0.9091223818590964,0.8700816629547142,0.01289561600399649,0.9435058646292909,0.9489385573279268,0.9589875790953831,0.9388895355604703,0.028956506957429757,0.974840657497484,0.504914004914005,0.6007371007371007,0.4090909090909091,0.002162683475974231,0.687199230028874,0.7145812170221346,0.7567755385684504,0.672386895475819,0.004490499665224646,0.8377626699629172,0.8890728777079849,0.9080640924612556,0.8700816629547142,0.012803335958342151,0.9430986831409527,0.9488363281335227,0.9587831207065751,0.9388895355604703,0.02886838992135381,0.9747638618501694,0.5396465581051073,0.6328645447816432,0.44642857142857145,0.002429809923921,0.7167332952598515,0.7302331232667201,0.7774952320406866,0.6829710144927537,0.004843661644458167,0.8495917490330898,0.8904334954747881,0.910241066849034,0.8706259241005422,0.013019118621488761,0.9440417821360051,0.9489953580384549,0.9589875790953831,0.9390031369815267,0.028978709675181177,0.9748599339175406
semseg-spunet-pheno4d-maize,1,Maize02,M02_0317_a,861631,0.8782090518902084,0.9165491769097878,0.8398689268706291,0.970729929633451,0.5601760257260974,0.6627349797272393,0.4576170717249555,0.004044654846448189,0.7374461979913917,0.7477820975239751,0.8053187170117743,0.6902454780361758,0.00819724452811006,0.8642220019821606,0.9001156107667128,0.9300714598220796,0.8701597617113458,0.023375435656330844,0.9523856809493074,0.9487769497339185,0.9672841401425989,0.9302697593252381,0.04886894738002695,0.9772246894815589,0.5544594858976643,0.651301900070373,0.4576170717249555,0.0048501040468599665,0.7628619286910744,0.7486022874171254,0.8069590967980751,0.6902454780361758,0.011103360951497799,0.8909794083829832,0.9053216489602334,0.940483536209121,0.8701597617113458,0.04134832660384782,0.9702192157633256,0.9516915671087698,0.9731133748923014,0.9302697593252381,0.09852593511607637,0.9875019141743135,0.5601760257260974,0.6627349797272393,0.4576170717249555,0.004044654846448189,0.7374461979913917,0.7477820975239751,0.8053187170117743,0.6902454780361758,0.00819724452811006,0.8642220019821606,0.9001156107667128,0.9300714598220796,0.8701597617113458,0.023375435656330844,0.9523856809493074,0.9487769497339185,0.9672841401425989,0.9302697593252381,0.04886894738002695,0.9772246894815589,0.5452295805035136,0.6604206500956022,0.4300385109114249,0.0038125369212574757,0.7296803652968037,0.7395892578885859,0.8015314569536424,0.6776470588235294,0.007947717758530044,0.8599591121495327,0.8986019736842106,0.9286458333333333,0.8685581140350878,0.022952981032483742,0.9515093290185569,0.9484237172733119,0.9669139209936174,0.9299335135530065,0.048411675067401246,0.977009565363316,0.6001329131339982,0.691089108910891,0.5091767173571053,0.004643519093440232,0.7660584853786553,0.7666057978079348,0.8197368421052632,0.7134747535106065,0.008945824836850113,0.8755838090295797,0.9028973868341024,0.9324790537210449,0.8733157199471598,0.024156512474597595,0.9539252426251561,0.9497130412401631,0.9681617476179409,0.9312643348623854,0.05003766113336219,0.9777566451732616
semseg-spunet-pheno4d-maize,1,Maize02,M02_0319_a,1133991,0.7402492857888365,0.7185597495216559,0.7619388220560173,0.9215240685331718,0.42537986690571894,0.6690811258278145,0.18167860798362334,0.0045741103765373796,0.6917293233082706,0.6130949288746494,0.7956308515381186,0.43055900621118015,0.011418080037672257,0.8229842446709916,0.8165507530377685,0.9135230966216882,0.7195784094538487,0.03282036629920343,0.9292277930033854,0.9218271262373523,0.9498485924707466,0.893805660003958,0.06709047955407053,0.9647344900105153,0.4173219816195275,0.6529653552554316,0.18167860798362334,0.008915414672603221,0.7661721068249259,0.6161943336686618,0.8018296611261435,0.43055900621118015,0.021840561344843124,0.875802479105261,0.8165963135043459,0.9136142175548431,0.7195784094538487,0.06378004763706238,0.9526864474739375,0.9214369459227421,0.949068231841526,0.893805660003958,0.13789527430111878,0.9778029314711073,0.42537986690571894,0.6690811258278145,0.18167860798362334,0.0045741103765373796,0.6917293233082706,0.6130949288746494,0.7956308515381186,0.43055900621118015,0.011418080037672257,0.8229842446709916,0.8165507530377685,0.9135230966216882,0.7195784094538487,0.03282036629920343,0.9292277930033854,0.9218271262373523,0.9498485924707466,0.893805660003958,0.06709047955407053,0.9647344900105153,0.4125050904446066,0.6670536336196888,0.15795654726952438,0.004035305394839994,0.6866258741258742,0.5999681331469728,0.7922624053826746,0.407673860911271,0.010785799887300693,0.8182487122884474,0.8117625816087644,0.9126006078215275,0.7109245553960013,0.032080501520735175,0.9280628934275269,0.9209234753097797,0.9491326192056119,0.8927143314139475,0.06619981992802412,0.9642600239776209,0.44627312466241725,0.6846167339063323,0.20792951541850221,0.005443605813450019,0.7087315729791025,0.6458332835085572,0.8073195187165776,0.48434704830053665,0.012463943717366364,0.8368473185227112,0.8257927915054801,0.916256001017391,0.7353295819935691,0.03418986570440154,0.9320626241262799,0.9231962733147838,0.9504533618954405,0.8959391847341271,0.06812311561555603,0.9652690580057216
semseg-spunet-pheno4d-maize,1,Maize02,M02_0321_a,1444663,0.997599692030513,0.9980655245734156,0.9971338594876104,0.9989513125206363,0.7116778546771803,0.7680703959773727,0.6552853133769878,0.003172366150444775,0.8389701069168667,0.8561735328713331,0.9009540547326136,0.8113930110100527,0.007860656776009353,0.9305213103205354,0.9504080064134879,0.9761448668063454,0.9246711460206303,0.029890015872213797,0.9815428081795234,0.9770127415234475,0.9892404892404892,0.9647849938064059,0.06636980389198034,0.9916876994639244,0.7024933137972156,0.7497013142174432,0.6552853133769878,0.005415795933030748,0.839340490797546,0.8471045026425164,0.8828159942749799,0.8113930110100527,0.01233782549978784,0.9265035906642729,0.9463803155229655,0.9680894850253008,0.9246711460206303,0.045672935487376644,0.9800248552635568,0.9749335268975436,0.9850820599886814,0.9647849938064059,0.1045136478195953,0.9912707716558379,0.7116778546771803,0.7680703959773727,0.6552853133769878,0.003172366150444775,0.8389701069168667,0.8561735328713331,0.9009540547326136,0.8113930110100527,0.007860656776009353,0.9305213103205354,0.9504080064134879,0.9761448668063454,0.9246711460206303,0.029890015872213797,0.9815428081795234,0.9770127415234475,0.9892404892404892,0.9647849938064059,0.06636980389198034,0.9916876994639244,0.6891040588184771,0.7483512669212079,0.6298568507157464,0.0028470307608071915,0.8237296377340141,0.8466369493453174,0.8961384820239681,0.7971354166666667,0.0073172774550189215,0.9262132248604673,0.9484811767637822,0.9753319508496084,0.921630402677956,0.0288440972046768,0.9808735301175906,0.9765244833937263,0.9889760294341398,0.9640729373533129,0.0648296523133769,0.9914902249698367,0.7364597467635625,0.7950040727667662,0.6779154207603588,0.003647909581680987,0.8567362428842504,0.8657127421969566,0.9100535124672663,0.821371971926647,0.008590930895302227,0.9363467891386673,0.9521980406873589,0.9773566679924995,0.9270394133822182,0.03136510037288973,0.9824108403954802,0.9774528347961516,0.989401877609638,0.9655037919826652,0.0674766364197048,0.9918240477631538
semseg-spunet-pheno4d-maize,1,Maize02,M02_0324_a,1311008,0.5337497164717084,0.5128222903685338,0.554677142574883,0.7212587566208597,0.481631023207425,0.5045790251107829,0.45868302130406713,0.00366588152017379,0.6510611735330837,0.5868381327167116,0.6342274678111588,0.5394487976222643,0.010154781664185115,0.7439345001126718,0.7239976054360476,0.8299762734110758,0.6180189374610194,0.03853447118553052,0.8666442328628833,0.8311690586823108,0.9143287951661365,0.7480093221984851,0.08693234518782494,0.9316919513200959,0.4738304886079454,0.48897795591182364,0.45868302130406713,0.0039343772120383706,0.6539356339666538,0.5811035283339429,0.6227582590456214,0.5394487976222643,0.010735251043471894,0.7444223390649425,0.722867008500862,0.8277150795407047,0.6180189374610194,0.04096847616490517,0.8695215043753491,0.8311086443488533,0.9142321778383443,0.7479851108593624,0.09552039346823207,0.9356613536908679,0.481631023207425,0.5045790251107829,0.45868302130406713,0.00366588152017379,0.6510611735330837,0.5868381327167116,0.6342274678111588,0.5394487976222643,0.010154781664185115,0.7439345001126718,0.7239976054360476,0.8299762734110758,0.6180189374610194,0.03853447118553052,0.8666442328628833,0.8311690586823108,0.9143287951661365,0.7480093221984851,0.08693234518782494,0.9316919513200959,0.46305079890227385,0.4882888744307092,0.4378127233738385,0.0032791561912665673,0.6341009537101652,0.5769347242924021,0.6295490959029526,0.5243203526818516,0.009386670409333886,0.7369575816674793,0.7255875611752478,0.8332938482192214,0.6178812741312741,0.03679001196026264,0.8686763974125062,0.8247613784691925,0.912912140164017,0.7366106167743681,0.08478514242476018,0.9299620346546233,0.5056285227804994,0.5315292315547613,0.4797278140062376,0.004278387317239864,0.6728472098413264,0.599142102578109,0.6360787386152189,0.562205466540999,0.011428610656838097,0.751985583661483,0.724165360371948,0.823922541031999,0.6244081797118969,0.04175641948790549,0.8637816707158906,0.8432147950172018,0.9171509462077186,0.7692786438266849,0.0914654983035954,0.9350773900860632
semseg-spunet-pheno4d-maize,1,Maize02,M02_0325_a,1671990,0.5578260106201329,0.5841464734135888,0.531505547826677,0.7346539153942309,0.45871882508519146,0.3880974992086103,0.5293401509617726,0.003189612378064462,0.6375398462403901,0.508283615574405,0.44805580290887503,0.5685114282399351,0.006960567945980538,0.6804433751503695,0.5970365270129343,0.6194273710417801,0.5746456829840884,0.023280641630631763,0.7486448298008992,0.6543922530072819,0.7310481629352605,0.5777363430793033,0.06475816242920113,0.8033895174324637,0.4208808659451272,0.3124215809284818,0.5293401509617726,0.00443423704687229,0.6304289182627462,0.48211606152592634,0.39572069481191763,0.5685114282399351,0.009500056818521643,0.6692898514228154,0.5969611542863533,0.6192766255886184,0.5746456829840884,0.029680201436611462,0.7702569269521411,0.6566310407574527,0.735525738435602,0.5777363430793033,0.0801003594519106,0.8289739932948547,0.45871882508519146,0.3880974992086103,0.5293401509617726,0.003189612378064462,0.6375398462403901,0.508283615574405,0.44805580290887503,0.5685114282399351,0.006960567945980538,0.6804433751503695,0.5970365270129343,0.6194273710417801,0.5746456829840884,0.023280641630631763,0.7486448298008992,0.6543922530072819,0.7310481629352605,0.5777363430793033,0.06475816242920113,0.8033895174324637,0.4389783844894316,0.3611869031377899,0.5167698658410733,0.002951572676870077,0.6204660587639311,0.49960527615986305,0.434563229265216,0.5646473230545102,0.0065748000885172755,0.6737924133539526,0.593962717494888,0.6152180016846497,0.5727074333051263,0.022602407909138214,0.7461300309597523,0.6524235297651131,0.7295595064008825,0.5752875531293435,0.06370731882367718,0.8020616233875965,0.46391840041622345,0.38989376973873097,0.537943031093716,0.0035628203517963624,0.6432768171898606,0.5157984697097263,0.44952327537857545,0.5820736640408771,0.0075359302388172174,0.6884126984126984,0.6009475567221525,0.6221174004192872,0.5797777130250177,0.024306963558394488,0.7516055215176792,0.6554434974902075,0.7303078049204124,0.5805791900600027,0.06620613759651672,0.8036153067861531
semseg-spunet-pheno4d-maize,2,Maize01,M01_0313_a,1554168,0.5027724045609155,0.48975271442672347,0.5157920946951076,0.9494411157609731,0.2571759557214571,0.5143519114429141,0.0,0.004998816086806575,0.5143519114429141,0.2564302416212003,0.5128604832424006,0.0,0.009080742879791631,0.5128604832424006,0.2527785704808352,0.46565975353171024,0.03989738742996017,0.017505829485615455,0.47726687984709815,0.5038413479451798,0.5957920337738619,0.4118906621164977,0.0359645804057219,0.6848197513194383,0.24383536529471078,0.48767073058942156,0.0,0.008270019714728395,0.5651598848517856,0.2633674630261661,0.5267349260523322,0.0,0.01724910048334543,0.6430916144434498,0.311483932748987,0.5830704780680138,0.03989738742996017,0.040590206464166036,0.7318020417221482,0.529840885534981,0.6477911089534641,0.4118906621164977,0.08313258283531767,0.842773331682172,0.2571759557214571,0.5143519114429141,0.0,0.004998816086806575,0.5143519114429141,0.2564302416212003,0.5128604832424006,0.0,0.009080742879791631,0.5128604832424006,0.2527785704808352,0.46565975353171024,0.03989738742996017,0.017505829485615455,0.47726687984709815,0.5038413479451798,0.5957920337738619,0.4118906621164977,0.0359645804057219,0.6848197513194383,0.25529475246189126,0.5105895049237825,0.0,0.004769754621122041,0.5105895049237825,0.25492978243469405,0.5098595648693881,0.0,0.008842673378939729,0.5098595648693881,0.2509297896396775,0.4642722259989425,0.03758735328041251,0.017393229046023338,0.4752515537141166,0.5023738670020745,0.5928964274160003,0.41185130658814867,0.03576382990770625,0.6830505730169296,0.26131262889724616,0.5226252577944923,0.0,0.005303802420330363,0.5226252577944923,0.25502767850886415,0.5100553570177283,0.0,0.009182404990966227,0.5100553570177283,0.25342504432155594,0.46537914514559475,0.041470943497517114,0.017588832095371928,0.477465613110916,0.5041871091643766,0.5958971541085697,0.4124770642201835,0.0360585213438959,0.6850520154886601
semseg-spunet-pheno4d-maize,2,Maize01,M01_0315_a,1301557,0.5067491231950731,0.5455599696879234,0.46793827670222277,0.9087692663479202,0.6937547853606247,0.6685314685314685,0.718978102189781,0.001003413603860607,0.8185298621745789,0.8428999553724903,0.8555008210180624,0.8302990897269181,0.0023871409396591927,0.9140650144834245,0.9527455591030873,0.9526796917010217,0.9528114265051528,0.008337706300991812,0.9753962403243642,0.9835267497976856,0.9833700787401575,0.9836834208552138,0.02428860203586935,0.991554107487426,0.6517809016391682,0.5845837010885555,0.718978102189781,0.004200353883848345,0.7417230656667276,0.7696384486966803,0.7089778076664425,0.8302990897269181,0.008961574483484011,0.8513374485596708,0.918870647108855,0.8849298677125573,0.9528114265051528,0.0266388640681891,0.9499884633133364,0.9674111913320018,0.9511389618087899,0.9836834208552138,0.06953364316737569,0.9808402024264657,0.6937547853606247,0.6685314685314685,0.718978102189781,0.001003413603860607,0.8185298621745789,0.8428999553724903,0.8555008210180624,0.8302990897269181,0.0023871409396591927,0.9140650144834245,0.9527455591030873,0.9526796917010217,0.9528114265051528,0.008337706300991812,0.9753962403243642,0.9835267497976856,0.9833700787401575,0.9836834208552138,0.02428860203586935,0.991554107487426,0.6806277056277057,0.6547619047619048,0.7064935064935065,0.0009342656525991562,0.8092105263157895,0.8363127735625426,0.8464223385689355,0.8262032085561497,0.002271894354223442,0.9100439634764964,0.951819535385391,0.9520261675449755,0.9516129032258065,0.008174056149673046,0.9749036563586804,0.9833733463142604,0.9831793564829564,0.9835673361455645,0.024063487038984848,0.9914750957854406,0.7070135746606334,0.6923076923076923,0.7217194570135747,0.00111942849986593,0.8270418668496912,0.8531892037061903,0.8700147710487445,0.8363636363636363,0.0025876699983174,0.9207244655581948,0.9537076602873545,0.9534227240649259,0.9539925965097832,0.00851518604256287,0.9759090498962375,0.9836672982264149,0.9834586466165414,0.9838759498362883,0.02450065575307113,0.9916272068738436
semseg-spunet-pheno4d-maize,2,Maize01,M01_0317_a,803846,0.8725253498337934,0.8540342368455037,0.891016462822083,0.9746033444216927,0.35293184165347624,0.4707078925956062,0.23515579071134626,0.003555407379025336,0.5447865640307907,0.4365995067042462,0.5692584449330402,0.3039405684754522,0.007394451175971517,0.6374495289367429,0.5903586524299997,0.6878943383528224,0.49282296650717705,0.019272348186095346,0.7605215595145882,0.6947029090198343,0.7456720441430437,0.643733773896625,0.04310651542708429,0.825748174655854,0.34622222639627664,0.457288662081207,0.23515579071134626,0.006264881581795518,0.5142970611596506,0.42949435236905165,0.5550481362626511,0.3039405684754522,0.013090815902548498,0.6574170863822104,0.6041444640863711,0.7154659616655651,0.49282296650717705,0.03494450429559891,0.8160911356354574,0.7121185698235326,0.7811863321497177,0.6430508074973477,0.08452862861791935,0.8893565667863661,0.35293184165347624,0.4707078925956062,0.23515579071134626,0.003555407379025336,0.5447865640307907,0.4365995067042462,0.5692584449330402,0.3039405684754522,0.007394451175971517,0.6374495289367429,0.5903586524299997,0.6878943383528224,0.49282296650717705,0.019272348186095346,0.7605215595145882,0.6947029090198343,0.7456720441430437,0.643733773896625,0.04310651542708429,0.825748174655854,0.34613076175418006,0.46847635726795095,0.2237851662404092,0.0032767470386118732,0.5391040242976461,0.42200268292381027,0.5504548339327269,0.2935505319148936,0.006978948704105015,0.6212121212121212,0.5872586722679958,0.6856777493606138,0.4888395951753778,0.018978759613159736,0.758324593602517,0.6927201777038815,0.7436617321762804,0.6417786232314826,0.0426748407033188,0.824335354477612,0.3640750808632268,0.4880655504096901,0.24008461131676362,0.004056747187894199,0.5593376264949402,0.44961378595331414,0.5878576669112252,0.311369904995403,0.008046317329438724,0.6525974025974026,0.5946342667523976,0.6931157078215902,0.49615282568320507,0.020048616277247133,0.7643335815338794,0.6988674599477159,0.7495555831162926,0.6481793367791393,0.04397608497149952,0.8286280056577087
semseg-spunet-pheno4d-maize,2,Maize01,M01_0319_a,860826,0.8770291033126747,0.8851775294053085,0.8688806772200408,0.9634955263897699,0.5431356654403359,0.5322483423749247,0.5540229885057472,0.0030470733922999538,0.7041555470834922,0.6546935821994966,0.6941925998529772,0.6151945645460161,0.007054851967761197,0.7945002469948954,0.8453176901180512,0.8844660194174757,0.8061693608186268,0.01947780387674164,0.9218703405498897,0.9276082675007618,0.9420661595612949,0.9131503754402286,0.04223269278576623,0.9639389354971806,0.5207594102248643,0.48749583194398133,0.5540229885057472,0.005468003986868426,0.6734650520501381,0.6482763042322044,0.6813580439183927,0.6151945645460161,0.013205920824882148,0.8200211118930331,0.839127662439425,0.8720859640602234,0.8061693608186268,0.03570756459493556,0.9314203916975731,0.9233636928877473,0.933577010335266,0.9131503754402286,0.07852225653035573,0.9687990058289198,0.5431356654403359,0.5322483423749247,0.5540229885057472,0.0030470733922999538,0.7041555470834922,0.6546935821994966,0.6941925998529772,0.6151945645460161,0.007054851967761197,0.7945002469948954,0.8453176901180512,0.8844660194174757,0.8061693608186268,0.01947780387674164,0.9218703405498897,0.9276082675007618,0.9420661595612949,0.9131503754402286,0.04223269278576623,0.9639389354971806,0.5329766662209363,0.5104659014179609,0.5554874310239117,0.0027729181042394167,0.6962714704650188,0.6415136605729942,0.6760197453884126,0.6070075757575758,0.006705187807989071,0.783957033957034,0.8436526639949157,0.8829054477144647,0.8043998802753667,0.019231528787466923,0.920869827846572,0.9271919688881505,0.9414708247699044,0.9129131130063965,0.04191787887447637,0.9636681077485866,0.5671412810203813,0.5629278567667193,0.5713547052740434,0.003489671548024804,0.7237017310252996,0.6816449005413825,0.7207763564181738,0.642513444664591,0.007904036355779217,0.8139329805996472,0.8588803353219187,0.8967772437160192,0.8209834269278181,0.02170705810465762,0.9298405223161725,0.9321375551128277,0.946502225670764,0.9177728845548915,0.04539361032310827,0.9664499948817689
semseg-spunet-pheno4d-maize,2,Maize01,M01_0321_a,1114990,0.28377413254080397,0.29425479805598875,0.2732934670256192,0.5530157221140997,0.4769294703348921,0.5326370757180157,0.4212218649517685,0.0013856626516829747,0.6504854368932039,0.5371607002694314,0.5954812751470133,0.4788401253918495,0.00401976699342595,0.7019187862561357,0.5051742267118609,0.5805164812093219,0.4298319722143997,0.017002843074825785,0.679080071737525,0.3606955656004962,0.4698438743038982,0.2515472568970943,0.04260845388747881,0.5492338132525049,0.3891868634232828,0.5278993435448578,0.2504743833017078,0.0047874868832904335,0.6682278006744099,0.4388571668087882,0.5700799790218959,0.30763435459568056,0.011964232863075006,0.7488755622188905,0.4234449788821155,0.5493188446326555,0.2975711131315755,0.03901380281437502,0.737632183908046,0.315179797647103,0.45680826779655714,0.17355132749764884,0.0907174055372694,0.6552215049086002,0.4769294703348921,0.5326370757180157,0.4212218649517685,0.0013856626516829747,0.6504854368932039,0.5371607002694314,0.5954812751470133,0.4788401253918495,0.00401976699342595,0.7019187862561357,0.5051742267118609,0.5805164812093219,0.4298319722143997,0.017002843074825785,0.679080071737525,0.3606955656004962,0.4698438743038982,0.2515472568970943,0.04260845388747881,0.5492338132525049,0.4688253319713994,0.515832482124617,0.4218181818181818,0.0011928358101866384,0.6413533834586466,0.5391803356008447,0.6054286660046342,0.472932005197055,0.0037139346541224584,0.7053851726636078,0.5040315693738432,0.578958661135746,0.4291044776119403,0.01664319859370936,0.6779113003179393,0.3598576315740751,0.4678068662015853,0.25190839694656486,0.04240127714149903,0.5478985553228842,0.485452943551841,0.5408450704225352,0.4300608166811468,0.0017210916689835783,0.6581552892131318,0.5257374146641608,0.5823095823095823,0.46916524701873935,0.004554300935434398,0.6912170145726664,0.4988032989931238,0.5680769737709239,0.42952962421532376,0.018169669683136172,0.6720469914605854,0.36341982142978607,0.46843797596886105,0.2584016668907111,0.044073937882850966,0.5507508851898579
semseg-spunet-pheno4d-maize,2,Maize01,M01_0324_a,1214597,0.8031468947751312,0.8103326327027658,0.7959611568474967,0.8994382498886462,0.3742660764212488,0.27353215284249766,0.475,0.0029540662458412133,0.5607580824972129,0.41349216625630925,0.37845163476198546,0.4485326977506331,0.007367052610865991,0.5861645060348681,0.5355137475162254,0.5990801237964236,0.47194737123602715,0.02686899440719844,0.6974413972728666,0.6565066098915073,0.7517921326880986,0.5612210870949161,0.05798466487238154,0.7944709490543533,0.43102368259618623,0.3978779840848806,0.46416938110749184,0.004475558559752741,0.6613318616629875,0.45861647909097486,0.4736560577694571,0.44357690041249265,0.010634803148698704,0.6920337539676396,0.5716552387088135,0.6732737225036548,0.4700367549139722,0.0372172827695112,0.7751305194230599,0.6713485249164971,0.7844712628350446,0.5582257869979496,0.0793275465030788,0.8437795144835031,0.3742660764212488,0.27353215284249766,0.475,0.0029540662458412133,0.5607580824972129,0.41349216625630925,0.37845163476198546,0.4485326977506331,0.007367052610865991,0.5861645060348681,0.5355137475162254,0.5990801237964236,0.47194737123602715,0.02686899440719844,0.6974413972728666,0.6565066098915073,0.7517921326880986,0.5612210870949161,0.05798466487238154,0.7944709490543533,0.3716769498349404,0.2661246612466125,0.47722923842326825,0.002556403481977973,0.5597423510466989,0.41375061146943326,0.3732486456192789,0.4542525773195876,0.006756973712268349,0.5870598269769709,0.5341877212144459,0.5951103684812241,0.4732650739476678,0.026341247343769168,0.696068012752391,0.6561523552439967,0.750411543542323,0.5618931669456704,0.057451154580490486,0.7937087990828318,0.38433421015691815,0.289166017147311,0.4795024031665253,0.003523802545206352,0.569626168224299,0.4203298690511313,0.38540275923453493,0.45525697886772765,0.00845136288003346,0.5930832927423283,0.5435874434908214,0.6028400905536119,0.4843347964280309,0.028378136945834707,0.7034350702100499,0.6616935241958155,0.7538691177625894,0.5695179306290418,0.05961236525366027,0.7977211518541537
semseg-spunet-pheno4d-maize,2,Maize01,M01_0325_a,1407956,0.6588179391682678,0.6733201223945977,0.644315755941938,0.8402038131873439,0.33511213758429953,0.26935123042505593,0.4008730447435431,0.0023857279630897558,0.5072938374516225,0.5041850988445247,0.48352067060392456,0.5248495270851247,0.00594194704948166,0.668180731532393,0.637235404144779,0.6531206951361661,0.6213501131533918,0.021647693535877543,0.7737786672791102,0.7059333875781582,0.7612097124191964,0.6506570627371199,0.049529246652594255,0.8172653617265362,0.3831317288836799,0.3653904130238167,0.4008730447435431,0.003832506129452909,0.6058191252779836,0.534134637462381,0.5434197478396373,0.5248495270851247,0.0091679001332428,0.7452742485280446,0.659589914673524,0.6978297161936561,0.6213501131533918,0.03174673072169869,0.834287887601235,0.7183267947384127,0.7875134594677742,0.6491401300090512,0.07616644270133442,0.8756049571517824,0.33511213758429953,0.26935123042505593,0.4008730447435431,0.0023857279630897558,0.5072938374516225,0.5041850988445247,0.48352067060392456,0.5248495270851247,0.00594194704948166,0.668180731532393,0.637235404144779,0.6531206951361661,0.6213501131533918,0.021647693535877543,0.7737786672791102,0.7059333875781582,0.7612097124191964,0.6506570627371199,0.049529246652594255,0.8172653617265362,0.32561542218291734,0.2575599582898853,0.39367088607594936,0.0020369954742903897,0.4975592747559275,0.4955344608602289,0.48189997907512033,0.5091689426453375,0.005281415044220132,0.6607046799354491,0.6540785273512519,0.681370328425821,0.6267867262766829,0.01984437013656677,0.7869362920544023,0.710932464275082,0.7716197870769523,0.6502451414732117,0.047083857734190555,0.8208230254027635,0.3601866684519814,0.3017309205350118,0.41864241636895094,0.002737301449761214,0.5334717176959004,0.5093177441002374,0.48959608323133413,0.5290394049691407,0.006485998141987391,0.6726894437144109,0.625416149386033,0.6412156032657998,0.6096166955062661,0.022606530317708793,0.764994187690471,0.7028059340921897,0.7577249233660752,0.6478869448183042,0.05046393495251272,0.8153861310889361
semseg-spunet-pheno4d-maize,2,Maize02,M02_0313_a,1729943,0.8216919617293184,0.8802134253743454,0.7631704980842912,0.9825057819824121,0.27547869054972207,0.5509573810994441,0.0,0.0009358689852787057,0.5509573810994441,0.33980296583418346,0.5961595273264402,0.08344640434192672,0.0020278124770584925,0.6103192702394526,0.7035113508723569,0.7245468175003408,0.682475884244373,0.006695596328896386,0.8254338254338255,0.875768049160277,0.8897736569402781,0.8617624413802758,0.017716190649056066,0.9340250587314017,0.1882279534109817,0.3764559068219634,0.0,0.0018873454212075195,0.5408882082695252,0.2964975810791939,0.509548757816461,0.08344640434192672,0.005434283094876536,0.6913094351664717,0.742179498754868,0.801883113265363,0.682475884244373,0.026666774570029184,0.9228951703806468,0.8815224954666634,0.9012825495530509,0.8617624413802758,0.0731989435490071,0.9719102898207376,0.27547869054972207,0.5509573810994441,0.0,0.0009358689852787057,0.5509573810994441,0.33980296583418346,0.5961595273264402,0.08344640434192672,0.0020278124770584925,0.6103192702394526,0.7035113508723569,0.7245468175003408,0.682475884244373,0.006695596328896386,0.8254338254338255,0.875768049160277,0.8897736569402781,0.8617624413802758,0.017716190649056066,0.9340250587314017,0.272635814889336,0.545271629778672,0.0,0.0008618781081226375,0.545271629778672,0.30255728993689807,0.6051145798737961,0.0,0.001740519774350947,0.6051145798737961,0.6660323785727192,0.6933232169954476,0.6387415401499908,0.005828515737223712,0.7994644451056233,0.8638976019802237,0.8698815348956992,0.8579136690647482,0.01587219925743218,0.9263602593051206,0.282367758186398,0.564735516372796,0.0,0.001147436649646838,0.564735516372796,0.3380014878178057,0.5927214343055928,0.08328154133001865,0.0022376459802432797,0.6068199431671403,0.7148826496772124,0.7350203225383506,0.6947449768160742,0.007007745341898548,0.8332096015837664,0.8799741908417098,0.8937378411062622,0.8662105405771575,0.018386154919555153,0.9364290879366177
semseg-spunet-pheno4d-maize,2,Maize02,M02_0315_a,1441265,0.38497387516044795,0.5007325432917404,0.26921520702915547,0.8453663968805182,0.6614706007397644,0.7020109689213894,0.6209302325581395,0.0022591265312069606,0.7997542997542998,0.8147427364334023,0.8332914888275169,0.7961939840392879,0.004563352332846492,0.899042116466474,0.9292769368527812,0.9403574957334052,0.9181963779721573,0.01289561600399649,0.9642741848703326,0.9675321895589655,0.9736309121957031,0.961433466922228,0.028956506957429757,0.9840897110269804,0.6318062062974408,0.6426821800367422,0.6209302325581395,0.003917392013266124,0.7933049946865037,0.7968736591836003,0.7975533343279129,0.7961939840392879,0.00971507668610561,0.9030852735323526,0.9245724409706095,0.9309485039690617,0.9181963779721573,0.03474309027139353,0.9729001078403963,0.9647486461014378,0.9680638252806477,0.961433466922228,0.08916750215956122,0.9894408391303671,0.6614706007397644,0.7020109689213894,0.6209302325581395,0.0022591265312069606,0.7997542997542998,0.8147427364334023,0.8332914888275169,0.7961939840392879,0.004563352332846492,0.899042116466474,0.9292769368527812,0.9403574957334052,0.9181963779721573,0.01289561600399649,0.9642741848703326,0.9675321895589655,0.9736309121957031,0.961433466922228,0.028956506957429757,0.9840897110269804,0.6510217577825477,0.6878001921229587,0.6142433234421365,0.002162683475974231,0.7914661533525826,0.8123152584480442,0.8295687885010267,0.7950617283950617,0.004490499665224646,0.8974042027194067,0.9289163708042605,0.9396363636363636,0.9181963779721573,0.012803335958342151,0.9640166910529453,0.9674653564354894,0.9734972459487506,0.961433466922228,0.02886838992135381,0.9840411469223929,0.6814708654431251,0.7198109153416415,0.6431308155446086,0.002429809923921,0.8138206739006282,0.8235614622208091,0.8455095393206142,0.8016133851210039,0.004843661644458167,0.9048846870075921,0.9298283473526049,0.9411190919570808,0.918537602748129,0.013019118621488761,0.9646130888936261,0.9675679634895844,0.9736309121957031,0.9615050147834657,0.028978709675181177,0.9841019010678542
semseg-spunet-pheno4d-maize,2,Maize02,M02_0317_a,861631,0.5233801012622343,0.5525312703874316,0.4942289321370371,0.8431706844345201,0.5702658878166544,0.6087857438872772,0.5317460317460317,0.004044654846448189,0.7291248206599713,0.7091226688752577,0.7447590231251351,0.6734863146253801,0.00819724452811006,0.8327905988956534,0.8773078190011472,0.9086843086097652,0.8459313293925292,0.023375435656330844,0.9391787895337868,0.912113785750551,0.9405804094575033,0.8836471620435986,0.04886894738002695,0.9590566889115824,0.5607195933710489,0.5896931549960661,0.5317460317460317,0.0048501040468599665,0.7504187604690117,0.7109594582531289,0.7484326018808778,0.6734863146253801,0.011103360951497799,0.865788648479147,0.8845699549746764,0.9232085805568234,0.8459313293925292,0.04134832660384782,0.9622196648609201,0.9182681843463658,0.9528892066491331,0.8836471620435986,0.09852593511607637,0.978266759332336,0.5702658878166544,0.6087857438872772,0.5317460317460317,0.004044654846448189,0.7291248206599713,0.7091226688752577,0.7447590231251351,0.6734863146253801,0.00819724452811006,0.8327905988956534,0.8773078190011472,0.9086843086097652,0.8459313293925292,0.023375435656330844,0.9391787895337868,0.912113785750551,0.9405804094575033,0.8836471620435986,0.04886894738002695,0.9590566889115824,0.5598374943182041,0.6076493339063171,0.5120256547300909,0.0038125369212574757,0.7220700152207001,0.704524719179661,0.743437017427752,0.6656124209315699,0.007947717758530044,0.8301693925233645,0.8754738573197085,0.906780305912792,0.8441674087266251,0.022952981032483742,0.9380593618850179,0.9117032731026335,0.9400404378442446,0.8833661083610226,0.048411675067401246,0.9587658523721622,0.5780569720843229,0.6120658135283363,0.5440481306403094,0.004643519093440232,0.7348162959260185,0.7236945087044668,0.7584146584345748,0.688974358974359,0.008945824836850113,0.8426310326933056,0.8806559802823895,0.9118958573072498,0.8494161032575291,0.024156512474597595,0.9411453829153454,0.90972743846749,0.939306552209778,0.880148324725202,0.05003766113336219,0.9580182771257596
semseg-spunet-pheno4d-maize,2,Maize02,M02_0319_a,1133991,0.7763188655961419,0.7596266044340724,0.7930111267582115,0.9335126998362421,0.36177324137539557,0.28373493975903613,0.439811542991755,0.0045741103765373796,0.5415461731251205,0.4446608872161816,0.4484096198603569,0.4409121545720063,0.011418080037672257,0.615616311399444,0.5625477294400297,0.6427931960608774,0.48230226281918204,0.03282036629920343,0.7319845236176044,0.727026297585665,0.7708337425120299,0.6832188526593,0.06709047955407053,0.8466351209253418,0.414437454481283,0.38906336597081104,0.439811542991755,0.008915414672603221,0.6728981206726014,0.49818426295884405,0.5554563713456818,0.4409121545720063,0.021840561344843124,0.7587111882747204,0.5933908603835639,0.7044794579479458,0.48230226281918204,0.06378004763706238,0.8480352846832397,0.7450503520300154,0.8068818514007308,0.6832188526593,0.13789527430111878,0.9188857340188781,0.36177324137539557,0.28373493975903613,0.439811542991755,0.0045741103765373796,0.5415461731251205,0.4446608872161816,0.4484096198603569,0.4409121545720063,0.011418080037672257,0.615616311399444,0.5625477294400297,0.6427931960608774,0.48230226281918204,0.03282036629920343,0.7319845236176044,0.727026297585665,0.7708337425120299,0.6832188526593,0.06709047955407053,0.8466351209253418,0.35268486743268523,0.27543088881378847,0.429938846051582,0.004035305394839994,0.5314685314685315,0.43956643777762616,0.4449755187689438,0.4341573567863085,0.010785799887300693,0.6107431935246505,0.558530477924785,0.6408882082695253,0.4761727475800447,0.032080501520735175,0.7292668847411968,0.7243668362837603,0.7675730632749891,0.6811606092925315,0.06619981992802412,0.84469162115359,0.3632593357511586,0.29161451814768463,0.43490415335463256,0.005443605813450019,0.5415519196500891,0.45470165110604466,0.45728334357713585,0.45211995863495347,0.012463943717366364,0.6251591906042168,0.5687750968363726,0.6466682803693073,0.49088191330343794,0.03418986570440154,0.736452503159578,0.7306360807153368,0.7736968662736581,0.6875752951570155,0.06812311561555603,0.8489339943819497
semseg-spunet-pheno4d-maize,2,Maize02,M02_0321_a,1444663,0.5885613857365846,0.6266867607658629,0.5504360107073063,0.8100899656182792,0.3637044585096711,0.24524785687663064,0.48216106014271154,0.003172366150444775,0.5564041021165176,0.44264415448879746,0.4122322511114105,0.47305605786618443,0.007860656776009353,0.615005283550546,0.42271549680231674,0.4726465039858821,0.3727844896187514,0.029890015872213797,0.5984113383200945,0.44023634900257974,0.5017135862913097,0.3787591117138498,0.06636980389198034,0.6177801881479318,0.4586158657604017,0.43507067137809186,0.48216106014271154,0.005415795933030748,0.6720347648261759,0.5063334983438619,0.5396109388215393,0.47305605786618443,0.01233782549978784,0.724640933572711,0.46722827660213395,0.5616720635855166,0.3727844896187514,0.045672935487376644,0.7290624715831591,0.4777033421707125,0.5766475726275752,0.3787591117138498,0.1045136478195953,0.753727142071834,0.3637044585096711,0.24524785687663064,0.48216106014271154,0.003172366150444775,0.5564041021165176,0.44264415448879746,0.4122322511114105,0.47305605786618443,0.007860656776009353,0.615005283550546,0.42271549680231674,0.4726465039858821,0.3727844896187514,0.029890015872213797,0.5984113383200945,0.44023634900257974,0.5017135862913097,0.3787591117138498,0.06636980389198034,0.6177801881479318,0.36298735866802606,0.24153781863769327,0.4844368986983588,0.0028470307608071915,0.5567712132263555,0.4451968603727674,0.4206451612903226,0.46974855945521216,0.0073172774550189215,0.6168763598524265,0.4297107364346383,0.48336219109082323,0.3760592817784534,0.0288440972046768,0.6059515238780897,0.4452836297169117,0.5078812035733697,0.38268605586045373,0.0648296523133769,0.6228792295290261,0.37139521202516446,0.2689393939393939,0.47385103011093505,0.003647909581680987,0.5588235294117647,0.44221080157962556,0.4196092707195729,0.4648123324396783,0.008590930895302227,0.6138909032310047,0.41798976999767457,0.46935418710682747,0.36662535288852166,0.03136510037288973,0.5939706920903954,0.4404573131207993,0.5011117361836642,0.37980289005793433,0.0674766364197048,0.6178229603717648
semseg-spunet-pheno4d-maize,2,Maize02,M02_0324_a,1311008,0.4850288019663159,0.42779549294434,0.5422621109882918,0.6820538089775195,0.2865924067312163,0.2295129775444736,0.34367183591795897,0.00366588152017379,0.4496462754889721,0.29577156875533445,0.2646398694144052,0.3269032680962637,0.010154781664185115,0.45707203485315107,0.32807580604389236,0.4025113774452572,0.2536402346425275,0.03853447118553052,0.5029988717116333,0.365287922622665,0.4965162440249534,0.23405960122037658,0.08693234518782494,0.5634690135036721,0.2830883918068732,0.22250494769578738,0.34367183591795897,0.0039343772120383706,0.46626599457153933,0.2929315182449972,0.25895976839373064,0.3269032680962637,0.010735251043471894,0.47115247974989344,0.3308203962483243,0.40800055785412115,0.2536402346425275,0.04096847616490517,0.5252094582014523,0.37069583539945883,0.507332069578541,0.23405960122037658,0.09552039346823207,0.5991711118919092,0.2865924067312163,0.2295129775444736,0.34367183591795897,0.00366588152017379,0.4496462754889721,0.29577156875533445,0.2646398694144052,0.3269032680962637,0.010154781664185115,0.45707203485315107,0.32807580604389236,0.4025113774452572,0.2536402346425275,0.03853447118553052,0.5029988717116333,0.365287922622665,0.4965162440249534,0.23405960122037658,0.08693234518782494,0.5634690135036721,0.274114263114371,0.20603674540682415,0.3421917808219178,0.0032791561912665673,0.43661316585252385,0.29367060175949156,0.2571904497501388,0.33015075376884423,0.009386670409333886,0.45514383227693805,0.32839842548195647,0.39805191544911384,0.2587449355147991,0.03679001196026264,0.5021977110631946,0.3674616257649978,0.4971474378995149,0.23777581363048075,0.08478514242476018,0.5651438544721737,0.2909875503407683,0.24213135068153654,0.33984375,0.004278387317239864,0.45337849884114817,0.28805489095343845,0.26283367556468173,0.31327610634219516,0.011428610656838097,0.4473736901822065,0.3184783429419484,0.39764772381407887,0.23930896206981792,0.04175641948790549,0.4932868129258535,0.3615743948764164,0.49548194214202895,0.22766684761080383,0.0914654983035954,0.5606277937153913
semseg-spunet-pheno4d-maize,2,Maize02,M02_0325_a,1671990,0.5856594662729533,0.5462568313911459,0.6250621011547607,0.7538579776194834,0.3468724705628978,0.24061279663562632,0.4531321444901692,0.003189612378064462,0.5218451153197075,0.3697033297189187,0.2822789998633693,0.4571276595744681,0.006960567945980538,0.5467434267056195,0.34221357494023014,0.32504157673118433,0.35938557314927594,0.023280641630631763,0.5088760436737315,0.3386733108738549,0.37974727851867407,0.29759934322903564,0.06475816242920113,0.508169014084507,0.3229559639418355,0.1927797833935018,0.4531321444901692,0.00443423704687229,0.544645265713515,0.34933156754871775,0.24153547552296745,0.4571276595744681,0.009500056818521643,0.555779400654747,0.35744218653771265,0.3554987999261493,0.35938557314927594,0.029680201436611462,0.577088161209068,0.3529140542424415,0.4082287652558474,0.29759934322903564,0.0801003594519106,0.5876634285842287,0.3468724705628978,0.24061279663562632,0.4531321444901692,0.003189612378064462,0.5218451153197075,0.3697033297189187,0.2822789998633693,0.4571276595744681,0.006960567945980538,0.5467434267056195,0.34221357494023014,0.32504157673118433,0.35938557314927594,0.023280641630631763,0.5088760436737315,0.3386733108738549,0.37974727851867407,0.29759934322903564,0.06475816242920113,0.508169014084507,0.33537071668660773,0.22323166774821546,0.447509765625,0.002951572676870077,0.5108409321175279,0.3691552481184793,0.2769185876860228,0.46139190855093576,0.0065748000885172755,0.5471663786045665,0.3415464782755166,0.32239678480087686,0.36069617175015634,0.022602407909138214,0.5082427032891429,0.3372391576186152,0.37814070351758794,0.2963376117196425,0.06370731882367718,0.5065341069115079,0.3529691637467661,0.24885413858182798,0.4570841889117043,0.0035628203517963624,0.5286217894913547,0.370652888262498,0.2768600332949161,0.46444574323007987,0.0075359302388172174,0.55,0.33839140301884896,0.3200731286183431,0.35670967741935483,0.024306963558394488,0.504711990354568,0.3392330072572019,0.37952709111895866,0.29893892339544514,0.06620613759651672,0.508699501336995
semseg-spunet-pheno4d-maize,3,Maize01,M01_0313_a,1554168,0.9639133369607291,0.9469099854410362,0.9809166884804219,0.9972782865172877,0.4462551254267941,0.5996398559423769,0.29287039491121125,0.004998816086806575,0.6565838589265027,0.6364853960550059,0.7077344284736482,0.5652363636363636,0.009080742879791631,0.7882094522780415,0.8019561898055193,0.805694597932783,0.7982177816782556,0.017505829485615455,0.8901385672804792,0.8984549575972918,0.8969132609070529,0.8999966542875305,0.0359645804057219,0.9465247338760175,0.4419378135081493,0.5910052321050874,0.29287039491121125,0.008270019714728395,0.7141523379755699,0.6403663658375522,0.715496368038741,0.5652363636363636,0.01724910048334543,0.8422112802148612,0.8232480587013946,0.8482783357245337,0.7982177816782556,0.040590206464166036,0.9329465474605289,0.8991814121990271,0.8983661701105238,0.8999966542875305,0.08313258283531767,0.9672605687218464,0.4462551254267941,0.5996398559423769,0.29287039491121125,0.004998816086806575,0.6565838589265027,0.6364853960550059,0.7077344284736482,0.5652363636363636,0.009080742879791631,0.7882094522780415,0.8019561898055193,0.805694597932783,0.7982177816782556,0.017505829485615455,0.8901385672804792,0.8984549575972918,0.8969132609070529,0.8999966542875305,0.0359645804057219,0.9465247338760175,0.435863851560794,0.5916836016882914,0.28004410143329656,0.004769754621122041,0.6476460272494267,0.6286226188812817,0.7009803921568627,0.5562648456057007,0.008842673378939729,0.7825074583424289,0.8008075562557111,0.8044104174846224,0.7972046950267997,0.017393229046023338,0.8894273453684522,0.8978945801890625,0.8957991981872059,0.8999899621909191,0.03576382990770625,0.946224565064858,0.4620670933288354,0.6135878080045577,0.3105463786531131,0.005303802420330363,0.6708722552468761,0.6407064415094239,0.7089014413712504,0.5725114416475973,0.009182404990966227,0.790554270899026,0.8028107154557846,0.8061985346560332,0.7994228962555362,0.017588832095371928,0.8906570090722856,0.8987048548602641,0.8971261400791603,0.9002835696413678,0.0360585213438959,0.9466640495351618
semseg-spunet-pheno4d-maize,3,Maize01,M01_0315_a,1301557,0.9971464167822388,0.99589876195555,0.9983940716089275,0.9991786760011279,0.7948336584463602,0.7767722473604827,0.8128950695322377,0.001003413603860607,0.886676875957121,0.8979248219520681,0.9060022650056625,0.8898473788984738,0.0023871409396591927,0.9465722561956872,0.9698674091403341,0.9699166364624864,0.9698181818181818,0.008337706300991812,0.9847032805012901,0.9895526134913737,0.9895029720500822,0.9896022549326652,0.02428860203586935,0.9947489956663398,0.7419957075235939,0.6710963455149501,0.8128950695322377,0.004200353883848345,0.8189134808853119,0.8444348757624536,0.7990223726264335,0.8898473788984738,0.008961574483484011,0.9083504801097394,0.9478270873014871,0.9258359927847926,0.9698181818181818,0.0266388640681891,0.9691682048915552,0.9794410493009208,0.9692798436691764,0.9896022549326652,0.06953364316737569,0.9881881063401914,0.7948336584463602,0.7767722473604827,0.8128950695322377,0.001003413603860607,0.886676875957121,0.8979248219520681,0.9060022650056625,0.8898473788984738,0.0023871409396591927,0.9465722561956872,0.9698674091403341,0.9699166364624864,0.9698181818181818,0.008337706300991812,0.9847032805012901,0.9895526134913737,0.9895029720500822,0.9896022549326652,0.02428860203586935,0.9947489956663398,0.786629012963072,0.7681159420289855,0.8051420838971584,0.0009342656525991562,0.881578947368421,0.8932843962667303,0.8998793727382388,0.8866894197952219,0.002271894354223442,0.9438620223199189,0.9692718418625503,0.9694965086365307,0.9690471750885699,0.008174056149673046,0.9843970297960335,0.9894551255761567,0.9893821159012409,0.9895281352510724,0.024063487038984848,0.9946998722860791,0.8037111568556861,0.7926509186351706,0.8147713950762017,0.00111942849986593,0.8915579958819492,0.9047989665961287,0.915736040609137,0.8938618925831202,0.0025876699983174,0.9507125890736342,0.9704859797284588,0.9703941501694311,0.9705778092874867,0.00851518604256287,0.9850221059279979,0.989642135633327,0.9895590917667778,0.9897251794998763,0.02450065575307113,0.9947944432249365
semseg-spunet-pheno4d-maize,3,Maize01,M01_0317_a,803846,0.9922007026274446,0.9881777616781651,0.9962236435767242,0.9981028704503101,0.675440457066808,0.6576802507836991,0.693200663349917,0.003555407379025336,0.8058082575227432,0.8252294347561915,0.8292978208232445,0.8211610486891385,0.007394451175971517,0.903600269179004,0.9287383912418627,0.9346692922506661,0.9228074902330594,0.019272348186095346,0.9630131680867544,0.9676729026107409,0.9689410209813316,0.9664047842401501,0.04310651542708429,0.9834636807018556,0.6499274461028193,0.6066542288557214,0.693200663349917,0.006264881581795518,0.7470214455917394,0.7876649321148976,0.7541688155406567,0.8211610486891385,0.013090815902548498,0.8632519243561722,0.9112500709058564,0.8996926515786533,0.9228074902330594,0.03494450429559891,0.948558205767177,0.9577323672885745,0.949059950336999,0.9664047842401501,0.08452862861791935,0.9787337375640195,0.675440457066808,0.6576802507836991,0.693200663349917,0.003555407379025336,0.8058082575227432,0.8252294347561915,0.8292978208232445,0.8211610486891385,0.007394451175971517,0.903600269179004,0.9287383912418627,0.9346692922506661,0.9228074902330594,0.019272348186095346,0.9630131680867544,0.9676729026107409,0.9689410209813316,0.9664047842401501,0.04310651542708429,0.9834636807018556,0.6529966177198483,0.6379310344827587,0.6680622009569378,0.0032767470386118732,0.7892938496583144,0.8158380635904394,0.815565729234794,0.8161103979460848,0.006978948704105015,0.8978609625668449,0.927685627750641,0.9336392516766678,0.9217320038246142,0.018978759613159736,0.9624410068169901,0.9673565612920055,0.9685583677110046,0.9661547548730065,0.0426748407033188,0.9832964085820896,0.7062051939563618,0.6945514584479912,0.7178589294647324,0.004056747187894199,0.827046918123275,0.8379822482862528,0.8459437312209779,0.8300207653515277,0.008046317329438724,0.9114100185528757,0.9313140186945112,0.9375691830861191,0.9250588543029035,0.020048616277247133,0.9644452717795979,0.9682932179178038,0.9696562113304998,0.9669302245051077,0.04397608497149952,0.9837906647807638
semseg-spunet-pheno4d-maize,3,Maize01,M01_0319_a,860826,0.9985692779126241,0.9984528750128316,0.9986856808124166,0.9994656295232718,0.844702077714514,0.8773474178403756,0.8120567375886525,0.0030470733922999538,0.9191765154403355,0.9216099974159407,0.9463982536987631,0.8968217411331184,0.007054851967761197,0.9631154289478018,0.9693055214349436,0.9798628209637706,0.9587482219061166,0.01947780387674164,0.9861632969523468,0.9866183539118489,0.9898914099055355,0.9833452979181623,0.04223269278576623,0.9936184843900426,0.824585905261101,0.8371150729335495,0.8120567375886525,0.005468003986868426,0.9139579349904398,0.9130262551819438,0.9292307692307692,0.8968217411331184,0.013205920824882148,0.9633180858550316,0.9661045052678813,0.9734607886296459,0.9587482219061166,0.03570756459493556,0.9861734660680591,0.9849022334288389,0.9864591689395155,0.9833452979181623,0.07852225653035573,0.9937124596857709,0.844702077714514,0.8773474178403756,0.8120567375886525,0.0030470733922999538,0.9191765154403355,0.9216099974159407,0.9463982536987631,0.8968217411331184,0.007054851967761197,0.9631154289478018,0.9693055214349436,0.9798628209637706,0.9587482219061166,0.01947780387674164,0.9861632969523468,0.9866183539118489,0.9898914099055355,0.9833452979181623,0.04223269278576623,0.9936184843900426,0.8324070687708556,0.8631303208906352,0.8016838166510758,0.0027729181042394167,0.9111855886049435,0.9183185428032828,0.9432022616294011,0.8934348239771646,0.006705187807989071,0.9611919611919612,0.9689438601253911,0.9795918367346939,0.9582958835160884,0.019231528787466923,0.9859861069163395,0.9865419305329111,0.9897877274348912,0.9832961336309309,0.04191787887447637,0.9935705575878506,0.8529540370327293,0.8835651725914477,0.8223429014740109,0.003489671548024804,0.9237683089214381,0.9277660996410997,0.9499562937062938,0.9055759055759056,0.007904036355779217,0.9659024103468548,0.9722434640050005,0.9820152360009424,0.9624716920090586,0.02170705810465762,0.9875842877020229,0.9874814874443503,0.9906641118675853,0.9842988630211154,0.04539361032310827,0.9940628518783908
semseg-spunet-pheno4d-maize,3,Maize01,M01_0321_a,1114990,0.8222196511036124,0.8909489966555184,0.7534903055517065,0.9342989623225321,0.40859259824106553,0.35642570281124497,0.4607594936708861,0.0013856626516829747,0.5831715210355987,0.5186112781322937,0.5344036697247706,0.5028188865398168,0.00401976699342595,0.6822846943328871,0.7047084021789204,0.7716419013824204,0.6377749029754204,0.017002843074825785,0.8366388859584344,0.8288561295678818,0.8511675472984489,0.8065447118373146,0.04260845388747881,0.9079312957817631,0.42081007303572987,0.5379494007989347,0.303670745272525,0.0047874868832904335,0.7086923941551143,0.45640045078348657,0.5756877430505545,0.3371131585164186,0.011964232863075006,0.7662668665667166,0.5383865863284176,0.6663440498232621,0.410429122833573,0.03901380281437502,0.8136551724137931,0.6684150378307161,0.720148796141111,0.6166812795203213,0.0907174055372694,0.8628854462228989,0.40859259824106553,0.35642570281124497,0.4607594936708861,0.0013856626516829747,0.5831715210355987,0.5186112781322937,0.5344036697247706,0.5028188865398168,0.00401976699342595,0.6822846943328871,0.7047084021789204,0.7716419013824204,0.6377749029754204,0.017002843074825785,0.8366388859584344,0.8288561295678818,0.8511675472984489,0.8065447118373146,0.04260845388747881,0.9079312957817631,0.4049645675169697,0.336144578313253,0.47378455672068637,0.0011928358101866384,0.5834586466165413,0.5107206449599067,0.5288529204785363,0.4925883694412771,0.0037139346541224584,0.6759236899299687,0.7013279581551213,0.7677882797731569,0.6348676365370857,0.01664319859370936,0.8340787842862531,0.828756836613856,0.8504672897196262,0.807046383508086,0.04240127714149903,0.9077775662584343,0.43201330027203566,0.3987291501191422,0.4652974504249292,0.0017210916689835783,0.6039603960396039,0.5298054889929542,0.5533869115958668,0.5062240663900415,0.004554300935434398,0.6920047262701852,0.7125621926159171,0.776957883745214,0.6481665014866204,0.018169669683136172,0.8414531813021373,0.8306494180958456,0.8518604419999337,0.8094383941917574,0.044073937882850966,0.9088559684180538
semseg-spunet-pheno4d-maize,3,Maize01,M01_0324_a,1214597,0.8818214042864103,0.8915134820662323,0.8721293265065883,0.9440044722652864,0.5657551567518482,0.5620598591549296,0.5694504543487667,0.0029540662458412133,0.7226867335562988,0.7401952871770706,0.7866732968672302,0.693717277486911,0.007367052610865991,0.8561689763075547,0.905327127501742,0.9411789869952087,0.8694752680082753,0.02686899440719844,0.9574689750268117,0.944169416491311,0.9692424910775154,0.9190963419051068,0.05798466487238154,0.9746265689782473,0.5720268144759706,0.5746031746031746,0.5694504543487667,0.004475558559752741,0.753495217071376,0.7370240799199261,0.7803308823529411,0.693717277486911,0.010634803148698704,0.8704807617867926,0.9005750821292642,0.9367148613415501,0.8644353029169783,0.0372172827695112,0.9583665162375011,0.9403503100573009,0.964176918082999,0.9165237020316027,0.0793275465030788,0.9750391796660128,0.5657551567518482,0.5620598591549296,0.5694504543487667,0.0029540662458412133,0.7226867335562988,0.7401952871770706,0.7866732968672302,0.693717277486911,0.007367052610865991,0.8561689763075547,0.905327127501742,0.9411789869952087,0.8694752680082753,0.02686899440719844,0.9574689750268117,0.944169416491311,0.9692424910775154,0.9190963419051068,0.05798466487238154,0.9746265689782473,0.5436910092563999,0.5316649642492339,0.5557170542635659,0.002556403481977973,0.7046698872785829,0.722693898987435,0.7659070191431175,0.6794807788317524,0.006756973712268349,0.8435481905690264,0.9047071401154292,0.9403167935591144,0.8690974866717441,0.026341247343769168,0.9570231918484716,0.9438879586780395,0.9688704898737773,0.9189054274823016,0.057451154580490486,0.9743909429635998,0.6038489066466368,0.6082283172720534,0.5994694960212201,0.003523802545206352,0.7530373831775701,0.7678241774426127,0.8116722456702081,0.7239761092150171,0.00845136288003346,0.8739405747686313,0.9032119605855666,0.9381325029704592,0.8682914182006741,0.028378136945834707,0.9557850760125334,0.9461269559052096,0.9698719459501924,0.9223819658602267,0.05961236525366027,0.9753193840204406
semseg-spunet-pheno4d-maize,3,Maize01,M01_0325_a,1407956,0.8293874019529978,0.859927649287637,0.7988471546183585,0.9301569083124757,0.2871308164278754,0.212656048213517,0.36160558464223386,0.0023857279630897558,0.4554927061625484,0.3133326790872829,0.21104683709647323,0.4156185210780926,0.00594194704948166,0.49462108534544585,0.33111141433759916,0.22220456591980509,0.44001826275539324,0.021647693535877543,0.5170773319334624,0.38335330707166715,0.3094269786145129,0.45727963552882134,0.049529246652594255,0.5626729762672976,0.33683812107479705,0.3120706575073602,0.36160558464223386,0.003832506129452909,0.6102668643439585,0.37437761328937813,0.3331367055006636,0.4156185210780926,0.0091679001332428,0.6496746203904555,0.39397988601256473,0.34794150926973627,0.44001826275539324,0.03174673072169869,0.6640118126090653,0.43280963310669596,0.4083396306845705,0.45727963552882134,0.07616644270133442,0.7127257807327558,0.2871308164278754,0.212656048213517,0.36160558464223386,0.0023857279630897558,0.4554927061625484,0.3133326790872829,0.21104683709647323,0.4156185210780926,0.00594194704948166,0.49462108534544585,0.33111141433759916,0.22220456591980509,0.44001826275539324,0.021647693535877543,0.5170773319334624,0.38335330707166715,0.3094269786145129,0.45727963552882134,0.049529246652594255,0.5626729762672976,0.2916224533106961,0.21975806451612903,0.36348684210526316,0.0020369954742903897,0.4602510460251046,0.3080702761763512,0.21736465781409603,0.3987758945386064,0.005281415044220132,0.48480365788058094,0.3304019844128977,0.2313221643649536,0.42948180446084183,0.01984437013656677,0.5129205440229062,0.38579463045204365,0.3175862397560511,0.45400302114803626,0.047083857734190555,0.5637935195800399,0.28253580130857014,0.20113421550094518,0.36393738711619505,0.002737301449761214,0.4517384535547483,0.308631542424024,0.2009626955475331,0.4163003893005149,0.006485998141987391,0.49102058694699957,0.3255597076412797,0.21707145016628035,0.4340479651162791,0.022606530317708793,0.5106349555436865,0.3824522007356138,0.309005863658744,0.45589853781248363,0.05046393495251272,0.5616247484201489
semseg-spunet-pheno4d-maize,3,Maize02,M02_0313_a,1729943,0.9958299178553809,0.9967104477136417,0.99494938799712,0.9995225276208523,0.5991793374499046,0.6903799514955538,0.5079787234042553,0.0009358689852787057,0.7634342186534898,0.7434977847763424,0.8008113590263691,0.6861842105263158,0.0020278124770584925,0.8600342075256556,0.9194797252757484,0.9150845702450812,0.9238748803064156,0.006695596328896386,0.9575239575239575,0.9687102448874216,0.9707003334921391,0.9667201562827042,0.017716190649056066,0.9839467501957714,0.5900427741650356,0.672106824925816,0.5079787234042553,0.0018873454212075195,0.796937212863706,0.7605425755453272,0.8349009405643386,0.6861842105263158,0.005434283094876536,0.9122433783640038,0.9367637232203784,0.9496525661343411,0.9238748803064156,0.026666774570029184,0.9820948582328969,0.9713817725060379,0.9760433887293715,0.9667201562827042,0.0731989435490071,0.993477059148701,0.5991793374499046,0.6903799514955538,0.5079787234042553,0.0009358689852787057,0.7634342186534898,0.7434977847763424,0.8008113590263691,0.6861842105263158,0.0020278124770584925,0.8600342075256556,0.9194797252757484,0.9150845702450812,0.9238748803064156,0.006695596328896386,0.9575239575239575,0.9687102448874216,0.9707003334921391,0.9667201562827042,0.017716190649056066,0.9839467501957714,0.612166745918529,0.7022222222222222,0.5221112696148359,0.0008618781081226375,0.7753185781354796,0.7119517211374933,0.7984909010208611,0.6254125412541254,0.001740519774350947,0.8492195283958818,0.9079967909846247,0.902516346344363,0.9134772356248866,0.005828515737223712,0.9512049985123475,0.9653130765494518,0.9648295088998499,0.9657966441990535,0.01587219925743218,0.9820817248160827,0.6007149607411921,0.7059961315280464,0.4954337899543379,0.001147436649646838,0.7702770780856423,0.7645432995693209,0.8173041217972521,0.7117824773413898,0.0022376459802432797,0.8729010591578403,0.922963865005939,0.9191321499013807,0.9267955801104972,0.007007745341898548,0.959415986142044,0.9698173934672343,0.9718471046005951,0.9677876823338736,0.018386154919555153,0.9845317068569812
semseg-spunet-pheno4d-maize,3,Maize02,M02_0315_a,1441265,0.8870107460669627,0.9569143712923895,0.8171071208415359,0.986665880320413,0.7231201640306992,0.7182112068965517,0.7280291211648466,0.0022591265312069606,0.8393734643734644,0.8525834011601341,0.8562791975817532,0.8488876047385149,0.004563352332846492,0.9204804622168162,0.9443320620806805,0.9515247010844379,0.9371394230769231,0.01289561600399649,0.971860540191542,0.9744598721667569,0.9789427064460281,0.9699770378874857,0.028956506957429757,0.9874682513058897,0.6913833404051909,0.6547375596455351,0.7280291211648466,0.003917392013266124,0.8205809422600071,0.8318978045708615,0.8149080044032081,0.8488876047385149,0.00971507668610561,0.9159405799171547,0.9380901175877676,0.939040812098612,0.9371394230769231,0.03474309027139353,0.976494787714183,0.9710254848013364,0.9720739317151873,0.9699770378874857,0.08916750215956122,0.9908414647431408,0.7231201640306992,0.7182112068965517,0.7280291211648466,0.0022591265312069606,0.8393734643734644,0.8525834011601341,0.8562791975817532,0.8488876047385149,0.004563352332846492,0.9204804622168162,0.9443320620806805,0.9515247010844379,0.9371394230769231,0.01289561600399649,0.971860540191542,0.9744598721667569,0.9789427064460281,0.9699770378874857,0.028956506957429757,0.9874682513058897,0.7122356532002168,0.7014840182648402,0.7229872881355932,0.002162683475974231,0.8322104587744626,0.8504282991603279,0.852759009009009,0.8480975893116468,0.004490499665224646,0.9191903584672435,0.9440295463732964,0.9509196696696697,0.9371394230769231,0.012803335958342151,0.9716577250311602,0.974405758927555,0.9788344799676244,0.9699770378874857,0.02886838992135381,0.9874299997596558,0.7401045717742633,0.7378446115288221,0.7423645320197044,0.002429809923921,0.8506567675613935,0.8602024692413459,0.8677288821446636,0.8526760563380281,0.004843661644458167,0.9250823664231486,0.944779217731191,0.9521631757065764,0.9373952597558056,0.013019118621488761,0.9721274781496483,0.9744873972294317,0.9789427064460281,0.9700320880128352,0.028978709675181177,0.9874778527989273
semseg-spunet-pheno4d-maize,3,Maize02,M02_0317_a,861631,0.8845698348265152,0.9239992189025581,0.8451404507504722,0.9728921081066024,0.7480108985760624,0.7317596566523605,0.7642621404997643,0.004044654846448189,0.8565279770444764,0.8559661733650404,0.8646169104884701,0.8473154362416108,0.00819724452811006,0.9226957383548068,0.9440004780962488,0.9574136182825053,0.9305873379099924,0.023375435656330844,0.9728911176207735,0.9712133116025721,0.9807881773399014,0.9616384458652427,0.04886894738002695,0.9870330348873109,0.7316042262960437,0.6989463120923232,0.7642621404997643,0.0048501040468599665,0.8564249820531228,0.8481588267682555,0.8490022172949002,0.8473154362416108,0.011103360951497799,0.9288178112260896,0.9446547177326033,0.9587220975552143,0.9305873379099924,0.04134832660384782,0.9803800488393634,0.9717575412711834,0.9818766366771241,0.9616384458652427,0.09852593511607637,0.9917661055681858,0.7480108985760624,0.7317596566523605,0.7642621404997643,0.004044654846448189,0.8565279770444764,0.8559661733650404,0.8646169104884701,0.8473154362416108,0.00819724452811006,0.9226957383548068,0.9440004780962488,0.9574136182825053,0.9305873379099924,0.023375435656330844,0.9728911176207735,0.9712133116025721,0.9807881773399014,0.9616384458652427,0.04886894738002695,0.9870330348873109,0.7392763194346592,0.7261572783045176,0.7523953605648008,0.0038125369212574757,0.8505327245053272,0.8516771503488989,0.8613861386138614,0.8419681620839363,0.007947717758530044,0.920268691588785,0.9431337861000662,0.9564836215828485,0.9297839506172839,0.022952981032483742,0.9723921727258937,0.9710117959784468,0.9805638615976079,0.9614597303592857,0.048411675067401246,0.9869105554623259,0.7659429207688702,0.7550925925925925,0.7767932489451477,0.004643519093440232,0.8677830542364409,0.8669977073129358,0.876665913711317,0.8573295009145545,0.008945824836850113,0.9291645044110015,0.9455760624571261,0.9589782118707738,0.9321739130434783,0.024156512474597595,0.9737676563851254,0.9717433443221988,0.9813192828794307,0.9621674057649667,0.05003766113336219,0.987335900171638
semseg-spunet-pheno4d-maize,3,Maize02,M02_0319_a,1133991,0.615121011287862,0.556528367844248,0.6737136547314759,0.8773879157771094,0.5988284197176372,0.6110113704368642,0.5866454689984102,0.0045741103765373796,0.7493734335839599,0.6810204283656165,0.7383746678476528,0.6236661888835802,0.011418080037672257,0.8175007723200495,0.8232196935876066,0.8918880217655903,0.7545513654096229,0.03282036629920343,0.9188564673007684,0.9144512098094238,0.9389285994815804,0.8899738201372673,0.06709047955407053,0.9591219768664564,0.5832243986444396,0.579803328290469,0.5866454689984102,0.008915414672603221,0.780217606330366,0.684474958402707,0.745283727921834,0.6236661888835802,0.021840561344843124,0.8631646949569992,0.8224637865532489,0.8903762076968749,0.7545513654096229,0.06378004763706238,0.9438376240909216,0.9096104923301478,0.9342253821976748,0.8849956024626209,0.13789527430111878,0.9724311257769933,0.5988284197176372,0.6110113704368642,0.5866454689984102,0.0045741103765373796,0.7493734335839599,0.6810204283656165,0.7383746678476528,0.6236661888835802,0.011418080037672257,0.8175007723200495,0.8232196935876066,0.8918880217655903,0.7545513654096229,0.03282036629920343,0.9188564673007684,0.9144512098094238,0.9389285994815804,0.8899738201372673,0.06709047955407053,0.9591219768664564,0.5770573797394295,0.5888665325285044,0.5652482269503546,0.004035305394839994,0.7320804195804196,0.67084968459424,0.7302899732153255,0.6114093959731544,0.010785799887300693,0.8106450821682609,0.8187488472342488,0.8899216329506106,0.747576061517887,0.032080501520735175,0.9169850738063169,0.9134881302254618,0.9380119989635447,0.8889642614873791,0.06619981992802412,0.958571999467164,0.5983971783758995,0.6141575274177468,0.5826368293340523,0.005443605813450019,0.7492305200064798,0.6899343203569821,0.7441408248899806,0.6357278158239836,0.012463943717366364,0.823121550870242,0.8298464537331386,0.8951880530973452,0.764504854368932,0.03418986570440154,0.9217972195713291,0.9157270901284128,0.9396242511196852,0.8918299291371404,0.06812311561555603,0.9596898422026899
semseg-spunet-pheno4d-maize,3,Maize02,M02_0321_a,1444663,0.9719596536806692,0.9811642390129266,0.9627550683484118,0.9903673036549008,0.5470064828826213,0.4954128440366973,0.5986001217285454,0.003172366150444775,0.711979053022038,0.7044597961650302,0.7354742141787999,0.6734453781512605,0.007860656776009353,0.8288129623106728,0.8819453678967812,0.9346652432514869,0.8292254925420754,0.029890015872213797,0.9503948495866238,0.9344585640175059,0.966834129804354,0.9020829982306579,0.06636980389198034,0.9745937715108154,0.5491877517896995,0.4997753818508536,0.5986001217285454,0.005415795933030748,0.7153629856850716,0.7009488682762364,0.7284523584012124,0.6734453781512605,0.01233782549978784,0.8391494614003591,0.8768321040644579,0.9245709790037862,0.8290932291251296,0.045672935487376644,0.9535024703707071,0.8899429279793067,0.9405159539904926,0.8393699019681209,0.1045136478195953,0.9654407333081656,0.5470064828826213,0.4954128440366973,0.5986001217285454,0.003172366150444775,0.711979053022038,0.7044597961650302,0.7354742141787999,0.6734453781512605,0.007860656776009353,0.8288129623106728,0.8819453678967812,0.9346652432514869,0.8292254925420754,0.029890015872213797,0.9503948495866238,0.9344585640175059,0.966834129804354,0.9020829982306579,0.06636980389198034,0.9745937715108154,0.5312708717354273,0.4705629565964761,0.5919787868743785,0.0028470307608071915,0.700461949914904,0.6919623451667543,0.7248623587365981,0.6590623315969104,0.0073172774550189215,0.8203575820641378,0.877923350699271,0.9323948996338846,0.8234518017646574,0.0288440972046768,0.9485961123110151,0.9331492409821465,0.9660118316776426,0.9002866502866503,0.0648296523133769,0.9739901982766904,0.5784467669607984,0.5487096774193548,0.6081838565022422,0.003647909581680987,0.7345351043643263,0.7186355888547702,0.7562767911818739,0.6809943865276664,0.008590930895302227,0.8396583675771493,0.8859087152075193,0.9380441384895728,0.8337732919254658,0.03136510037288973,0.9527277542372882,0.935619424038177,0.9673357737640291,0.9039030743123249,0.0674766364197048,0.9750105148695644
semseg-spunet-pheno4d-maize,3,Maize02,M02_0324_a,1311008,0.6035431926881369,0.6229934045193916,0.5840929808568824,0.773920525275208,0.25912272195664937,0.08735470235998591,0.43089074155331286,0.00366588152017379,0.46025801081980855,0.35440494143143314,0.2468432780391186,0.4619666048237477,0.010154781664185115,0.5425523923984076,0.46096809495062624,0.4888215859030837,0.43311460399816876,0.03853447118553052,0.6323363487004889,0.5394170787762815,0.6255017193591793,0.4533324381933838,0.08693234518782494,0.7142117593380656,0.2575220589341047,0.0841533763148965,0.43089074155331286,0.0039343772120383706,0.47615354788677783,0.3516875107803774,0.2414084167370071,0.4619666048237477,0.010735251043471894,0.5525792241011794,0.45987467015256417,0.4866347363069596,0.43311460399816876,0.04096847616490517,0.6426363805622789,0.5364580012895472,0.6239391246389692,0.4489768779401253,0.09552039346823207,0.7296052001149903,0.25912272195664937,0.08735470235998591,0.43089074155331286,0.00366588152017379,0.46025801081980855,0.35440494143143314,0.2468432780391186,0.4619666048237477,0.010154781664185115,0.5425523923984076,0.46096809495062624,0.4888215859030837,0.43311460399816876,0.03853447118553052,0.6323363487004889,0.5394170787762815,0.6255017193591793,0.4533324381933838,0.08693234518782494,0.7142117593380656,0.24965495694425535,0.07683307332293292,0.42247684056557777,0.0032791561912665673,0.4489416143289137,0.3419367602946571,0.23826383425124573,0.44560968633806847,0.009386670409333886,0.5274662766130342,0.46006665394550317,0.4934171069541625,0.4267162009368438,0.03679001196026264,0.6320699950240504,0.5362041550004141,0.626642331496496,0.44576597850433214,0.08478514242476018,0.7128308472929449,0.2763539281446749,0.11346444780635401,0.4392434084829958,0.004278387317239864,0.4767338206453913,0.3645792648769004,0.24767415475380078,0.481484375,0.011428610656838097,0.5570313021424281,0.4632628934368468,0.4791000961213727,0.44742569075232086,0.04175641948790549,0.6335787223937307,0.5476022251449029,0.6255913644137441,0.46961308587606165,0.0914654983035954,0.71877710320902
semseg-spunet-pheno4d-maize,3,Maize02,M02_0325_a,1671990,0.5847829494863972,0.6178075173407801,0.5517583816320144,0.7557622952290385,0.23757734858428653,0.0,0.47515469716857306,0.003189612378064462,0.47515469716857306,0.22916742702315654,0.0022095959595959595,0.4561252580867171,0.006960567945980538,0.4567795153806496,0.24377682865148803,0.1106192941548433,0.3769343631481328,0.023280641630631763,0.4217084136159281,0.25520282009148687,0.1933710076830275,0.31703463249994623,0.06475816242920113,0.41304086815977836,0.23757734858428653,0.0,0.47515469716857306,0.00443423704687229,0.51106015646075,0.2384956286815204,0.020865999276323724,0.4561252580867171,0.009500056818521643,0.4889196675900277,0.25493561242002816,0.13615436696005417,0.3737168578800022,0.029680201436611462,0.4856624685138539,0.27017926783912677,0.2246777804846924,0.31568075519356115,0.0801003594519106,0.5007205417876903,0.23757734858428653,0.0,0.47515469716857306,0.003189612378064462,0.47515469716857306,0.22916742702315654,0.0022095959595959595,0.4561252580867171,0.006960567945980538,0.4567795153806496,0.24377682865148803,0.1106192941548433,0.3769343631481328,0.023280641630631763,0.4217084136159281,0.25520282009148687,0.1933710076830275,0.31703463249994623,0.06475816242920113,0.41304086815977836,0.2381965552178318,0.0,0.4763931104356636,0.002951572676870077,0.4763931104356636,0.23120811190937052,0.0023561090541905083,0.4600601147645505,0.0065748000885172755,0.4607477485672701,0.24271682109087578,0.10812133072407044,0.3773123114576811,0.022602407909138214,0.4209997089254055,0.25304029424077945,0.1906646895751402,0.31541589890641863,0.06370731882367718,0.4104095082521264,0.23854289071680376,0.0,0.4770857814336075,0.0035628203517963624,0.4770857814336075,0.23436845234837347,0.002229157378510923,0.466507747318236,0.0075359302388172174,0.46714285714285714,0.24544782778017396,0.11102664487437759,0.37986901068597034,0.024306963558394488,0.42437440023621464,0.2576376358854591,0.19482543640897756,0.3204498353619407,0.06620613759651672,0.41632940666329404
semseg-spunet-pheno4d-maize,4,Maize01,M01_0313_a,1554168,0.9622103082709164,0.9467217229780611,0.9776988935637717,0.9972557664293693,0.3866437761588055,0.5705311250713878,0.20275642724622317,0.004998816086806575,0.6128201827777062,0.5852951307491874,0.675753897862011,0.49483636363636363,0.009080742879791631,0.7539148302983065,0.7733309114257592,0.781118043738577,0.7655437791129414,0.017505829485615455,0.8723490278237218,0.8829953628611305,0.882187319786967,0.8838034059352939,0.0359645804057219,0.9378656409338939,0.39312295075526194,0.5834894742643006,0.20275642724622317,0.008270019714728395,0.7059830389792267,0.6046619267737912,0.7144874899112187,0.49483636363636363,0.01724910048334543,0.8416517457475381,0.8066420473756959,0.8477403156384505,0.7655437791129414,0.040590206464166036,0.9327087692600342,0.8909045861968636,0.8980057664584334,0.8838034059352939,0.08313258283531767,0.9671444714478103,0.3866437761588055,0.5705311250713878,0.20275642724622317,0.004998816086806575,0.6128201827777062,0.5852951307491874,0.675753897862011,0.49483636363636363,0.009080742879791631,0.7539148302983065,0.7733309114257592,0.781118043738577,0.7655437791129414,0.017505829485615455,0.8723490278237218,0.8829953628611305,0.882187319786967,0.8838034059352939,0.0359645804057219,0.9378656409338939,0.3751529684520125,0.5623235774773436,0.18798235942668137,0.004769754621122041,0.6025900445163901,0.5765094921216297,0.6686068702290077,0.48441211401425177,0.008842673378939729,0.747289529214873,0.7720412452671237,0.779715844221743,0.7643666463125043,0.017393229046023338,0.8715226398342705,0.8823654348368353,0.8809352394665569,0.8837956302071135,0.03576382990770625,0.937516866667866,0.40352697954132505,0.5846905537459284,0.22236340533672172,0.005303802420330363,0.6287759310930486,0.5901399005325814,0.6769903273809523,0.5032894736842105,0.009182404990966227,0.7566393385186743,0.7743062411054753,0.7816684478531464,0.7669440343578043,0.017588832095371928,0.8729514193737197,0.883281701540952,0.8824266224313619,0.8841367806505421,0.0360585213438959,0.9380275155689585
semseg-spunet-pheno4d-maize,4,Maize01,M01_0315_a,1301557,0.9980899643797008,0.9978239975395026,0.9983559312198991,0.9995651362176224,0.7698532246052745,0.7418856259659969,0.7978208232445521,0.001003413603860607,0.8721286370597243,0.8958854289313254,0.9020172910662824,0.8897535667963683,0.0023871409396591927,0.9452848406823302,0.9691520188393064,0.9690176781483506,0.969286359530262,0.008337706300991812,0.9843346848507187,0.9893019585946905,0.989228917189381,0.989375,0.02428860203586935,0.9946224654414323,0.7882143833092599,0.7786079433739678,0.7978208232445521,0.004200353883848345,0.8970184744832632,0.885622177033025,0.8814907872696818,0.8897535667963683,0.008961574483484011,0.9514746227709191,0.9642409016308942,0.9591954437315262,0.969286359530262,0.0266388640681891,0.9836755883710199,0.986425932345643,0.9834768646912859,0.989375,0.06953364316737569,0.9937459945636561,0.7698532246052745,0.7418856259659969,0.7978208232445521,0.001003413603860607,0.8721286370597243,0.8958854289313254,0.9020172910662824,0.8897535667963683,0.0023871409396591927,0.9452848406823302,0.9691520188393064,0.9690176781483506,0.969286359530262,0.008337706300991812,0.9843346848507187,0.9893019585946905,0.989228917189381,0.989375,0.02428860203586935,0.9946224654414323,0.7550088466287344,0.7257799671592775,0.7842377260981912,0.0009342656525991562,0.8626644736842105,0.8910899405859456,0.8955132145052244,0.8866666666666667,0.002271894354223442,0.9425092999661819,0.968544685742661,0.9685825170948069,0.968506854390515,0.008174056149673046,0.9840210546103957,0.989202043282506,0.9891046593603794,0.9892994272046327,0.024063487038984848,0.9945721583652618,0.7903436973558925,0.7710027100271003,0.8096846846846847,0.00111942849986593,0.8840082361015786,0.9030047467134726,0.9123259412068077,0.8936835522201376,0.0025876699983174,0.9495249406175772,0.9697834007140493,0.9695121951219512,0.9700546063061476,0.00851518604256287,0.9846611928178292,0.9893934771325482,0.9892866145702042,0.9895003396948923,0.02450065575307113,0.9946690081219229
semseg-spunet-pheno4d-maize,4,Maize01,M01_0317_a,803846,0.9814846610981658,0.9768000784775358,0.9861692437187958,0.9962890901988689,0.4205029301633517,0.47586520947176686,0.3651406508549366,0.003555407379025336,0.5972708187543737,0.5443251078080971,0.6173285198555957,0.4713216957605985,0.007394451175971517,0.7146702557200538,0.7960977876844652,0.8240523142944722,0.7681432610744581,0.019272348186095346,0.888845855925639,0.9049496967613612,0.9108372598767669,0.8990621336459554,0.04310651542708429,0.9503044645176185,0.4495939388266995,0.5340472267984624,0.3651406508549366,0.006264881581795518,0.6630262112787927,0.5646141441710336,0.6579065925814687,0.4713216957605985,0.013090815902548498,0.7835218093699515,0.8037049913222276,0.8447094478850968,0.7627005347593583,0.03494450429559891,0.9160911356354574,0.8870933363312039,0.9023130937629079,0.8718735788994998,0.08452862861791935,0.9582327662330017,0.4205029301633517,0.47586520947176686,0.3651406508549366,0.003555407379025336,0.5972708187543737,0.5443251078080971,0.6173285198555957,0.4713216957605985,0.007394451175971517,0.7146702557200538,0.7960977876844652,0.8240523142944722,0.7681432610744581,0.019272348186095346,0.888845855925639,0.9049496967613612,0.9108372598767669,0.8990621336459554,0.04310651542708429,0.9503044645176185,0.40870772113663484,0.4677734375,0.3496420047732697,0.0032767470386118732,0.5861807137433561,0.5297941581770756,0.5974088291746641,0.4621794871794872,0.006978948704105015,0.700891265597148,0.7932622689934586,0.8216098622189992,0.764914675767918,0.018978759613159736,0.8871263765076036,0.9040581220528815,0.9098051539912005,0.8983110901145624,0.0426748407033188,0.9498017723880597,0.44261621184562766,0.5038045654785743,0.381427858212681,0.004056747187894199,0.6200551977920883,0.5712371808251583,0.6455854727614276,0.4968888888888889,0.008046317329438724,0.7374768089053804,0.8029397907572924,0.8309776207302709,0.7749019607843137,0.020048616277247133,0.8931496649292628,0.9067054236033281,0.9127703763740439,0.9006404708326121,0.04397608497149952,0.9512871287128712
semseg-spunet-pheno4d-maize,4,Maize01,M01_0319_a,860826,0.9883943333829144,0.9897772615518776,0.9870114052139513,0.9967182682679194,0.6358681687998465,0.7288306451612904,0.5429056924384027,0.0030470733922999538,0.7948913457872665,0.8030649241061605,0.8672706681766704,0.7388591800356507,0.007054851967761197,0.9035073275152313,0.9192551018475974,0.9468449931412894,0.8916652105539052,0.01947780387674164,0.9630226039243752,0.9643929354366172,0.9729800400941341,0.9558058307791004,0.04223269278576623,0.9829459496630449,0.6388466464488225,0.7347876004592423,0.5429056924384027,0.005468003986868426,0.8527724665391969,0.8074186028362038,0.8759780256367571,0.7388591800356507,0.013205920824882148,0.9344651653764954,0.9215767826340332,0.9514883547141612,0.8916652105539052,0.03570756459493556,0.9746567766282777,0.9654675664335448,0.9751293020879893,0.9558058307791004,0.07852225653035573,0.9884753084593307,0.6358681687998465,0.7288306451612904,0.5429056924384027,0.0030470733922999538,0.7948913457872665,0.8030649241061605,0.8672706681766704,0.7388591800356507,0.007054851967761197,0.9035073275152313,0.9192551018475974,0.9468449931412894,0.8916652105539052,0.01947780387674164,0.9630226039243752,0.9643929354366172,0.9729800400941341,0.9558058307791004,0.04223269278576623,0.9829459496630449,0.6209203574779045,0.7131782945736435,0.5286624203821656,0.0027729181042394167,0.782991202346041,0.7961050692335767,0.8606263447286636,0.7315837937384899,0.006705187807989071,0.898995148995149,0.9183229450540806,0.9461478328845653,0.8904980572235959,0.019231528787466923,0.9625490788281486,0.9641913781858049,0.9727064624053531,0.9556762939662568,0.04191787887447637,0.9828178694158075,0.6565089151245176,0.7400089806915132,0.5730088495575221,0.003489671548024804,0.8072569906790945,0.8150355616764589,0.8726376335250616,0.7574334898278561,0.007904036355779217,0.9088771310993533,0.9268444179059963,0.9523992322456813,0.901289603566311,0.02170705810465762,0.9668200792036818,0.9666702395877169,0.9750211514443415,0.9583193277310924,0.04539361032310827,0.9841334834681135
semseg-spunet-pheno4d-maize,4,Maize01,M01_0321_a,1114990,0.7413204330481558,0.8276621335724024,0.6549787325239091,0.8957990654624706,0.39751755265797395,0.34503510531594783,0.45,0.0013856626516829747,0.572168284789644,0.5079052436088647,0.5230920406157877,0.49271844660194175,0.00401976699342595,0.6733601070950469,0.6766470854657278,0.7439384979302188,0.6093556730012369,0.017002843074825785,0.8167000738474522,0.8398297932647582,0.8621488955549496,0.8175106909745667,0.04260845388747881,0.9146459543655805,0.4256251149108292,0.5534013605442177,0.2978488692774407,0.0047874868832904335,0.7109404271262645,0.4557237006581629,0.579360465116279,0.33208693620004676,0.011964232863075006,0.7655172413793103,0.5258368873731969,0.6533057676891271,0.39836800705726677,0.03901380281437502,0.8056551724137931,0.6205871469371147,0.6920159486531168,0.5491583452211127,0.0907174055372694,0.8411056955580382,0.39751755265797395,0.34503510531594783,0.45,0.0013856626516829747,0.572168284789644,0.5079052436088647,0.5230920406157877,0.49271844660194175,0.00401976699342595,0.6733601070950469,0.6766470854657278,0.7439384979302188,0.6093556730012369,0.017002843074825785,0.8167000738474522,0.8398297932647582,0.8621488955549496,0.8175106909745667,0.04260845388747881,0.9146459543655805,0.3959193594477024,0.32731648616125153,0.4645222327341533,0.0011928358101866384,0.5736842105263158,0.5078556404372032,0.5272599366865987,0.48845134418780767,0.0037139346541224584,0.6735088142960638,0.6734770523220652,0.7401330712233479,0.6068210334207825,0.01664319859370936,0.8141941046505362,0.8398878313695892,0.861638893660883,0.8181367690782954,0.04240127714149903,0.9145884891173298,0.4196061653319155,0.38492063492063494,0.4542916957431961,0.0017210916689835783,0.5919749869723815,0.5061632876876967,0.5251076040172167,0.48721897135817677,0.004554300935434398,0.671918077983458,0.6907104226147783,0.7557427258805512,0.6256781193490054,0.018169669683136172,0.8262500617009724,0.8380581790243804,0.8594195215691471,0.8166968364796138,0.044073937882850966,0.9134345366488951
semseg-spunet-pheno4d-maize,4,Maize01,M01_0324_a,1214597,0.8279958145642192,0.8336290696512277,0.8223625594772108,0.9157325433868189,0.34636700948887805,0.23211813567143516,0.4606158833063209,0.0029540662458412133,0.5362318840579711,0.4383744322217402,0.41185410334346506,0.4648947611000154,0.007367052610865991,0.6107510058113544,0.71951478656723,0.7865463142058887,0.6524832589285714,0.02686899440719844,0.8473418109391757,0.8403468691695302,0.8955649779956996,0.7851287603433609,0.05798466487238154,0.9210967228943034,0.3887806165095793,0.32342253055830855,0.4541387024608501,0.004475558559752741,0.6223325974981604,0.4681934059594298,0.4761586750367303,0.46022813688212927,0.010634803148698704,0.6959820391731826,0.728270026753105,0.8122364304176303,0.6443036230885797,0.0372172827695112,0.8774002300681356,0.8365141993253888,0.8992392900040037,0.7737891086467741,0.0793275465030788,0.9335243017716475,0.34636700948887805,0.23211813567143516,0.4606158833063209,0.0029540662458412133,0.5362318840579711,0.4383744322217402,0.41185410334346506,0.4648947611000154,0.007367052610865991,0.6107510058113544,0.71951478656723,0.7865463142058887,0.6524832589285714,0.02686899440719844,0.8473418109391757,0.8403468691695302,0.8955649779956996,0.7851287603433609,0.05798466487238154,0.9210967228943034,0.34432839149168804,0.2266881028938907,0.46196868008948544,0.002556403481977973,0.5352657004830917,0.4302176185957587,0.39486416077409753,0.4655710764174199,0.006756973712268349,0.6037528938710857,0.7167483914010186,0.7826584003869322,0.6508383824151049,0.026341247343769168,0.8450959554916547,0.8394974380107894,0.8942990217015477,0.784695854320031,0.057451154580490486,0.9203640011464603,0.3541941637166941,0.24429841515268652,0.46408991228070173,0.003523802545206352,0.5432242990654206,0.45489340327756816,0.43239644970414204,0.4773903568509943,0.00845136288003346,0.6262055528494885,0.7240103992043425,0.7866727033256503,0.6613480950830348,0.028378136945834707,0.8491354299640246,0.8451664794193784,0.897706918610373,0.7926260402283838,0.05961236525366027,0.923251156688074
semseg-spunet-pheno4d-maize,4,Maize01,M01_0325_a,1407956,0.8831269625364393,0.9073626142285731,0.8588913108443054,0.953854381813068,0.33807776001273776,0.2444653791804051,0.4316901408450704,0.0023857279630897558,0.5194998511461745,0.36616681169653204,0.2649268485567418,0.46740677483632226,0.00594194704948166,0.5527133636146306,0.4454660668616378,0.38405641080848313,0.5068757229147924,0.021647693535877543,0.6222973194658618,0.5606235514222109,0.5519359514114156,0.5693111514330061,0.049529246652594255,0.7174732917473292,0.3557731279764921,0.2798561151079137,0.4316901408450704,0.003832506129452909,0.6271312083024463,0.38870885360588564,0.310010932375449,0.46740677483632226,0.0091679001332428,0.6558723272389216,0.482660200915012,0.4592035398230089,0.5061168620070151,0.03174673072169869,0.7250212537473713,0.5840767906938896,0.6012960902578517,0.5668574911299276,0.07616644270133442,0.8074208077285316,0.33807776001273776,0.2444653791804051,0.4316901408450704,0.0023857279630897558,0.5194998511461745,0.36616681169653204,0.2649268485567418,0.46740677483632226,0.00594194704948166,0.5527133636146306,0.4454660668616378,0.38405641080848313,0.5068757229147924,0.021647693535877543,0.6222973194658618,0.5606235514222109,0.5519359514114156,0.5693111514330061,0.049529246652594255,0.7174732917473292,0.3393394212480589,0.2482152663371774,0.4304635761589404,0.0020369954742903897,0.5202231520223152,0.361344932525592,0.2683935568132347,0.45429630823794936,0.005281415044220132,0.5447821409359871,0.44849127512481657,0.3973628145333103,0.49961973571632284,0.01984437013656677,0.62319255547602,0.56112034079821,0.5563767246550689,0.5658639569413512,0.047083857734190555,0.7177034936342244,0.33320657134164894,0.23410404624277456,0.4323090964405233,0.002737301449761214,0.5158277114686041,0.3626881830412362,0.2590645395213923,0.4663118265610801,0.006485998141987391,0.5498247919404292,0.4380843694060313,0.376925044768483,0.4992436940435796,0.022606530317708793,0.6151308555091269,0.5597798327154533,0.5516775196593137,0.567882145771593,0.05046393495251272,0.7167809038577923
semseg-spunet-pheno4d-maize,4,Maize02,M02_0313_a,1729943,0.9683963225382985,0.9794791744486429,0.9573134706279541,0.9969831375947069,0.29730624997803384,0.5595984943538268,0.0350140056022409,0.0009358689852787057,0.5663990117356393,0.5129324487224806,0.6749163879598662,0.3509485094850949,0.0020278124770584925,0.7229190421892816,0.8434567572468592,0.843700663088096,0.8432128514056225,0.006695596328896386,0.9145299145299145,0.9372951345672846,0.9428802215555042,0.9317100475790652,0.017716190649056066,0.9676977290524668,0.24323209737867404,0.4514501891551072,0.0350140056022409,0.0018873454212075195,0.6003062787136294,0.48251880381896906,0.6140890981528432,0.3509485094850949,0.005434283094876536,0.7733219870226572,0.8581991319461726,0.8731854124867225,0.8432128514056225,0.026666774570029184,0.9534162837076217,0.9351716804616248,0.9386333133441845,0.9317100475790652,0.0731989435490071,0.9830292979546711,0.29730624997803384,0.5595984943538268,0.0350140056022409,0.0009358689852787057,0.5663990117356393,0.5129324487224806,0.6749163879598662,0.3509485094850949,0.0020278124770584925,0.7229190421892816,0.8434567572468592,0.843700663088096,0.8432128514056225,0.006695596328896386,0.9145299145299145,0.9372951345672846,0.9428802215555042,0.9317100475790652,0.017716190649056066,0.9676977290524668,0.28739263036848156,0.5511864406779661,0.02359882005899705,0.0008618781081226375,0.5560026827632462,0.42753134968441947,0.6565765765765765,0.1984861227922624,0.001740519774350947,0.68349385586184,0.8222201811431509,0.8228029353857168,0.8216374269005848,0.005828515737223712,0.9018149360309432,0.9308349190841989,0.9318604170968408,0.929809421071557,0.01587219925743218,0.9639449340811421,0.3123342812364468,0.583803177857509,0.040865384615384616,0.001147436649646838,0.5909319899244333,0.5445370330977286,0.6937828642128054,0.3952912019826518,0.0022376459802432797,0.7442521312322398,0.8499049437636395,0.8505434782608695,0.8492664092664093,0.007007745341898548,0.9183370452858204,0.9394777646463641,0.9450488454706927,0.9339066838220356,0.018386154919555153,0.968874775992706
semseg-spunet-pheno4d-maize,4,Maize02,M02_0315_a,1441265,0.7505932256731442,0.8837527824416443,0.6174336689046441,0.9640191082139649,0.7073918007470665,0.7081589958158996,0.7066246056782335,0.0022591265312069606,0.8286240786240786,0.8423474760620406,0.8480670451473371,0.8366279069767442,0.004563352332846492,0.9145507070092748,0.9402394941543897,0.9481979905982119,0.9322809977105675,0.01289561600399649,0.9697621865920585,0.9725631461498377,0.9774269992368558,0.9676992930628197,0.028956506957429757,0.9865337614415105,0.6502343503466443,0.5938440950150552,0.7066246056782335,0.003917392013266124,0.7849805171803046,0.799429565828665,0.7622312246805859,0.8366279069767442,0.00971507668610561,0.8910155692043994,0.926743586581829,0.9212061754530904,0.9322809977105675,0.03474309027139353,0.9695251028477853,0.9657716481425551,0.9638440032222907,0.9676992930628197,0.08916750215956122,0.9881258073050407,0.7073918007470665,0.7081589958158996,0.7066246056782335,0.0022591265312069606,0.8286240786240786,0.8423474760620406,0.8480670451473371,0.8366279069767442,0.004563352332846492,0.9145507070092748,0.9402394941543897,0.9481979905982119,0.9322809977105675,0.01289561600399649,0.9697621865920585,0.9725631461498377,0.9774269992368558,0.9676992930628197,0.028956506957429757,0.9865337614415105,0.6962482402794696,0.6913716814159292,0.7011247991430102,0.002162683475974231,0.8209817131857555,0.8400880434269041,0.844407530454042,0.8357685563997662,0.004490499665224646,0.9131644004944376,0.9399180277839885,0.9475550578574095,0.9322809977105675,0.012803335958342151,0.9695442475478242,0.9725052783440864,0.9773112636253533,0.9676992930628197,0.02886838992135381,0.9864926574855193,0.7233897582533102,0.7265206812652069,0.7202588352414137,0.002429809923921,0.8395202741290692,0.8503690610773882,0.8599900348779272,0.840748087276849,0.004843661644458167,0.9194957742443776,0.9407169300508034,0.9488765578095152,0.9325573022920917,0.013019118621488761,0.970049030057557,0.9725927951264308,0.9774269992368558,0.9677585910160059,0.028978709675181177,0.9865440789158646
semseg-spunet-pheno4d-maize,4,Maize02,M02_0317_a,861631,0.9309248338049216,0.9545017090897023,0.907347958520141,0.9840755497422911,0.7996378685980341,0.7992757371960683,0.8,0.004044654846448189,0.8886657101865136,0.8849356895044143,0.8959044368600683,0.8739669421487604,0.00819724452811006,0.9395441030723488,0.9552290231827639,0.9665632273079907,0.9438948190575371,0.023375435656330844,0.9786008639094385,0.9770965068802469,0.9848713538558742,0.9693216599046195,0.04886894738002695,0.9897641722278956,0.7816682832201747,0.7633365664403492,0.8,0.0048501040468599665,0.8832256520698731,0.8737600598492219,0.8735531775496833,0.8739669421487604,0.011103360951497799,0.9394794606459705,0.9538329591376611,0.9637710992177851,0.9438948190575371,0.04134832660384782,0.9827097426109411,0.9766894028598101,0.9840571458150008,0.9693216599046195,0.09852593511607637,0.9927438069098747,0.7996378685980341,0.7992757371960683,0.8,0.004044654846448189,0.8886657101865136,0.8849356895044143,0.8959044368600683,0.8739669421487604,0.00819724452811006,0.9395441030723488,0.9552290231827639,0.9665632273079907,0.9438948190575371,0.023375435656330844,0.9786008639094385,0.9770965068802469,0.9848713538558742,0.9693216599046195,0.04886894738002695,0.9897641722278956,0.7901453024153304,0.793233082706767,0.7870575221238938,0.0038125369212574757,0.882800608828006,0.8813810624847642,0.8934630738522954,0.8692990511172329,0.007947717758530044,0.9376460280373832,0.9545333739149376,0.9658370323398858,0.9432297154899895,0.022952981032483742,0.9782070081407696,0.9769360016908935,0.9846951457689713,0.9691768576128156,0.048411675067401246,0.9896674897513964,0.8087590480015452,0.8102288021534321,0.8072892938496583,0.004643519093440232,0.8942764308922769,0.8929139623789786,0.9041370106761566,0.8816909140818007,0.008945824836850113,0.9440840685002595,0.956496278088888,0.9677853352268481,0.945207220950928,0.024156512474597595,0.9792927837032767,0.9775193682362842,0.9852885961019899,0.9697501403705783,0.05003766113336219,0.9900032472050841
semseg-spunet-pheno4d-maize,4,Maize02,M02_0319_a,1133991,0.5946527536967596,0.5287247041708009,0.6605808032227185,0.8697326521991797,0.6275551454935934,0.6371979198531661,0.6179123711340206,0.0045741103765373796,0.7713514555619819,0.7706849448594559,0.8243107489675187,0.7170591407513931,0.011418080037672257,0.8784368242199567,0.894137330107502,0.9399519040953304,0.8483227561196737,0.03282036629920343,0.9550486323821806,0.9524556369233663,0.967099958702877,0.9378113151438555,0.06709047955407053,0.9780099894847529,0.5897438896976539,0.5615754082612873,0.6179123711340206,0.008915414672603221,0.7742828882294758,0.7533261215782378,0.7895931024050824,0.7170591407513931,0.021840561344843124,0.8876731134170469,0.8842787673649679,0.9202347786102621,0.8483227561196737,0.06378004763706238,0.9592262810054476,0.9389172231826833,0.9503658778777555,0.9274685684876112,0.13789527430111878,0.9792226229759804,0.6275551454935934,0.6371979198531661,0.6179123711340206,0.0045741103765373796,0.7713514555619819,0.7706849448594559,0.8243107489675187,0.7170591407513931,0.011418080037672257,0.8784368242199567,0.894137330107502,0.9399519040953304,0.8483227561196737,0.03282036629920343,0.9550486323821806,0.9524556369233663,0.967099958702877,0.9378113151438555,0.06709047955407053,0.9780099894847529,0.6110380073339761,0.6204881402543829,0.6015878744135691,0.004035305394839994,0.7587412587412588,0.7608259159432972,0.8170072821235612,0.7046445497630331,0.010785799887300693,0.8726187556209631,0.8911777027661354,0.9388568087128134,0.8434985968194575,0.032080501520735175,0.954011929959592,0.9519084688212642,0.9666054533115095,0.937211484331019,0.06619981992802412,0.9777141334754229,0.6504070450106275,0.6692053820766692,0.6316087079445858,0.005443605813450019,0.7889194880933096,0.7851955711475626,0.8352237574757682,0.735167384819357,0.012463943717366364,0.8869392953162587,0.8988297075248923,0.9420204470629007,0.8556389679868841,0.03418986570440154,0.9568491914059477,0.9532516137770608,0.9675170860515688,0.9389861415025529,0.06812311561555603,0.9783433224165383
semseg-spunet-pheno4d-maize,4,Maize02,M02_0321_a,1444663,0.941710665720271,0.9604809709829787,0.9229403604575631,0.9798402810897766,0.22138904000051327,0.007318952234206471,0.43545912776682005,0.003172366150444775,0.4377045603316605,0.2686999979370848,0.1458589166325556,0.391541079241614,0.007860656776009353,0.44874955970412117,0.5008784064808014,0.57424080573783,0.42751600722377275,0.029890015872213797,0.6769412473078438,0.6559784646762914,0.7558730201963801,0.5560839091562028,0.06636980389198034,0.8130410295988819,0.3183166038472845,0.20117407992774894,0.43545912776682005,0.005415795933030748,0.5478016359918201,0.3472655562321027,0.3029900332225914,0.391541079241614,0.01233782549978784,0.5880273788150808,0.5288056039169219,0.6300952006100711,0.42751600722377275,0.045672935487376644,0.7721045133521264,0.6487942996543397,0.7638828707610208,0.5337057285476586,0.1045136478195953,0.8628557425473716,0.22138904000051327,0.007318952234206471,0.43545912776682005,0.003172366150444775,0.4377045603316605,0.2686999979370848,0.1458589166325556,0.391541079241614,0.007860656776009353,0.44874955970412117,0.5008784064808014,0.57424080573783,0.42751600722377275,0.029890015872213797,0.6769412473078438,0.6559784646762914,0.7558730201963801,0.5560839091562028,0.06636980389198034,0.8130410295988819,0.2196011673151751,0.0,0.4392023346303502,0.0028470307608071915,0.4390955506929249,0.25615226688660575,0.13077593722755013,0.3815285965456614,0.0073172774550189215,0.434112193737584,0.49112992765759556,0.5627210712481051,0.41953878406708595,0.0288440972046768,0.6677225821934245,0.6517114200208791,0.751074638530676,0.5523482015110821,0.0648296523133769,0.8095604172672625,0.21347504813446427,0.00909090909090909,0.41785918717801945,0.003647909581680987,0.42087286527514234,0.2741715823924512,0.1632903621853898,0.3850528025995126,0.008590930895302227,0.4508903392152123,0.5077159431250713,0.5860851445605302,0.4293467416896125,0.03136510037288973,0.6843661723163842,0.6594485840005267,0.758641039741406,0.5602561282596475,0.0674766364197048,0.815399924087771
semseg-spunet-pheno4d-maize,4,Maize02,M02_0324_a,1311008,0.5113294117514797,0.5142058216360543,0.5084530018669051,0.7036333874392834,0.22565868276167245,0.037399510660608176,0.41391785486273674,0.00366588152017379,0.42696629213483145,0.23096409734769133,0.056419753086419756,0.4055084416089629,0.010154781664185115,0.4258243821828288,0.3171498828191366,0.28240052831434703,0.35189923732392614,0.03853447118553052,0.48354084601832975,0.4367494422481152,0.4936244581651777,0.37987442633105273,0.08693234518782494,0.6134650650615519,0.2249784626284044,0.03603907039407208,0.41391785486273674,0.0039343772120383706,0.4451337727801473,0.23083600072029622,0.056163559831629586,0.4055084416089629,0.010735251043471894,0.4423049594997868,0.32195844337114876,0.29201764941837144,0.35189923732392614,0.04096847616490517,0.5068516105008378,0.44313304667483744,0.506397014726461,0.3798690786232139,0.09552039346823207,0.6449915354393586,0.22565868276167245,0.037399510660608176,0.41391785486273674,0.00366588152017379,0.42696629213483145,0.23096409734769133,0.056419753086419756,0.4055084416089629,0.010154781664185115,0.4258243821828288,0.3171498828191366,0.28240052831434703,0.35189923732392614,0.03853447118553052,0.48354084601832975,0.4367494422481152,0.4936244581651777,0.37987442633105273,0.08693234518782494,0.6134650650615519,0.22150307652484874,0.035589941972920695,0.4074162110767768,0.0032791561912665673,0.4200976971388695,0.22116115548757892,0.051255230125523014,0.3910670808496348,0.009386670409333886,0.4103689257272875,0.3095414432788489,0.27690726945800154,0.3421756170996963,0.03679001196026264,0.47447752529441034,0.43232515164369145,0.4929761974384467,0.3716741058489363,0.08478514242476018,0.6099105745182359,0.2285400891831466,0.040276525398256685,0.4168036529680365,0.004278387317239864,0.4307363166339811,0.24440590502675613,0.06292440018107741,0.42588740987243484,0.011428610656838097,0.4471067209504105,0.3269990835820751,0.2838374659223679,0.3701607012417823,0.04175641948790549,0.4959172862283762,0.44311364082997884,0.4917284718212906,0.39449880983866703,0.0914654983035954,0.6181282940823271
semseg-spunet-pheno4d-maize,4,Maize02,M02_0325_a,1671990,0.5432429678916291,0.596229838208614,0.4902560975746442,0.7269277926303387,0.2664168884985867,0.04744916161255797,0.48538461538461536,0.003189612378064462,0.49821863866491656,0.32310074378491016,0.15078864353312302,0.4954128440366973,0.006960567945980538,0.5368620037807184,0.38440798338942106,0.32548306792587034,0.44333289885297184,0.023280641630631763,0.5611303789338471,0.4078189867199786,0.422446518123532,0.3931914553164253,0.06475816242920113,0.5796444239205726,0.263634716069271,0.041884816753926704,0.48538461538461536,0.00443423704687229,0.5302131103318047,0.32811630749152526,0.16081977094635322,0.4954128440366973,0.009500056818521643,0.5613825232938806,0.4051216349125406,0.3669103709721094,0.44333289885297184,0.029680201436611462,0.622831234256927,0.42330909710114284,0.45342673888586044,0.3931914553164253,0.0801003594519106,0.6479574693676405,0.2664168884985867,0.04744916161255797,0.48538461538461536,0.003189612378064462,0.49821863866491656,0.32310074378491016,0.15078864353312302,0.4954128440366973,0.006960567945980538,0.5368620037807184,0.38440798338942106,0.32548306792587034,0.44333289885297184,0.023280641630631763,0.5611303789338471,0.4078189867199786,0.422446518123532,0.3931914553164253,0.06475816242920113,0.5796444239205726,0.2648166813980694,0.04404945904173107,0.4855839037544078,0.002951572676870077,0.49746707193515705,0.31725989253398607,0.13874873864783047,0.49577104642014164,0.0065748000885172755,0.533612298735559,0.3804749657472831,0.31893037665090496,0.44201955484366134,0.022602407909138214,0.5575401550633748,0.4056872059271296,0.42013535288430554,0.3912390589699536,0.06370731882367718,0.5774798625584409,0.2691038609334197,0.05001603077909587,0.4881916910877435,0.0035628203517963624,0.5015947624643277,0.32996560391120794,0.15327491459973266,0.5066562932226832,0.0075359302388172174,0.547063492063492,0.3839734983523036,0.32267994223607205,0.44526705446853515,0.024306963558394488,0.5611328461405969,0.40847388770136495,0.42101720269259535,0.39593057271013454,0.06620613759651672,0.5802106670521067
